show_id,listed_in_1,listed_in_2,listed_in_3,listed_in_4,listed_in_5,listed_in_6,listed_in_7,listed_in_8
s1,Documentaries,NULL,NULL,NULL,NULL,NULL,NULL,NULL
s2,International TV Shows, TV Dramas, TV Mysteries,NULL,NULL,NULL,NULL,NULL
s3,Crime TV Shows, International TV Shows, TV Action & Adventure,NULL,NULL,NULL,NULL,NULL
s4,Docuseries, Reality TV,NULL,NULL,NULL,NULL,NULL,NULL
s5,International TV Shows, Romantic TV Shows, TV Comedies,NULL,NULL,NULL,NULL,NULL
s6,TV Dramas, TV Horror, TV Mysteries,NULL,NULL,NULL,NULL,NULL
s7,Children & Family Movies,NULL,NULL,NULL,NULL,NULL,NULL,NULL
s8,Dramas, Independent Movies, International Movies,NULL,NULL,NULL,NULL,NULL
s9,British TV Shows, Reality TV,NULL,NULL,NULL,NULL,NULL,NULL
s10,Comedies, Dramas,NULL,NULL,NULL,NULL,NULL,NULL
s11,Crime TV Shows, Docuseries, International TV Shows,NULL,NULL,NULL,NULL,NULL
s12,Crime TV Shows, International TV Shows, TV Action & Adventure,NULL,NULL,NULL,NULL,NULL
s13,Dramas, International Movies,NULL,NULL,NULL,NULL,NULL,NULL
s14,Children & Family Movies, Comedies,NULL,NULL,NULL,NULL,NULL,NULL
s15,British TV Shows, Crime TV Shows, Docuseries,NULL,NULL,NULL,NULL,NULL
s16,TV Comedies, TV Dramas,NULL,NULL,NULL,NULL,NULL,NULL
s17,Documentaries, International Movies,NULL,NULL,NULL,NULL,NULL,NULL
s18,Crime TV Shows, Spanish-Language TV Shows, TV Dramas,NULL,NULL,NULL,NULL,NULL
s19,Thrillers,NULL,NULL,NULL,NULL,NULL,NULL,NULL
s20,International TV Shows, Spanish-Language TV Shows, TV Action & Adventure,NULL,NULL,NULL,NULL,NULL
s21,Crime TV Shows, Docuseries, International TV Shows,NULL,NULL,NULL,NULL,NULL
s22,International TV Shows, TV Action & Adventure, TV Dramas,NULL,NULL,NULL,NULL,NULL
s23,Comedies, International Movies,NULL,NULL,NULL,NULL,NULL,NULL
s24,Children & Family Movies,NULL,NULL,NULL,NULL,NULL,NULL,NULL
s25,Comedies, International Movies, Romantic Movies,NULL,NULL,NULL,NULL,NULL
s26,Docuseries, International TV Shows, Reality TV,NULL,NULL,NULL,NULL,NULL
s27,Comedies, International Movies, Music & Musicals,NULL,NULL,NULL,NULL,NULL
s28,Comedies,NULL,NULL,NULL,NULL,NULL,NULL,NULL
s29,Horror Movies, Sci-Fi & Fantasy,NULL,NULL,NULL,NULL,NULL,NULL
s30,Thrillers,NULL,NULL,NULL,NULL,NULL,NULL,NULL
s31,Dramas, Independent Movies, International Movies,NULL,NULL,NULL,NULL,NULL
s32,TV Comedies,NULL,NULL,NULL,NULL,NULL,NULL,NULL
s33,British TV Shows, International TV Shows, TV Comedies,NULL,NULL,NULL,NULL,NULL
s34,International TV Shows, TV Dramas, TV Thrillers,NULL,NULL,NULL,NULL,NULL
s35,Kids' TV,NULL,NULL,NULL,NULL,NULL,NULL,NULL
s36,Dramas, International Movies, Thrillers,NULL,NULL,NULL,NULL,NULL
s37,Action & Adventure, Dramas, International Movies,NULL,NULL,NULL,NULL,NULL
s38,Kids' TV, TV Comedies,NULL,NULL,NULL,NULL,NULL,NULL
s39,Action & Adventure, Dramas,NULL,NULL,NULL,NULL,NULL,NULL
s40,Kids' TV,NULL,NULL,NULL,NULL,NULL,NULL,NULL
s41,Kids' TV, TV Sci-Fi & Fantasy,NULL,NULL,NULL,NULL,NULL,NULL
s42,Action & Adventure, Classic Movies, Dramas,NULL,NULL,NULL,NULL,NULL
s43,Dramas, Horror Movies, Thrillers,NULL,NULL,NULL,NULL,NULL
s44,Action & Adventure, Horror Movies, Thrillers,NULL,NULL,NULL,NULL,NULL
s45,Action & Adventure, Horror Movies, Thrillers,NULL,NULL,NULL,NULL,NULL
s46,Documentaries,NULL,NULL,NULL,NULL,NULL,NULL,NULL
s47,Action & Adventure,NULL,NULL,NULL,NULL,NULL,NULL,NULL
s48,International TV Shows, Romantic TV Shows, TV Comedies,NULL,NULL,NULL,NULL,NULL
s49,Dramas, Thrillers,NULL,NULL,NULL,NULL,NULL,NULL
s50,International TV Shows, TV Dramas,NULL,NULL,NULL,NULL,NULL,NULL
s51,International TV Shows, TV Dramas, TV Sci-Fi & Fantasy,NULL,NULL,NULL,NULL,NULL
s52,Action & Adventure, Anime Features, International Movies,NULL,NULL,NULL,NULL,NULL
s53,Action & Adventure, Anime Features, International Movies,NULL,NULL,NULL,NULL,NULL
s54,Action & Adventure, Anime Features, International Movies,NULL,NULL,NULL,NULL,NULL
s55,Action & Adventure, Anime Features, International Movies,NULL,NULL,NULL,NULL,NULL
s56,Reality TV,NULL,NULL,NULL,NULL,NULL,NULL,NULL
s57,Action & Adventure, Anime Features, International Movies,NULL,NULL,NULL,NULL,NULL
s58,Action & Adventure, Anime Features, International Movies,NULL,NULL,NULL,NULL,NULL
s59,Action & Adventure, Anime Features, International Movies,NULL,NULL,NULL,NULL,NULL
s60,Action & Adventure, Anime Features, International Movies,NULL,NULL,NULL,NULL,NULL
s61,Action & Adventure, Anime Features, International Movies,NULL,NULL,NULL,NULL,NULL
s62,Action & Adventure, Anime Features, International Movies,NULL,NULL,NULL,NULL,NULL
s63,Action & Adventure, Anime Features, International Movies,NULL,NULL,NULL,NULL,NULL
s64,Action & Adventure, Anime Features, International Movies,NULL,NULL,NULL,NULL,NULL
s65,Children & Family Movies,NULL,NULL,NULL,NULL,NULL,NULL,NULL
s66,Kids' TV,NULL,NULL,NULL,NULL,NULL,NULL,NULL
s67,Docuseries, International TV Shows,NULL,NULL,NULL,NULL,NULL,NULL
s68,Kids' TV, TV Comedies,NULL,NULL,NULL,NULL,NULL,NULL
s69,Documentaries, International Movies, Sports Movies,NULL,NULL,NULL,NULL,NULL
s70,International TV Shows, TV Dramas,NULL,NULL,NULL,NULL,NULL,NULL
s71,International TV Shows, Reality TV, Romantic TV Shows,NULL,NULL,NULL,NULL,NULL
s72,Children & Family Movies,NULL,NULL,NULL,NULL,NULL,NULL,NULL
s73,British TV Shows, Docuseries, International TV Shows,NULL,NULL,NULL,NULL,NULL
s74,Dramas, International Movies,NULL,NULL,NULL,NULL,NULL,NULL
s75,Reality TV,NULL,NULL,NULL,NULL,NULL,NULL,NULL
s76,Children & Family Movies,NULL,NULL,NULL,NULL,NULL,NULL,NULL
s77,Anime Series, International TV Shows,NULL,NULL,NULL,NULL,NULL,NULL
s78,Children & Family Movies, Comedies,NULL,NULL,NULL,NULL,NULL,NULL
s79,Comedies, Dramas, International Movies,NULL,NULL,NULL,NULL,NULL
s80,Comedies, Dramas, International Movies,NULL,NULL,NULL,NULL,NULL
s81,Children & Family Movies,NULL,NULL,NULL,NULL,NULL,NULL,NULL
s82,Action & Adventure,NULL,NULL,NULL,NULL,NULL,NULL,NULL
s83,Crime TV Shows, TV Comedies, TV Dramas,NULL,NULL,NULL,NULL,NULL
s84,Reality TV,NULL,NULL,NULL,NULL,NULL,NULL,NULL
s85,Action & Adventure, Comedies, Dramas,NULL,NULL,NULL,NULL,NULL
s86,Anime Series, Kids' TV,NULL,NULL,NULL,NULL,NULL,NULL
s87,International Movies, Thrillers,NULL,NULL,NULL,NULL,NULL,NULL
s88,Kids' TV, Korean TV Shows,NULL,NULL,NULL,NULL,NULL,NULL
s89,Documentaries, Sports Movies,NULL,NULL,NULL,NULL,NULL,NULL
s90,Kids' TV,NULL,NULL,NULL,NULL,NULL,NULL,NULL
s91,Sci-Fi & Fantasy, Thrillers,NULL,NULL,NULL,NULL,NULL,NULL
s92,Documentaries, International Movies,NULL,NULL,NULL,NULL,NULL,NULL
s93,International TV Shows, TV Dramas, TV Mysteries,NULL,NULL,NULL,NULL,NULL
s94,Dramas, International Movies, Romantic Movies,NULL,NULL,NULL,NULL,NULL
s95,Children & Family Movies, Comedies,NULL,NULL,NULL,NULL,NULL,NULL
s96,Reality TV,NULL,NULL,NULL,NULL,NULL,NULL,NULL
s97,Documentaries, Music & Musicals,NULL,NULL,NULL,NULL,NULL,NULL
s98,Kids' TV, TV Comedies, TV Sci-Fi & Fantasy,NULL,NULL,NULL,NULL,NULL
s99,British TV Shows, Kids' TV,NULL,NULL,NULL,NULL,NULL,NULL
s100,TV Comedies, TV Dramas,NULL,NULL,NULL,NULL,NULL,NULL
s101,Kids' TV,NULL,NULL,NULL,NULL,NULL,NULL,NULL
s102,Documentaries, Sports Movies,NULL,NULL,NULL,NULL,NULL,NULL
s103,Docuseries, Science & Nature TV,NULL,NULL,NULL,NULL,NULL,NULL
s104,Dramas, International Movies, Thrillers,NULL,NULL,NULL,NULL,NULL
s105,Kids' TV, Korean TV Shows,NULL,NULL,NULL,NULL,NULL,NULL
s106,Action & Adventure, Comedies, Dramas,NULL,NULL,NULL,NULL,NULL
s107,Kids' TV, TV Comedies,NULL,NULL,NULL,NULL,NULL,NULL
s108,Children & Family Movies, Dramas,NULL,NULL,NULL,NULL,NULL,NULL
s109,Kids' TV, TV Dramas, Teen TV Shows,NULL,NULL,NULL,NULL,NULL
s110,Crime TV Shows, International TV Shows, Spanish-Language TV Shows,NULL,NULL,NULL,NULL,NULL
s111,Docuseries, International TV Shows, Spanish-Language TV Shows,NULL,NULL,NULL,NULL,NULL
s112,Kids' TV,NULL,NULL,NULL,NULL,NULL,NULL,NULL
s113,Dramas,NULL,NULL,NULL,NULL,NULL,NULL,NULL
s114,Comedies, Romantic Movies,NULL,NULL,NULL,NULL,NULL,NULL
s115,Dramas, International Movies, Thrillers,NULL,NULL,NULL,NULL,NULL
s116,Dramas, Romantic Movies,NULL,NULL,NULL,NULL,NULL,NULL
s117,Comedies, Dramas, Independent Movies,NULL,NULL,NULL,NULL,NULL
s118,Documentaries,NULL,NULL,NULL,NULL,NULL,NULL,NULL
s119,Dramas, International Movies, Thrillers,NULL,NULL,NULL,NULL,NULL
s120,Dramas, International Movies, Romantic Movies,NULL,NULL,NULL,NULL,NULL
s121,Kids' TV, TV Comedies,NULL,NULL,NULL,NULL,NULL,NULL
s122,International TV Shows, Romantic TV Shows, TV Comedies,NULL,NULL,NULL,NULL,NULL
s123,Thrillers,NULL,NULL,NULL,NULL,NULL,NULL,NULL
s124,Kids' TV,NULL,NULL,NULL,NULL,NULL,NULL,NULL
s125,Kids' TV, Korean TV Shows,NULL,NULL,NULL,NULL,NULL,NULL
s126,Crime TV Shows, TV Action & Adventure, TV Comedies,NULL,NULL,NULL,NULL,NULL
s127,Dramas, International Movies, Romantic Movies,NULL,NULL,NULL,NULL,NULL
s128,Children & Family Movies, Comedies,NULL,NULL,NULL,NULL,NULL,NULL
s129,Dramas, International Movies, Thrillers,NULL,NULL,NULL,NULL,NULL
s130,Dramas,NULL,NULL,NULL,NULL,NULL,NULL,NULL
s131,Children & Family Movies, Music & Musicals,NULL,NULL,NULL,NULL,NULL,NULL
s132,Action & Adventure, Classic Movies, Cult Movies,NULL,NULL,NULL,NULL,NULL
s133,International TV Shows, TV Action & Adventure, TV Comedies,NULL,NULL,NULL,NULL,NULL
s134,Action & Adventure, Sci-Fi & Fantasy,NULL,NULL,NULL,NULL,NULL,NULL
s135,Action & Adventure, Dramas,NULL,NULL,NULL,NULL,NULL,NULL
s136,Action & Adventure,NULL,NULL,NULL,NULL,NULL,NULL,NULL
s137,Dramas, Romantic Movies,NULL,NULL,NULL,NULL,NULL,NULL
s138,Action & Adventure, Comedies,NULL,NULL,NULL,NULL,NULL,NULL
s139,Dramas, Romantic Movies,NULL,NULL,NULL,NULL,NULL,NULL
s140,Classic Movies, Comedies, Dramas,NULL,NULL,NULL,NULL,NULL
s141,Dramas, International Movies, Thrillers,NULL,NULL,NULL,NULL,NULL
s142,Action & Adventure,NULL,NULL,NULL,NULL,NULL,NULL,NULL
s143,Dramas,NULL,NULL,NULL,NULL,NULL,NULL,NULL
s144,Action & Adventure, Sci-Fi & Fantasy,NULL,NULL,NULL,NULL,NULL,NULL
s145,Comedies, Cult Movies,NULL,NULL,NULL,NULL,NULL,NULL
s146,Comedies, Cult Movies, Music & Musicals,NULL,NULL,NULL,NULL,NULL
s147,Comedies, Music & Musicals,NULL,NULL,NULL,NULL,NULL,NULL
s148,Reality TV,NULL,NULL,NULL,NULL,NULL,NULL,NULL
s149,TV Shows,NULL,NULL,NULL,NULL,NULL,NULL,NULL
s150,Action & Adventure, Comedies,NULL,NULL,NULL,NULL,NULL,NULL
s151,Thrillers,NULL,NULL,NULL,NULL,NULL,NULL,NULL
s152,Action & Adventure, International Movies,NULL,NULL,NULL,NULL,NULL,NULL
s153,Comedies,NULL,NULL,NULL,NULL,NULL,NULL,NULL
s154,Kids' TV,NULL,NULL,NULL,NULL,NULL,NULL,NULL
s155,Anime Series, International TV Shows, Teen TV Shows,NULL,NULL,NULL,NULL,NULL
s156,Action & Adventure, Children & Family Movies, Cult Movies,NULL,NULL,NULL,NULL,NULL
s157,Comedies, Dramas, Romantic Movies,NULL,NULL,NULL,NULL,NULL
s158,Sci-Fi & Fantasy, Thrillers,NULL,NULL,NULL,NULL,NULL,NULL
s159,Comedies, Romantic Movies,NULL,NULL,NULL,NULL,NULL,NULL
s160,Comedies, Dramas, International Movies,NULL,NULL,NULL,NULL,NULL
s161,TV Comedies,NULL,NULL,NULL,NULL,NULL,NULL,NULL
s162,Comedies, Cult Movies, Sci-Fi & Fantasy,NULL,NULL,NULL,NULL,NULL
s163,Dramas,NULL,NULL,NULL,NULL,NULL,NULL,NULL
s164,Comedies, Romantic Movies,NULL,NULL,NULL,NULL,NULL,NULL
s165,Action & Adventure, Comedies,NULL,NULL,NULL,NULL,NULL,NULL
s166,Crime TV Shows, International TV Shows, Spanish-Language TV Shows,NULL,NULL,NULL,NULL,NULL
s167,Classic Movies, Dramas,NULL,NULL,NULL,NULL,NULL,NULL
s168,Children & Family Movies, Comedies,NULL,NULL,NULL,NULL,NULL,NULL
s169,Action & Adventure, Children & Family Movies, Comedies,NULL,NULL,NULL,NULL,NULL
s170,Action & Adventure, Dramas,NULL,NULL,NULL,NULL,NULL,NULL
s171,Documentaries, Music & Musicals,NULL,NULL,NULL,NULL,NULL,NULL
s172,Dramas, Faith & Spirituality,NULL,NULL,NULL,NULL,NULL,NULL
s173,Comedies, Music & Musicals,NULL,NULL,NULL,NULL,NULL,NULL
s174,Documentaries, LGBTQ Movies,NULL,NULL,NULL,NULL,NULL,NULL
s175,Action & Adventure, Dramas,NULL,NULL,NULL,NULL,NULL,NULL
s176,Dramas, Romantic Movies,NULL,NULL,NULL,NULL,NULL,NULL
s177,Action & Adventure, Comedies,NULL,NULL,NULL,NULL,NULL,NULL
s178,Action & Adventure, Classic Movies,NULL,NULL,NULL,NULL,NULL,NULL
s179,Action & Adventure, Comedies,NULL,NULL,NULL,NULL,NULL,NULL
s180,Comedies, Romantic Movies,NULL,NULL,NULL,NULL,NULL,NULL
s181,Comedies, Romantic Movies,NULL,NULL,NULL,NULL,NULL,NULL
s182,Docuseries,NULL,NULL,NULL,NULL,NULL,NULL,NULL
s183,Comedies,NULL,NULL,NULL,NULL,NULL,NULL,NULL
s184,Action & Adventure, Classic Movies,NULL,NULL,NULL,NULL,NULL,NULL
s185,Reality TV,NULL,NULL,NULL,NULL,NULL,NULL,NULL
s186,Documentaries, Sports Movies,NULL,NULL,NULL,NULL,NULL,NULL
s187,International TV Shows, Romantic TV Shows, TV Comedies,NULL,NULL,NULL,NULL,NULL
s188,International TV Shows, TV Comedies,NULL,NULL,NULL,NULL,NULL,NULL
s189,Comedies, International Movies,NULL,NULL,NULL,NULL,NULL,NULL
s190,Kids' TV, TV Comedies,NULL,NULL,NULL,NULL,NULL,NULL
s191,Dramas, International Movies,NULL,NULL,NULL,NULL,NULL,NULL
s192,Dramas, Independent Movies,NULL,NULL,NULL,NULL,NULL,NULL
s193,Action & Adventure, Comedies, International Movies,NULL,NULL,NULL,NULL,NULL
s194,International TV Shows, TV Dramas,NULL,NULL,NULL,NULL,NULL,NULL
s195,International TV Shows, Spanish-Language TV Shows, TV Dramas,NULL,NULL,NULL,NULL,NULL
s196,Comedies, Dramas, International Movies,NULL,NULL,NULL,NULL,NULL
s197,Comedies, Romantic Movies,NULL,NULL,NULL,NULL,NULL,NULL
s198,Kids' TV, TV Comedies,NULL,NULL,NULL,NULL,NULL,NULL
s199,Crime TV Shows, International TV Shows, TV Dramas,NULL,NULL,NULL,NULL,NULL
s200,Comedies, Dramas, International Movies,NULL,NULL,NULL,NULL,NULL
s201,Action & Adventure, Horror Movies, International Movies,NULL,NULL,NULL,NULL,NULL
s202,Dramas, International Movies, Thrillers,NULL,NULL,NULL,NULL,NULL
s203,Comedies, International Movies, Music & Musicals,NULL,NULL,NULL,NULL,NULL
s204,Comedies, International Movies,NULL,NULL,NULL,NULL,NULL,NULL
s205,Comedies, International Movies,NULL,NULL,NULL,NULL,NULL,NULL
s206,Comedies, International Movies, Sci-Fi & Fantasy,NULL,NULL,NULL,NULL,NULL
s207,Dramas, Independent Movies, International Movies,NULL,NULL,NULL,NULL,NULL
s208,Action & Adventure, International Movies, Music & Musicals,NULL,NULL,NULL,NULL,NULL
s209,Dramas, International Movies, Music & Musicals,NULL,NULL,NULL,NULL,NULL
s210,Dramas, International Movies, Music & Musicals,NULL,NULL,NULL,NULL,NULL
s211,Horror Movies, International Movies,NULL,NULL,NULL,NULL,NULL,NULL
s212,Horror Movies, International Movies,NULL,NULL,NULL,NULL,NULL,NULL
s213,International TV Shows, TV Dramas,NULL,NULL,NULL,NULL,NULL,NULL
s214,Docuseries, International TV Shows,NULL,NULL,NULL,NULL,NULL,NULL
s215,Action & Adventure, International Movies,NULL,NULL,NULL,NULL,NULL,NULL
s216,Action & Adventure, Dramas, International Movies,NULL,NULL,NULL,NULL,NULL
s217,Comedies, Dramas, Independent Movies,NULL,NULL,NULL,NULL,NULL
s218,Comedies, Dramas, International Movies,NULL,NULL,NULL,NULL,NULL
s219,Reality TV, Teen TV Shows,NULL,NULL,NULL,NULL,NULL,NULL
s220,Anime Series, International TV Shows,NULL,NULL,NULL,NULL,NULL,NULL
s221,Kids' TV, TV Comedies,NULL,NULL,NULL,NULL,NULL,NULL
s222,Documentaries,NULL,NULL,NULL,NULL,NULL,NULL,NULL
s223,Crime TV Shows, TV Dramas, TV Mysteries,NULL,NULL,NULL,NULL,NULL
s224,Crime TV Shows, Docuseries, International TV Shows,NULL,NULL,NULL,NULL,NULL
s225,International TV Shows, Reality TV,NULL,NULL,NULL,NULL,NULL,NULL
s226,International TV Shows, TV Dramas, TV Mysteries,NULL,NULL,NULL,NULL,NULL
s227,International TV Shows, TV Comedies, TV Dramas,NULL,NULL,NULL,NULL,NULL
s228,Dramas, Independent Movies, Romantic Movies,NULL,NULL,NULL,NULL,NULL
s229,Action & Adventure,NULL,NULL,NULL,NULL,NULL,NULL,NULL
s230,Horror Movies,NULL,NULL,NULL,NULL,NULL,NULL,NULL
s231,Documentaries, Sports Movies,NULL,NULL,NULL,NULL,NULL,NULL
s232,Children & Family Movies, Dramas,NULL,NULL,NULL,NULL,NULL,NULL
s233,Reality TV,NULL,NULL,NULL,NULL,NULL,NULL,NULL
s234,Documentaries, Music & Musicals,NULL,NULL,NULL,NULL,NULL,NULL
s235,Kids' TV, TV Comedies,NULL,NULL,NULL,NULL,NULL,NULL
s236,Documentaries, LGBTQ Movies, Sports Movies,NULL,NULL,NULL,NULL,NULL
s237,Horror Movies, International Movies, Thrillers,NULL,NULL,NULL,NULL,NULL
s238,Horror Movies, International Movies, Thrillers,NULL,NULL,NULL,NULL,NULL
s239,Horror Movies, International Movies, Thrillers,NULL,NULL,NULL,NULL,NULL
s240,Horror Movies, International Movies, Thrillers,NULL,NULL,NULL,NULL,NULL
s241,Action & Adventure, Anime Features,NULL,NULL,NULL,NULL,NULL,NULL
s242,TV Dramas, TV Mysteries, TV Sci-Fi & Fantasy,NULL,NULL,NULL,NULL,NULL
s243,International TV Shows, TV Comedies,NULL,NULL,NULL,NULL,NULL,NULL
s244,International TV Shows, Spanish-Language TV Shows, TV Comedies,NULL,NULL,NULL,NULL,NULL
s245,Dramas, International Movies, Thrillers,NULL,NULL,NULL,NULL,NULL
s246,Docuseries, International TV Shows,NULL,NULL,NULL,NULL,NULL,NULL
s247,Dramas, International Movies, Romantic Movies,NULL,NULL,NULL,NULL,NULL
s248,Action & Adventure, Dramas,NULL,NULL,NULL,NULL,NULL,NULL
s249,TV Comedies, TV Dramas,NULL,NULL,NULL,NULL,NULL,NULL
s250,Children & Family Movies, Comedies, Music & Musicals,NULL,NULL,NULL,NULL,NULL
s251,Dramas, International Movies, Romantic Movies,NULL,NULL,NULL,NULL,NULL
s252,Dramas, Independent Movies, Romantic Movies,NULL,NULL,NULL,NULL,NULL
s253,International Movies, Thrillers,NULL,NULL,NULL,NULL,NULL,NULL
s254,Dramas, International Movies, Romantic Movies,NULL,NULL,NULL,NULL,NULL
s255,Kids' TV,NULL,NULL,NULL,NULL,NULL,NULL,NULL
s256,Documentaries, International Movies,NULL,NULL,NULL,NULL,NULL,NULL
s257,Dramas, International Movies,NULL,NULL,NULL,NULL,NULL,NULL
s258,Dramas, International Movies, Romantic Movies,NULL,NULL,NULL,NULL,NULL
s259,Comedies, Dramas, International Movies,NULL,NULL,NULL,NULL,NULL
s260,Comedies, Dramas, International Movies,NULL,NULL,NULL,NULL,NULL
s261,Crime TV Shows, International TV Shows, TV Dramas,NULL,NULL,NULL,NULL,NULL
s262,Comedies, International Movies, Romantic Movies,NULL,NULL,NULL,NULL,NULL
s263,Documentaries, LGBTQ Movies, Sports Movies,NULL,NULL,NULL,NULL,NULL
s264,Kids' TV,NULL,NULL,NULL,NULL,NULL,NULL,NULL
s265,Comedies, Independent Movies,NULL,NULL,NULL,NULL,NULL,NULL
s266,Anime Series, International TV Shows, Romantic TV Shows,NULL,NULL,NULL,NULL,NULL
s267,Docuseries, International TV Shows,NULL,NULL,NULL,NULL,NULL,NULL
s268,Classic Movies, Dramas, Independent Movies,NULL,NULL,NULL,NULL,NULL
s269,Dramas, International Movies,NULL,NULL,NULL,NULL,NULL,NULL
s270,Kids' TV,NULL,NULL,NULL,NULL,NULL,NULL,NULL
s271,Action & Adventure,NULL,NULL,NULL,NULL,NULL,NULL,NULL
s272,TV Dramas, TV Horror, TV Mysteries,NULL,NULL,NULL,NULL,NULL
s273,Kids' TV,NULL,NULL,NULL,NULL,NULL,NULL,NULL
s274,Crime TV Shows, International TV Shows, TV Dramas,NULL,NULL,NULL,NULL,NULL
s275,TV Comedies, TV Dramas,NULL,NULL,NULL,NULL,NULL,NULL
s276,Crime TV Shows, International TV Shows, Spanish-Language TV Shows,NULL,NULL,NULL,NULL,NULL
s277,International TV Shows, Romantic TV Shows, Spanish-Language TV Shows,NULL,NULL,NULL,NULL,NULL
s278,International TV Shows, TV Dramas, Teen TV Shows,NULL,NULL,NULL,NULL,NULL
s279,Stand-Up Comedy,NULL,NULL,NULL,NULL,NULL,NULL,NULL
s280,Action & Adventure, Anime Features, Children & Family Movies,NULL,NULL,NULL,NULL,NULL
s281,Reality TV,NULL,NULL,NULL,NULL,NULL,NULL,NULL
s282,Comedies, International Movies,NULL,NULL,NULL,NULL,NULL,NULL
s283,Dramas, Independent Movies, International Movies,NULL,NULL,NULL,NULL,NULL
s284,Documentaries, International Movies,NULL,NULL,NULL,NULL,NULL,NULL
s285,Comedies, Romantic Movies,NULL,NULL,NULL,NULL,NULL,NULL
s286,Dramas, International Movies,NULL,NULL,NULL,NULL,NULL,NULL
s287,Kids' TV,NULL,NULL,NULL,NULL,NULL,NULL,NULL
s288,International TV Shows, Romantic TV Shows, TV Comedies,NULL,NULL,NULL,NULL,NULL
s289,Crime TV Shows, International TV Shows, Spanish-Language TV Shows,NULL,NULL,NULL,NULL,NULL
s290,International TV Shows, Romantic TV Shows, TV Dramas,NULL,NULL,NULL,NULL,NULL
s291,Documentaries, Sports Movies,NULL,NULL,NULL,NULL,NULL,NULL
s292,Anime Series, International TV Shows,NULL,NULL,NULL,NULL,NULL,NULL
s293,Comedies, Dramas, Independent Movies,NULL,NULL,NULL,NULL,NULL
s294,Comedies, International Movies, Romantic Movies,NULL,NULL,NULL,NULL,NULL
s295,International Movies, Music & Musicals,NULL,NULL,NULL,NULL,NULL,NULL
s296,Action & Adventure, Comedies,NULL,NULL,NULL,NULL,NULL,NULL
s297,TV Action & Adventure, TV Dramas, TV Mysteries,NULL,NULL,NULL,NULL,NULL
s298,TV Shows,NULL,NULL,NULL,NULL,NULL,NULL,NULL
s299,Comedies, Dramas, International Movies,NULL,NULL,NULL,NULL,NULL
s300,Horror Movies, Independent Movies, International Movies,NULL,NULL,NULL,NULL,NULL
s301,Children & Family Movies, Music & Musicals,NULL,NULL,NULL,NULL,NULL,NULL
s302,Action & Adventure, Comedies, International Movies,NULL,NULL,NULL,NULL,NULL
s303,Documentaries, International Movies,NULL,NULL,NULL,NULL,NULL,NULL
s304,Comedies, Cult Movies, International Movies,NULL,NULL,NULL,NULL,NULL
s305,Documentaries,NULL,NULL,NULL,NULL,NULL,NULL,NULL
s306,Classic Movies, Dramas, International Movies,NULL,NULL,NULL,NULL,NULL
s307,Dramas, International Movies,NULL,NULL,NULL,NULL,NULL,NULL
s308,Horror Movies,NULL,NULL,NULL,NULL,NULL,NULL,NULL
s309,Movies,NULL,NULL,NULL,NULL,NULL,NULL,NULL
s310,Reality TV,NULL,NULL,NULL,NULL,NULL,NULL,NULL
s311,Crime TV Shows, Docuseries,NULL,NULL,NULL,NULL,NULL,NULL
s312,International TV Shows, Spanish-Language TV Shows, TV Dramas,NULL,NULL,NULL,NULL,NULL
s313,Reality TV,NULL,NULL,NULL,NULL,NULL,NULL,NULL
s314,International TV Shows, Romantic TV Shows, TV Dramas,NULL,NULL,NULL,NULL,NULL
s315,Dramas, Independent Movies, Romantic Movies,NULL,NULL,NULL,NULL,NULL
s316,Dramas, International Movies,NULL,NULL,NULL,NULL,NULL,NULL
s317,International TV Shows, Romantic TV Shows, TV Comedies,NULL,NULL,NULL,NULL,NULL
s318,Documentaries, LGBTQ Movies,NULL,NULL,NULL,NULL,NULL,NULL
s319,Documentaries, International Movies,NULL,NULL,NULL,NULL,NULL,NULL
s320,International TV Shows, Romantic TV Shows, TV Comedies,NULL,NULL,NULL,NULL,NULL
s321,Docuseries,NULL,NULL,NULL,NULL,NULL,NULL,NULL
s322,International TV Shows, Romantic TV Shows, TV Comedies,NULL,NULL,NULL,NULL,NULL
s323,International TV Shows, Romantic TV Shows, TV Comedies,NULL,NULL,NULL,NULL,NULL
s324,TV Comedies,NULL,NULL,NULL,NULL,NULL,NULL,NULL
s325,Kids' TV,NULL,NULL,NULL,NULL,NULL,NULL,NULL
s326,Children & Family Movies, Comedies,NULL,NULL,NULL,NULL,NULL,NULL
s327,Children & Family Movies, Comedies,NULL,NULL,NULL,NULL,NULL,NULL
s328,Action & Adventure, Sci-Fi & Fantasy,NULL,NULL,NULL,NULL,NULL,NULL
s329,Action & Adventure,NULL,NULL,NULL,NULL,NULL,NULL,NULL
s330,Dramas,NULL,NULL,NULL,NULL,NULL,NULL,NULL
s331,Children & Family Movies, Comedies, Sci-Fi & Fantasy,NULL,NULL,NULL,NULL,NULL
s332,Anime Series, International TV Shows, TV Thrillers,NULL,NULL,NULL,NULL,NULL
s333,Action & Adventure, Horror Movies, Sci-Fi & Fantasy,NULL,NULL,NULL,NULL,NULL
s334,Classic Movies, Comedies, Cult Movies,NULL,NULL,NULL,NULL,NULL
s335,Dramas, Romantic Movies,NULL,NULL,NULL,NULL,NULL,NULL
s336,Dramas, Thrillers,NULL,NULL,NULL,NULL,NULL,NULL
s337,TV Dramas, Teen TV Shows,NULL,NULL,NULL,NULL,NULL,NULL
s338,Comedies, Romantic Movies,NULL,NULL,NULL,NULL,NULL,NULL
s339,Anime Series, International TV Shows,NULL,NULL,NULL,NULL,NULL,NULL
s340,Dramas, Independent Movies, International Movies,NULL,NULL,NULL,NULL,NULL
s341,Action & Adventure, Sci-Fi & Fantasy, Thrillers,NULL,NULL,NULL,NULL,NULL
s342,Dramas, Independent Movies,NULL,NULL,NULL,NULL,NULL,NULL
s343,Comedies,NULL,NULL,NULL,NULL,NULL,NULL,NULL
s344,Dramas,NULL,NULL,NULL,NULL,NULL,NULL,NULL
s345,Children & Family Movies, Comedies, Dramas,NULL,NULL,NULL,NULL,NULL
s346,Children & Family Movies, Comedies,NULL,NULL,NULL,NULL,NULL,NULL
s347,Action & Adventure, Comedies,NULL,NULL,NULL,NULL,NULL,NULL
s348,Children & Family Movies, Comedies, Sci-Fi & Fantasy,NULL,NULL,NULL,NULL,NULL
s349,Comedies,NULL,NULL,NULL,NULL,NULL,NULL,NULL
s350,Dramas, Sports Movies,NULL,NULL,NULL,NULL,NULL,NULL
s351,Action & Adventure, Dramas, Sci-Fi & Fantasy,NULL,NULL,NULL,NULL,NULL
s352,Action & Adventure, Comedies, Cult Movies,NULL,NULL,NULL,NULL,NULL
s353,Comedies, Dramas,NULL,NULL,NULL,NULL,NULL,NULL
s354,Horror Movies,NULL,NULL,NULL,NULL,NULL,NULL,NULL
s355,Action & Adventure, Comedies,NULL,NULL,NULL,NULL,NULL,NULL
s356,Dramas, Thrillers,NULL,NULL,NULL,NULL,NULL,NULL
s357,Action & Adventure,NULL,NULL,NULL,NULL,NULL,NULL,NULL
s358,Dramas, Independent Movies, Thrillers,NULL,NULL,NULL,NULL,NULL
s359,Thrillers,NULL,NULL,NULL,NULL,NULL,NULL,NULL
s360,Stand-Up Comedy,NULL,NULL,NULL,NULL,NULL,NULL,NULL
s361,Comedies, Romantic Movies,NULL,NULL,NULL,NULL,NULL,NULL
s362,TV Dramas, TV Sci-Fi & Fantasy,NULL,NULL,NULL,NULL,NULL,NULL
s363,Dramas, International Movies,NULL,NULL,NULL,NULL,NULL,NULL
s364,Action & Adventure, International Movies, Thrillers,NULL,NULL,NULL,NULL,NULL
s365,Kids' TV, TV Comedies,NULL,NULL,NULL,NULL,NULL,NULL
s366,Dramas, Independent Movies, International Movies,NULL,NULL,NULL,NULL,NULL
s367,British TV Shows, International TV Shows, Reality TV,NULL,NULL,NULL,NULL,NULL
s368,Documentaries, International Movies,NULL,NULL,NULL,NULL,NULL,NULL
s369,International TV Shows, Reality TV,NULL,NULL,NULL,NULL,NULL,NULL
s370,British TV Shows, Crime TV Shows, Docuseries,NULL,NULL,NULL,NULL,NULL
s371,TV Action & Adventure, TV Dramas, Teen TV Shows,NULL,NULL,NULL,NULL,NULL
s372,Dramas, Independent Movies, International Movies,NULL,NULL,NULL,NULL,NULL
s373,Action & Adventure, International Movies,NULL,NULL,NULL,NULL,NULL,NULL
s374,Action & Adventure, Comedies, International Movies,NULL,NULL,NULL,NULL,NULL
s375,Comedies, International Movies, Romantic Movies,NULL,NULL,NULL,NULL,NULL
s376,Comedies, Romantic Movies,NULL,NULL,NULL,NULL,NULL,NULL
s377,Anime Series,NULL,NULL,NULL,NULL,NULL,NULL,NULL
s378,Action & Adventure, International Movies,NULL,NULL,NULL,NULL,NULL,NULL
s379,Documentaries,NULL,NULL,NULL,NULL,NULL,NULL,NULL
s380,Reality TV,NULL,NULL,NULL,NULL,NULL,NULL,NULL
s381,Crime TV Shows, TV Action & Adventure, TV Sci-Fi & Fantasy,NULL,NULL,NULL,NULL,NULL
s382,Crime TV Shows, International TV Shows, Spanish-Language TV Shows,NULL,NULL,NULL,NULL,NULL
s383,TV Dramas, Teen TV Shows,NULL,NULL,NULL,NULL,NULL,NULL
s384,Action & Adventure, International Movies,NULL,NULL,NULL,NULL,NULL,NULL
s385,Thrillers,NULL,NULL,NULL,NULL,NULL,NULL,NULL
s386,Crime TV Shows, International TV Shows, TV Comedies,NULL,NULL,NULL,NULL,NULL
s387,Kids' TV,NULL,NULL,NULL,NULL,NULL,NULL,NULL
s388,Comedies, Dramas, International Movies,NULL,NULL,NULL,NULL,NULL
s389,Stand-Up Comedy & Talk Shows, TV Comedies,NULL,NULL,NULL,NULL,NULL,NULL
s390,Dramas, International Movies, Thrillers,NULL,NULL,NULL,NULL,NULL
s391,Classic & Cult TV, TV Action & Adventure, TV Dramas,NULL,NULL,NULL,NULL,NULL
s392,International TV Shows, TV Action & Adventure, TV Dramas,NULL,NULL,NULL,NULL,NULL
s393,Action & Adventure, Dramas,NULL,NULL,NULL,NULL,NULL,NULL
s394,Children & Family Movies, Sports Movies,NULL,NULL,NULL,NULL,NULL,NULL
s395,Dramas, Independent Movies, International Movies,NULL,NULL,NULL,NULL,NULL
s396,Comedies, International Movies,NULL,NULL,NULL,NULL,NULL,NULL
s397,Action & Adventure, Horror Movies, International Movies,NULL,NULL,NULL,NULL,NULL
s398,International TV Shows, Romantic TV Shows, TV Comedies,NULL,NULL,NULL,NULL,NULL
s399,Horror Movies, International Movies, Thrillers,NULL,NULL,NULL,NULL,NULL
s400,TV Action & Adventure, TV Sci-Fi & Fantasy,NULL,NULL,NULL,NULL,NULL,NULL
s401,Anime Series, Stand-Up Comedy & Talk Shows,NULL,NULL,NULL,NULL,NULL,NULL
s402,International TV Shows, Spanish-Language TV Shows, TV Action & Adventure,NULL,NULL,NULL,NULL,NULL
s403,Dramas, Romantic Movies,NULL,NULL,NULL,NULL,NULL,NULL
s404,Docuseries,NULL,NULL,NULL,NULL,NULL,NULL,NULL
s405,Documentaries,NULL,NULL,NULL,NULL,NULL,NULL,NULL
s406,Children & Family Movies,NULL,NULL,NULL,NULL,NULL,NULL,NULL
s407,Children & Family Movies,NULL,NULL,NULL,NULL,NULL,NULL,NULL
s408,Children & Family Movies,NULL,NULL,NULL,NULL,NULL,NULL,NULL
s409,Children & Family Movies,NULL,NULL,NULL,NULL,NULL,NULL,NULL
s410,Children & Family Movies,NULL,NULL,NULL,NULL,NULL,NULL,NULL
s411,Children & Family Movies,NULL,NULL,NULL,NULL,NULL,NULL,NULL
s412,Children & Family Movies,NULL,NULL,NULL,NULL,NULL,NULL,NULL
s413,Children & Family Movies,NULL,NULL,NULL,NULL,NULL,NULL,NULL
s414,Children & Family Movies,NULL,NULL,NULL,NULL,NULL,NULL,NULL
s415,Children & Family Movies,NULL,NULL,NULL,NULL,NULL,NULL,NULL
s416,Children & Family Movies,NULL,NULL,NULL,NULL,NULL,NULL,NULL
s417,Children & Family Movies,NULL,NULL,NULL,NULL,NULL,NULL,NULL
s418,Children & Family Movies,NULL,NULL,NULL,NULL,NULL,NULL,NULL
s419,Children & Family Movies,NULL,NULL,NULL,NULL,NULL,NULL,NULL
s420,Children & Family Movies, Sports Movies,NULL,NULL,NULL,NULL,NULL,NULL
s421,Children & Family Movies,NULL,NULL,NULL,NULL,NULL,NULL,NULL
s422,Children & Family Movies,NULL,NULL,NULL,NULL,NULL,NULL,NULL
s423,Children & Family Movies,NULL,NULL,NULL,NULL,NULL,NULL,NULL
s424,Children & Family Movies,NULL,NULL,NULL,NULL,NULL,NULL,NULL
s425,Children & Family Movies,NULL,NULL,NULL,NULL,NULL,NULL,NULL
s426,TV Dramas,NULL,NULL,NULL,NULL,NULL,NULL,NULL
s427,Dramas,NULL,NULL,NULL,NULL,NULL,NULL,NULL
s428,Comedies, International Movies,NULL,NULL,NULL,NULL,NULL,NULL
s429,Anime Features, Children & Family Movies, International Movies,NULL,NULL,NULL,NULL,NULL
s430,Dramas, International Movies, Thrillers,NULL,NULL,NULL,NULL,NULL
s431,British TV Shows, International TV Shows, Reality TV,NULL,NULL,NULL,NULL,NULL
s432,International TV Shows, Reality TV, Romantic TV Shows,NULL,NULL,NULL,NULL,NULL
s433,Children & Family Movies,NULL,NULL,NULL,NULL,NULL,NULL,NULL
s434,Comedies, Dramas, Independent Movies,NULL,NULL,NULL,NULL,NULL
s435,Classic & Cult TV, Crime TV Shows, International TV Shows,NULL,NULL,NULL,NULL,NULL
s436,Crime TV Shows, International TV Shows, Romantic TV Shows,NULL,NULL,NULL,NULL,NULL
s437,Dramas, International Movies, Romantic Movies,NULL,NULL,NULL,NULL,NULL
s438,Action & Adventure,NULL,NULL,NULL,NULL,NULL,NULL,NULL
s439,Dramas, International Movies, Romantic Movies,NULL,NULL,NULL,NULL,NULL
s440,Dramas, International Movies, Thrillers,NULL,NULL,NULL,NULL,NULL
s441,Docuseries, Science & Nature TV,NULL,NULL,NULL,NULL,NULL,NULL
s442,Horror Movies, LGBTQ Movies,NULL,NULL,NULL,NULL,NULL,NULL
s443,Kids' TV, TV Comedies,NULL,NULL,NULL,NULL,NULL,NULL
s444,Comedies, International Movies,NULL,NULL,NULL,NULL,NULL,NULL
s445,Docuseries,NULL,NULL,NULL,NULL,NULL,NULL,NULL
s446,Dramas, Independent Movies, Thrillers,NULL,NULL,NULL,NULL,NULL
s447,Dramas,NULL,NULL,NULL,NULL,NULL,NULL,NULL
s448,Dramas, Romantic Movies,NULL,NULL,NULL,NULL,NULL,NULL
s449,Dramas, Romantic Movies,NULL,NULL,NULL,NULL,NULL,NULL
s450,Dramas, Romantic Movies,NULL,NULL,NULL,NULL,NULL,NULL
s451,Dramas, Romantic Movies,NULL,NULL,NULL,NULL,NULL,NULL
s452,Action & Adventure, Dramas, Romantic Movies,NULL,NULL,NULL,NULL,NULL
s453,Comedies, Dramas, International Movies,NULL,NULL,NULL,NULL,NULL
s454,Anime Series, International TV Shows,NULL,NULL,NULL,NULL,NULL,NULL
s455,Comedies, Cult Movies,NULL,NULL,NULL,NULL,NULL,NULL
s456,Documentaries, International Movies, Music & Musicals,NULL,NULL,NULL,NULL,NULL
s457,International TV Shows, Romantic TV Shows, TV Comedies,NULL,NULL,NULL,NULL,NULL
s458,Documentaries, International Movies, Sports Movies,NULL,NULL,NULL,NULL,NULL
s459,Dramas, International Movies, Romantic Movies,NULL,NULL,NULL,NULL,NULL
s460,TV Comedies, TV Dramas, Teen TV Shows,NULL,NULL,NULL,NULL,NULL
s461,Children & Family Movies, Comedies, Sports Movies,NULL,NULL,NULL,NULL,NULL
s462,Comedies, Dramas, Independent Movies,NULL,NULL,NULL,NULL,NULL
s463,Documentaries,NULL,NULL,NULL,NULL,NULL,NULL,NULL
s464,Horror Movies, International Movies,NULL,NULL,NULL,NULL,NULL,NULL
s465,Action & Adventure, Comedies,NULL,NULL,NULL,NULL,NULL,NULL
s466,Crime TV Shows, Docuseries,NULL,NULL,NULL,NULL,NULL,NULL
s467,Reality TV,NULL,NULL,NULL,NULL,NULL,NULL,NULL
s468,Documentaries, International Movies,NULL,NULL,NULL,NULL,NULL,NULL
s469,Comedies, Dramas, International Movies,NULL,NULL,NULL,NULL,NULL
s470,Dramas, Independent Movies,NULL,NULL,NULL,NULL,NULL,NULL
s471,Movies,NULL,NULL,NULL,NULL,NULL,NULL,NULL
s472,Children & Family Movies, Dramas, International Movies,NULL,NULL,NULL,NULL,NULL
s473,Kids' TV,NULL,NULL,NULL,NULL,NULL,NULL,NULL
s474,Documentaries, Sports Movies,NULL,NULL,NULL,NULL,NULL,NULL
s475,Action & Adventure, Comedies,NULL,NULL,NULL,NULL,NULL,NULL
s476,Stand-Up Comedy,NULL,NULL,NULL,NULL,NULL,NULL,NULL
s477,Comedies, Documentaries, International Movies,NULL,NULL,NULL,NULL,NULL
s478,TV Comedies, TV Dramas, Teen TV Shows,NULL,NULL,NULL,NULL,NULL
s479,International TV Shows, TV Dramas, TV Sci-Fi & Fantasy,NULL,NULL,NULL,NULL,NULL
s480,Horror Movies,NULL,NULL,NULL,NULL,NULL,NULL,NULL
s481,Comedies, Dramas, International Movies,NULL,NULL,NULL,NULL,NULL
s482,Action & Adventure, Dramas, International Movies,NULL,NULL,NULL,NULL,NULL
s483,Docuseries,NULL,NULL,NULL,NULL,NULL,NULL,NULL
s484,Dramas, International Movies, Romantic Movies,NULL,NULL,NULL,NULL,NULL
s485,Stand-Up Comedy,NULL,NULL,NULL,NULL,NULL,NULL,NULL
s486,Thrillers,NULL,NULL,NULL,NULL,NULL,NULL,NULL
s487,Children & Family Movies, Comedies, Sci-Fi & Fantasy,NULL,NULL,NULL,NULL,NULL
s488,International TV Shows, Romantic TV Shows, Spanish-Language TV Shows,NULL,NULL,NULL,NULL,NULL
s489,Romantic TV Shows, TV Dramas,NULL,NULL,NULL,NULL,NULL,NULL
s490,Comedies, International Movies,NULL,NULL,NULL,NULL,NULL,NULL
s491,Crime TV Shows, Docuseries, International TV Shows,NULL,NULL,NULL,NULL,NULL
s492,Comedies, Dramas, Romantic Movies,NULL,NULL,NULL,NULL,NULL
s493,Dramas, Romantic Movies,NULL,NULL,NULL,NULL,NULL,NULL
s494,Anime Series, TV Horror, TV Thrillers,NULL,NULL,NULL,NULL,NULL
s495,Comedies, Music & Musicals,NULL,NULL,NULL,NULL,NULL,NULL
s496,Documentaries, International Movies,NULL,NULL,NULL,NULL,NULL,NULL
s497,Action & Adventure, International Movies,NULL,NULL,NULL,NULL,NULL,NULL
s498,Docuseries,NULL,NULL,NULL,NULL,NULL,NULL,NULL
s499,Dramas, International Movies,NULL,NULL,NULL,NULL,NULL,NULL
s500,Docuseries,NULL,NULL,NULL,NULL,NULL,NULL,NULL
s501,Action & Adventure, International Movies,NULL,NULL,NULL,NULL,NULL,NULL
s502,Dramas, International Movies,NULL,NULL,NULL,NULL,NULL,NULL
s503,Dramas, International Movies, Romantic Movies,NULL,NULL,NULL,NULL,NULL
s504,Crime TV Shows, International TV Shows, TV Dramas,NULL,NULL,NULL,NULL,NULL
s505,International TV Shows, Spanish-Language TV Shows, TV Comedies,NULL,NULL,NULL,NULL,NULL
s506,Dramas, International Movies,NULL,NULL,NULL,NULL,NULL,NULL
s507,International Movies, Romantic Movies,NULL,NULL,NULL,NULL,NULL,NULL
s508,Comedies, International Movies,NULL,NULL,NULL,NULL,NULL,NULL
s509,Dramas, International Movies,NULL,NULL,NULL,NULL,NULL,NULL
s510,Kids' TV,NULL,NULL,NULL,NULL,NULL,NULL,NULL
s511,International TV Shows, TV Dramas, TV Mysteries,NULL,NULL,NULL,NULL,NULL
s512,Stand-Up Comedy & Talk Shows, TV Comedies,NULL,NULL,NULL,NULL,NULL,NULL
s513,Kids' TV,NULL,NULL,NULL,NULL,NULL,NULL,NULL
s514,TV Action & Adventure, TV Dramas, TV Sci-Fi & Fantasy,NULL,NULL,NULL,NULL,NULL
s515,British TV Shows, International TV Shows, TV Comedies,NULL,NULL,NULL,NULL,NULL
s516,British TV Shows, International TV Shows, TV Comedies,NULL,NULL,NULL,NULL,NULL
s517,International TV Shows, TV Dramas, TV Mysteries,NULL,NULL,NULL,NULL,NULL
s518,International TV Shows, Romantic TV Shows, TV Comedies,NULL,NULL,NULL,NULL,NULL
s519,Dramas, International Movies,NULL,NULL,NULL,NULL,NULL,NULL
s520,British TV Shows, Crime TV Shows, Docuseries,NULL,NULL,NULL,NULL,NULL
s521,TV Comedies,NULL,NULL,NULL,NULL,NULL,NULL,NULL
s522,International TV Shows, TV Comedies,NULL,NULL,NULL,NULL,NULL,NULL
s523,Kids' TV, Korean TV Shows, TV Comedies,NULL,NULL,NULL,NULL,NULL
s524,British TV Shows, Crime TV Shows, International TV Shows,NULL,NULL,NULL,NULL,NULL
s525,International TV Shows, TV Dramas,NULL,NULL,NULL,NULL,NULL,NULL
s526,Kids' TV,NULL,NULL,NULL,NULL,NULL,NULL,NULL
s527,TV Comedies, TV Dramas,NULL,NULL,NULL,NULL,NULL,NULL
s528,Kids' TV,NULL,NULL,NULL,NULL,NULL,NULL,NULL
s529,Dramas, International Movies, Romantic Movies,NULL,NULL,NULL,NULL,NULL
s530,Dramas, International Movies,NULL,NULL,NULL,NULL,NULL,NULL
s531,Kids' TV, TV Comedies,NULL,NULL,NULL,NULL,NULL,NULL
s532,Dramas, International Movies,NULL,NULL,NULL,NULL,NULL,NULL
s533,Crime TV Shows, TV Horror, TV Mysteries,NULL,NULL,NULL,NULL,NULL
s534,International TV Shows, TV Dramas,NULL,NULL,NULL,NULL,NULL,NULL
s535,Dramas, International Movies,NULL,NULL,NULL,NULL,NULL,NULL
s536,Kids' TV, TV Comedies,NULL,NULL,NULL,NULL,NULL,NULL
s537,Docuseries, International TV Shows, Science & Nature TV,NULL,NULL,NULL,NULL,NULL
s538,International TV Shows, Reality TV,NULL,NULL,NULL,NULL,NULL,NULL
s539,British TV Shows, International TV Shows, TV Dramas,NULL,NULL,NULL,NULL,NULL
s540,Kids' TV, TV Action & Adventure, TV Sci-Fi & Fantasy,NULL,NULL,NULL,NULL,NULL
s541,British TV Shows, Kids' TV,NULL,NULL,NULL,NULL,NULL,NULL
s542,Comedies, Dramas, International Movies,NULL,NULL,NULL,NULL,NULL
s543,Dramas, International Movies,NULL,NULL,NULL,NULL,NULL,NULL
s544,Crime TV Shows, International TV Shows, TV Action & Adventure,NULL,NULL,NULL,NULL,NULL
s545,International TV Shows, TV Comedies,NULL,NULL,NULL,NULL,NULL,NULL
s546,Kids' TV, Korean TV Shows,NULL,NULL,NULL,NULL,NULL,NULL
s547,International TV Shows, Romantic TV Shows, TV Dramas,NULL,NULL,NULL,NULL,NULL
s548,Kids' TV,NULL,NULL,NULL,NULL,NULL,NULL,NULL
s549,Romantic TV Shows, TV Dramas,NULL,NULL,NULL,NULL,NULL,NULL
s550,International TV Shows, Reality TV,NULL,NULL,NULL,NULL,NULL,NULL
s551,Horror Movies, LGBTQ Movies,NULL,NULL,NULL,NULL,NULL,NULL
s552,International Movies, Romantic Movies, Thrillers,NULL,NULL,NULL,NULL,NULL
s553,Comedies, International Movies,NULL,NULL,NULL,NULL,NULL,NULL
s554,Crime TV Shows, International TV Shows, TV Dramas,NULL,NULL,NULL,NULL,NULL
s555,Dramas, International Movies, Thrillers,NULL,NULL,NULL,NULL,NULL
s556,Action & Adventure, Cult Movies, International Movies,NULL,NULL,NULL,NULL,NULL
s557,Horror Movies, International Movies, Thrillers,NULL,NULL,NULL,NULL,NULL
s558,Horror Movies, Sci-Fi & Fantasy,NULL,NULL,NULL,NULL,NULL,NULL
s559,Action & Adventure,NULL,NULL,NULL,NULL,NULL,NULL,NULL
s560,Action & Adventure,NULL,NULL,NULL,NULL,NULL,NULL,NULL
s561,Documentaries, Sports Movies,NULL,NULL,NULL,NULL,NULL,NULL
s562,Action & Adventure, Comedies,NULL,NULL,NULL,NULL,NULL,NULL
s563,Comedies,NULL,NULL,NULL,NULL,NULL,NULL,NULL
s564,Action & Adventure, Comedies, Sci-Fi & Fantasy,NULL,NULL,NULL,NULL,NULL
s565,Comedies, Dramas, Independent Movies,NULL,NULL,NULL,NULL,NULL
s566,International TV Shows, Kids' TV, TV Mysteries,NULL,NULL,NULL,NULL,NULL
s567,Action & Adventure, Comedies,NULL,NULL,NULL,NULL,NULL,NULL
s568,Action & Adventure, Thrillers,NULL,NULL,NULL,NULL,NULL,NULL
s569,Children & Family Movies, Comedies,NULL,NULL,NULL,NULL,NULL,NULL
s570,Dramas, International Movies, Romantic Movies,NULL,NULL,NULL,NULL,NULL
s571,Action & Adventure, International Movies,NULL,NULL,NULL,NULL,NULL,NULL
s572,International TV Shows, Romantic TV Shows, TV Comedies,NULL,NULL,NULL,NULL,NULL
s573,Comedies, Dramas, International Movies,NULL,NULL,NULL,NULL,NULL
s574,Children & Family Movies, Comedies,NULL,NULL,NULL,NULL,NULL,NULL
s575,Children & Family Movies, Comedies,NULL,NULL,NULL,NULL,NULL,NULL
s576,Comedies, Dramas, Romantic Movies,NULL,NULL,NULL,NULL,NULL
s577,Dramas, Faith & Spirituality, International Movies,NULL,NULL,NULL,NULL,NULL
s578,International TV Shows, TV Comedies,NULL,NULL,NULL,NULL,NULL,NULL
s579,Dramas, Romantic Movies,NULL,NULL,NULL,NULL,NULL,NULL
s580,Action & Adventure, Classic Movies, Comedies,NULL,NULL,NULL,NULL,NULL
s581,Action & Adventure, Anime Features, International Movies,NULL,NULL,NULL,NULL,NULL
s582,Action & Adventure, Sci-Fi & Fantasy,NULL,NULL,NULL,NULL,NULL,NULL
s583,Comedies, Dramas,NULL,NULL,NULL,NULL,NULL,NULL
s584,Comedies, Romantic Movies,NULL,NULL,NULL,NULL,NULL,NULL
s585,Comedies,NULL,NULL,NULL,NULL,NULL,NULL,NULL
s586,Dramas, Romantic Movies,NULL,NULL,NULL,NULL,NULL,NULL
s587,Horror Movies,NULL,NULL,NULL,NULL,NULL,NULL,NULL
s588,International TV Shows, TV Comedies, TV Dramas,NULL,NULL,NULL,NULL,NULL
s589,Kids' TV,NULL,NULL,NULL,NULL,NULL,NULL,NULL
s590,Dramas, International Movies,NULL,NULL,NULL,NULL,NULL,NULL
s591,Anime Series, Kids' TV,NULL,NULL,NULL,NULL,NULL,NULL
s592,Dramas, Romantic Movies,NULL,NULL,NULL,NULL,NULL,NULL
s593,Comedies, Romantic Movies,NULL,NULL,NULL,NULL,NULL,NULL
s594,Children & Family Movies, Comedies,NULL,NULL,NULL,NULL,NULL,NULL
s595,Action & Adventure, Sci-Fi & Fantasy,NULL,NULL,NULL,NULL,NULL,NULL
s596,Children & Family Movies, Comedies,NULL,NULL,NULL,NULL,NULL,NULL
s597,Comedies, Dramas, Independent Movies,NULL,NULL,NULL,NULL,NULL
s598,Action & Adventure, Comedies, Sports Movies,NULL,NULL,NULL,NULL,NULL
s599,Dramas, Thrillers,NULL,NULL,NULL,NULL,NULL,NULL
s600,Dramas,NULL,NULL,NULL,NULL,NULL,NULL,NULL
s601,Thrillers,NULL,NULL,NULL,NULL,NULL,NULL,NULL
s602,Action & Adventure, Children & Family Movies, Classic Movies,NULL,NULL,NULL,NULL,NULL
s603,Action & Adventure, Children & Family Movies, Dramas,NULL,NULL,NULL,NULL,NULL
s604,Children & Family Movies, Dramas,NULL,NULL,NULL,NULL,NULL,NULL
s605,Dramas,NULL,NULL,NULL,NULL,NULL,NULL,NULL
s606,Action & Adventure,NULL,NULL,NULL,NULL,NULL,NULL,NULL
s607,Dramas, International Movies,NULL,NULL,NULL,NULL,NULL,NULL
s608,Horror Movies, Thrillers,NULL,NULL,NULL,NULL,NULL,NULL
s609,Action & Adventure,NULL,NULL,NULL,NULL,NULL,NULL,NULL
s610,Action & Adventure, Romantic Movies,NULL,NULL,NULL,NULL,NULL,NULL
s611,Action & Adventure, Horror Movies, Sci-Fi & Fantasy,NULL,NULL,NULL,NULL,NULL
s612,Action & Adventure, Horror Movies, Sci-Fi & Fantasy,NULL,NULL,NULL,NULL,NULL
s613,Action & Adventure, Horror Movies, Sci-Fi & Fantasy,NULL,NULL,NULL,NULL,NULL
s614,Dramas, International Movies, Thrillers,NULL,NULL,NULL,NULL,NULL
s615,Dramas, Romantic Movies, Sci-Fi & Fantasy,NULL,NULL,NULL,NULL,NULL
s616,Dramas, Music & Musicals, Romantic Movies,NULL,NULL,NULL,NULL,NULL
s617,Dramas,NULL,NULL,NULL,NULL,NULL,NULL,NULL
s618,International TV Shows, Romantic TV Shows, TV Dramas,NULL,NULL,NULL,NULL,NULL
s619,Action & Adventure, Comedies,NULL,NULL,NULL,NULL,NULL,NULL
s620,Dramas, International Movies,NULL,NULL,NULL,NULL,NULL,NULL
s621,Reality TV,NULL,NULL,NULL,NULL,NULL,NULL,NULL
s622,Anime Series, Crime TV Shows, International TV Shows,NULL,NULL,NULL,NULL,NULL
s623,Thrillers,NULL,NULL,NULL,NULL,NULL,NULL,NULL
s624,Comedies, Dramas, International Movies,NULL,NULL,NULL,NULL,NULL
s625,Dramas, International Movies, Thrillers,NULL,NULL,NULL,NULL,NULL
s626,Crime TV Shows, International TV Shows, Spanish-Language TV Shows,NULL,NULL,NULL,NULL,NULL
s627,British TV Shows, Crime TV Shows, Docuseries,NULL,NULL,NULL,NULL,NULL
s628,Anime Series, International TV Shows, Teen TV Shows,NULL,NULL,NULL,NULL,NULL
s629,Kids' TV,NULL,NULL,NULL,NULL,NULL,NULL,NULL
s630,Dramas, International Movies,NULL,NULL,NULL,NULL,NULL,NULL
s631,Dramas,NULL,NULL,NULL,NULL,NULL,NULL,NULL
s632,Anime Series, International TV Shows,NULL,NULL,NULL,NULL,NULL,NULL
s633,Comedies, International Movies,NULL,NULL,NULL,NULL,NULL,NULL
s634,Dramas, Independent Movies, International Movies,NULL,NULL,NULL,NULL,NULL
s635,Documentaries, International Movies,NULL,NULL,NULL,NULL,NULL,NULL
s636,Dramas, International Movies,NULL,NULL,NULL,NULL,NULL,NULL
s637,Action & Adventure,NULL,NULL,NULL,NULL,NULL,NULL,NULL
s638,International TV Shows, TV Dramas, TV Mysteries,NULL,NULL,NULL,NULL,NULL
s639,Romantic TV Shows, TV Dramas,NULL,NULL,NULL,NULL,NULL,NULL
s640,Anime Series, International TV Shows,NULL,NULL,NULL,NULL,NULL,NULL
s641,International TV Shows, TV Dramas,NULL,NULL,NULL,NULL,NULL,NULL
s642,Documentaries, Sports Movies,NULL,NULL,NULL,NULL,NULL,NULL
s643,International TV Shows, TV Dramas,NULL,NULL,NULL,NULL,NULL,NULL
s644,Horror Movies,NULL,NULL,NULL,NULL,NULL,NULL,NULL
s645,Comedies, Romantic Movies,NULL,NULL,NULL,NULL,NULL,NULL
s646,Documentaries, International Movies,NULL,NULL,NULL,NULL,NULL,NULL
s647,Comedies, International Movies, Music & Musicals,NULL,NULL,NULL,NULL,NULL
s648,International TV Shows, Reality TV,NULL,NULL,NULL,NULL,NULL,NULL
s649,Reality TV, Romantic TV Shows,NULL,NULL,NULL,NULL,NULL,NULL
s650,Dramas, International Movies, Romantic Movies,NULL,NULL,NULL,NULL,NULL
s651,Dramas, International Movies,NULL,NULL,NULL,NULL,NULL,NULL
s652,Comedies, Dramas, International Movies,NULL,NULL,NULL,NULL,NULL
s653,Comedies, Dramas, International Movies,NULL,NULL,NULL,NULL,NULL
s654,Docuseries, International TV Shows,NULL,NULL,NULL,NULL,NULL,NULL
s655,Comedies, Dramas, International Movies,NULL,NULL,NULL,NULL,NULL
s656,Comedies, Dramas, International Movies,NULL,NULL,NULL,NULL,NULL
s657,International Movies, Music & Musicals, Romantic Movies,NULL,NULL,NULL,NULL,NULL
s658,Reality TV, TV Action & Adventure, TV Mysteries,NULL,NULL,NULL,NULL,NULL
s659,International TV Shows, Romantic TV Shows, TV Dramas,NULL,NULL,NULL,NULL,NULL
s660,International TV Shows, Romantic TV Shows, TV Dramas,NULL,NULL,NULL,NULL,NULL
s661,TV Action & Adventure, TV Dramas, TV Sci-Fi & Fantasy,NULL,NULL,NULL,NULL,NULL
s662,International TV Shows, TV Comedies, TV Dramas,NULL,NULL,NULL,NULL,NULL
s663,TV Comedies,NULL,NULL,NULL,NULL,NULL,NULL,NULL
s664,International TV Shows, TV Dramas,NULL,NULL,NULL,NULL,NULL,NULL
s665,Kids' TV,NULL,NULL,NULL,NULL,NULL,NULL,NULL
s666,Crime TV Shows, International TV Shows, TV Dramas,NULL,NULL,NULL,NULL,NULL
s667,International TV Shows, Romantic TV Shows, TV Comedies,NULL,NULL,NULL,NULL,NULL
s668,TV Comedies, TV Dramas, Teen TV Shows,NULL,NULL,NULL,NULL,NULL
s669,Crime TV Shows, TV Dramas,NULL,NULL,NULL,NULL,NULL,NULL
s670,Crime TV Shows, International TV Shows, Spanish-Language TV Shows,NULL,NULL,NULL,NULL,NULL
s671,Action & Adventure, Anime Features, International Movies,NULL,NULL,NULL,NULL,NULL
s672,Action & Adventure, Anime Features, International Movies,NULL,NULL,NULL,NULL,NULL
s673,Action & Adventure, Anime Features, International Movies,NULL,NULL,NULL,NULL,NULL
s674,International TV Shows, Reality TV, Spanish-Language TV Shows,NULL,NULL,NULL,NULL,NULL
s675,TV Dramas,NULL,NULL,NULL,NULL,NULL,NULL,NULL
s676,International TV Shows, Reality TV, Romantic TV Shows,NULL,NULL,NULL,NULL,NULL
s677,Crime TV Shows, TV Dramas, TV Mysteries,NULL,NULL,NULL,NULL,NULL
s678,TV Comedies,NULL,NULL,NULL,NULL,NULL,NULL,NULL
s679,Crime TV Shows, TV Dramas, TV Thrillers,NULL,NULL,NULL,NULL,NULL
s680,Crime TV Shows, International TV Shows, TV Dramas,NULL,NULL,NULL,NULL,NULL
s681,Docuseries,NULL,NULL,NULL,NULL,NULL,NULL,NULL
s682,British TV Shows, Docuseries,NULL,NULL,NULL,NULL,NULL,NULL
s683,International TV Shows, TV Comedies,NULL,NULL,NULL,NULL,NULL,NULL
s684,Dramas, International Movies,NULL,NULL,NULL,NULL,NULL,NULL
s685,Crime TV Shows, International TV Shows, Spanish-Language TV Shows,NULL,NULL,NULL,NULL,NULL
s686,Dramas,NULL,NULL,NULL,NULL,NULL,NULL,NULL
s687,International TV Shows, Korean TV Shows, TV Comedies,NULL,NULL,NULL,NULL,NULL
s688,Action & Adventure, Dramas, International Movies,NULL,NULL,NULL,NULL,NULL
s689,Comedies, International Movies, Romantic Movies,NULL,NULL,NULL,NULL,NULL
s690,Action & Adventure, Anime Features, Classic Movies,NULL,NULL,NULL,NULL,NULL
s691,Action & Adventure, International Movies,NULL,NULL,NULL,NULL,NULL,NULL
s692,International TV Shows, TV Comedies,NULL,NULL,NULL,NULL,NULL,NULL
s693,International TV Shows, Romantic TV Shows, TV Dramas,NULL,NULL,NULL,NULL,NULL
s694,Comedies, Dramas, International Movies,NULL,NULL,NULL,NULL,NULL
s695,Comedies, Dramas, Independent Movies,NULL,NULL,NULL,NULL,NULL
s696,Dramas, International Movies,NULL,NULL,NULL,NULL,NULL,NULL
s697,TV Action & Adventure, TV Dramas, TV Horror,NULL,NULL,NULL,NULL,NULL
s698,International TV Shows, Romantic TV Shows, Spanish-Language TV Shows,NULL,NULL,NULL,NULL,NULL
s699,Dramas, Independent Movies, International Movies,NULL,NULL,NULL,NULL,NULL
s700,International TV Shows, TV Dramas, TV Mysteries,NULL,NULL,NULL,NULL,NULL
s701,Anime Series, International TV Shows,NULL,NULL,NULL,NULL,NULL,NULL
s702,Dramas,NULL,NULL,NULL,NULL,NULL,NULL,NULL
s703,Comedies, Dramas, Independent Movies,NULL,NULL,NULL,NULL,NULL
s704,International TV Shows, TV Dramas, TV Mysteries,NULL,NULL,NULL,NULL,NULL
s705,Comedies, Dramas, International Movies,NULL,NULL,NULL,NULL,NULL
s706,Documentaries, International Movies, Sports Movies,NULL,NULL,NULL,NULL,NULL
s707,International TV Shows, Spanish-Language TV Shows, TV Dramas,NULL,NULL,NULL,NULL,NULL
s708,International TV Shows, Romantic TV Shows, TV Comedies,NULL,NULL,NULL,NULL,NULL
s709,Dramas, Independent Movies,NULL,NULL,NULL,NULL,NULL,NULL
s710,International TV Shows, Romantic TV Shows, Spanish-Language TV Shows,NULL,NULL,NULL,NULL,NULL
s711,Docuseries, Science & Nature TV,NULL,NULL,NULL,NULL,NULL,NULL
s712,Dramas, International Movies, Thrillers,NULL,NULL,NULL,NULL,NULL
s713,Action & Adventure, Dramas, International Movies,NULL,NULL,NULL,NULL,NULL
s714,Kids' TV, TV Comedies,NULL,NULL,NULL,NULL,NULL,NULL
s715,Crime TV Shows, International TV Shows, TV Thrillers,NULL,NULL,NULL,NULL,NULL
s716,International TV Shows, Romantic TV Shows, Spanish-Language TV Shows,NULL,NULL,NULL,NULL,NULL
s717,Documentaries,NULL,NULL,NULL,NULL,NULL,NULL,NULL
s718,Documentaries,NULL,NULL,NULL,NULL,NULL,NULL,NULL
s719,Comedies, Independent Movies,NULL,NULL,NULL,NULL,NULL,NULL
s720,Kids' TV,NULL,NULL,NULL,NULL,NULL,NULL,NULL
s721,Kids' TV,NULL,NULL,NULL,NULL,NULL,NULL,NULL
s722,Action & Adventure,NULL,NULL,NULL,NULL,NULL,NULL,NULL
s723,Documentaries,NULL,NULL,NULL,NULL,NULL,NULL,NULL
s724,Reality TV,NULL,NULL,NULL,NULL,NULL,NULL,NULL
s725,Documentaries,NULL,NULL,NULL,NULL,NULL,NULL,NULL
s726,International TV Shows, Spanish-Language TV Shows, TV Dramas,NULL,NULL,NULL,NULL,NULL
s727,TV Shows,NULL,NULL,NULL,NULL,NULL,NULL,NULL
s728,Documentaries,NULL,NULL,NULL,NULL,NULL,NULL,NULL
s729,Horror Movies,NULL,NULL,NULL,NULL,NULL,NULL,NULL
s730,Movies,NULL,NULL,NULL,NULL,NULL,NULL,NULL
s731,Movies,NULL,NULL,NULL,NULL,NULL,NULL,NULL
s732,International TV Shows, TV Dramas,NULL,NULL,NULL,NULL,NULL,NULL
s733,Movies,NULL,NULL,NULL,NULL,NULL,NULL,NULL
s734,Kids' TV,NULL,NULL,NULL,NULL,NULL,NULL,NULL
s735,Crime TV Shows, International TV Shows, TV Action & Adventure,NULL,NULL,NULL,NULL,NULL
s736,Comedies, Dramas, International Movies,NULL,NULL,NULL,NULL,NULL
s737,Children & Family Movies, Dramas, International Movies,NULL,NULL,NULL,NULL,NULL
s738,Anime Series, Crime TV Shows, TV Horror,NULL,NULL,NULL,NULL,NULL
s739,Anime Features, Documentaries,NULL,NULL,NULL,NULL,NULL,NULL
s740,Children & Family Movies, Comedies,NULL,NULL,NULL,NULL,NULL,NULL
s741,Comedies, Horror Movies,NULL,NULL,NULL,NULL,NULL,NULL
s742,Dramas, International Movies,NULL,NULL,NULL,NULL,NULL,NULL
s743,Dramas, International Movies,NULL,NULL,NULL,NULL,NULL,NULL
s744,Dramas, Independent Movies, Romantic Movies,NULL,NULL,NULL,NULL,NULL
s745,International TV Shows, Spanish-Language TV Shows, Stand-Up Comedy & Talk Shows,NULL,NULL,NULL,NULL,NULL
s746,International Movies, Thrillers,NULL,NULL,NULL,NULL,NULL,NULL
s747,Dramas, Thrillers,NULL,NULL,NULL,NULL,NULL,NULL
s748,Comedies, Dramas, International Movies,NULL,NULL,NULL,NULL,NULL
s749,Reality TV,NULL,NULL,NULL,NULL,NULL,NULL,NULL
s750,Crime TV Shows, TV Action & Adventure, TV Comedies,NULL,NULL,NULL,NULL,NULL
s751,Dramas, Independent Movies, International Movies,NULL,NULL,NULL,NULL,NULL
s752,Kids' TV, TV Comedies,NULL,NULL,NULL,NULL,NULL,NULL
s753,Action & Adventure, Comedies, Sci-Fi & Fantasy,NULL,NULL,NULL,NULL,NULL
s754,International TV Shows, Romantic TV Shows, Spanish-Language TV Shows,NULL,NULL,NULL,NULL,NULL
s755,Dramas, Independent Movies,NULL,NULL,NULL,NULL,NULL,NULL
s756,Children & Family Movies, Documentaries, International Movies,NULL,NULL,NULL,NULL,NULL
s757,Dramas, International Movies, Romantic Movies,NULL,NULL,NULL,NULL,NULL
s758,Documentaries,NULL,NULL,NULL,NULL,NULL,NULL,NULL
s759,Romantic TV Shows, TV Comedies, TV Dramas,NULL,NULL,NULL,NULL,NULL
s760,Movies,NULL,NULL,NULL,NULL,NULL,NULL,NULL
s761,Movies,NULL,NULL,NULL,NULL,NULL,NULL,NULL
s762,Docuseries, Science & Nature TV,NULL,NULL,NULL,NULL,NULL,NULL
s763,Comedies, International Movies, Romantic Movies,NULL,NULL,NULL,NULL,NULL
s764,TV Action & Adventure, TV Dramas, TV Sci-Fi & Fantasy,NULL,NULL,NULL,NULL,NULL
s765,Comedies, International Movies, Romantic Movies,NULL,NULL,NULL,NULL,NULL
s766,Action & Adventure, International Movies,NULL,NULL,NULL,NULL,NULL,NULL
s767,Stand-Up Comedy,NULL,NULL,NULL,NULL,NULL,NULL,NULL
s768,International TV Shows, TV Comedies,NULL,NULL,NULL,NULL,NULL,NULL
s769,Comedies, Dramas, International Movies,NULL,NULL,NULL,NULL,NULL
s770,Documentaries, International Movies,NULL,NULL,NULL,NULL,NULL,NULL
s771,Documentaries, International Movies, Music & Musicals,NULL,NULL,NULL,NULL,NULL
s772,TV Shows,NULL,NULL,NULL,NULL,NULL,NULL,NULL
s773,International TV Shows, Romantic TV Shows, TV Dramas,NULL,NULL,NULL,NULL,NULL
s774,Dramas, International Movies, Thrillers,NULL,NULL,NULL,NULL,NULL
s775,Dramas, Faith & Spirituality, Romantic Movies,NULL,NULL,NULL,NULL,NULL
s776,Dramas, Independent Movies, LGBTQ Movies,NULL,NULL,NULL,NULL,NULL
s777,Action & Adventure,NULL,NULL,NULL,NULL,NULL,NULL,NULL
s778,Comedies, Independent Movies, LGBTQ Movies,NULL,NULL,NULL,NULL,NULL
s779,Anime Series, International TV Shows,NULL,NULL,NULL,NULL,NULL,NULL
s780,Action & Adventure, Cult Movies, Sci-Fi & Fantasy,NULL,NULL,NULL,NULL,NULL
s781,Kids' TV,NULL,NULL,NULL,NULL,NULL,NULL,NULL
s782,Documentaries,NULL,NULL,NULL,NULL,NULL,NULL,NULL
s783,Dramas, Romantic Movies,NULL,NULL,NULL,NULL,NULL,NULL
s784,Comedies, International Movies, Music & Musicals,NULL,NULL,NULL,NULL,NULL
s785,Comedies, Dramas, Independent Movies,NULL,NULL,NULL,NULL,NULL
s786,Kids' TV,NULL,NULL,NULL,NULL,NULL,NULL,NULL
s787,Action & Adventure, Dramas,NULL,NULL,NULL,NULL,NULL,NULL
s788,Action & Adventure,NULL,NULL,NULL,NULL,NULL,NULL,NULL
s789,Thrillers,NULL,NULL,NULL,NULL,NULL,NULL,NULL
s790,British TV Shows, International TV Shows, TV Dramas,NULL,NULL,NULL,NULL,NULL
s791,Documentaries,NULL,NULL,NULL,NULL,NULL,NULL,NULL
s792,Action & Adventure, Dramas,NULL,NULL,NULL,NULL,NULL,NULL
s793,Comedies, Dramas, Romantic Movies,NULL,NULL,NULL,NULL,NULL
s794,Comedies, Romantic Movies,NULL,NULL,NULL,NULL,NULL,NULL
s795,Comedies, Dramas, International Movies,NULL,NULL,NULL,NULL,NULL
s796,TV Comedies,NULL,NULL,NULL,NULL,NULL,NULL,NULL
s797,Cult Movies, Horror Movies,NULL,NULL,NULL,NULL,NULL,NULL
s798,Dramas,NULL,NULL,NULL,NULL,NULL,NULL,NULL
s799,Comedies, Dramas, Independent Movies,NULL,NULL,NULL,NULL,NULL
s800,Dramas, Sports Movies,NULL,NULL,NULL,NULL,NULL,NULL
s801,Dramas, Independent Movies, LGBTQ Movies,NULL,NULL,NULL,NULL,NULL
s802,Action & Adventure, Dramas, Sports Movies,NULL,NULL,NULL,NULL,NULL
s803,Action & Adventure,NULL,NULL,NULL,NULL,NULL,NULL,NULL
s804,Anime Series, Romantic TV Shows, Teen TV Shows,NULL,NULL,NULL,NULL,NULL
s805,Horror Movies, Thrillers,NULL,NULL,NULL,NULL,NULL,NULL
s806,International TV Shows, TV Comedies, TV Dramas,NULL,NULL,NULL,NULL,NULL
s807,Action & Adventure, Dramas, International Movies,NULL,NULL,NULL,NULL,NULL
s808,Action & Adventure, Dramas, International Movies,NULL,NULL,NULL,NULL,NULL
s809,Action & Adventure,NULL,NULL,NULL,NULL,NULL,NULL,NULL
s810,Action & Adventure, Comedies,NULL,NULL,NULL,NULL,NULL,NULL
s811,Action & Adventure, Classic Movies, Cult Movies,NULL,NULL,NULL,NULL,NULL
s812,Children & Family Movies,NULL,NULL,NULL,NULL,NULL,NULL,NULL
s813,Action & Adventure,NULL,NULL,NULL,NULL,NULL,NULL,NULL
s814,Kids' TV,NULL,NULL,NULL,NULL,NULL,NULL,NULL
s815,Comedies, Romantic Movies,NULL,NULL,NULL,NULL,NULL,NULL
s816,Dramas, International Movies, LGBTQ Movies,NULL,NULL,NULL,NULL,NULL
s817,Thrillers,NULL,NULL,NULL,NULL,NULL,NULL,NULL
s818,Comedies, Dramas, Independent Movies,NULL,NULL,NULL,NULL,NULL
s819,Comedies, Dramas, Romantic Movies,NULL,NULL,NULL,NULL,NULL
s820,Action & Adventure, Classic Movies,NULL,NULL,NULL,NULL,NULL,NULL
s821,International TV Shows, TV Dramas, TV Mysteries,NULL,NULL,NULL,NULL,NULL
s822,Dramas, Romantic Movies, Thrillers,NULL,NULL,NULL,NULL,NULL
s823,Horror Movies,NULL,NULL,NULL,NULL,NULL,NULL,NULL
s824,Comedies, Dramas, Independent Movies,NULL,NULL,NULL,NULL,NULL
s825,Thrillers,NULL,NULL,NULL,NULL,NULL,NULL,NULL
s826,Crime TV Shows, TV Dramas, TV Mysteries,NULL,NULL,NULL,NULL,NULL
s827,Stand-Up Comedy,NULL,NULL,NULL,NULL,NULL,NULL,NULL
s828,Comedies, International Movies,NULL,NULL,NULL,NULL,NULL,NULL
s829,Dramas,NULL,NULL,NULL,NULL,NULL,NULL,NULL
s830,Children & Family Movies, Comedies,NULL,NULL,NULL,NULL,NULL,NULL
s831,TV Comedies, TV Dramas,NULL,NULL,NULL,NULL,NULL,NULL
s832,Docuseries, International TV Shows, Spanish-Language TV Shows,NULL,NULL,NULL,NULL,NULL
s833,International TV Shows, TV Action & Adventure, TV Dramas,NULL,NULL,NULL,NULL,NULL
s834,Crime TV Shows, International TV Shows, TV Dramas,NULL,NULL,NULL,NULL,NULL
s835,Children & Family Movies, Dramas, Faith & Spirituality,NULL,NULL,NULL,NULL,NULL
s836,Anime Series, International TV Shows,NULL,NULL,NULL,NULL,NULL,NULL
s837,Horror Movies, International Movies, Thrillers,NULL,NULL,NULL,NULL,NULL
s838,International TV Shows, TV Action & Adventure, TV Dramas,NULL,NULL,NULL,NULL,NULL
s839,Stand-Up Comedy,NULL,NULL,NULL,NULL,NULL,NULL,NULL
s840,Dramas, Independent Movies, International Movies,NULL,NULL,NULL,NULL,NULL
s841,Dramas, International Movies, Sports Movies,NULL,NULL,NULL,NULL,NULL
s842,Action & Adventure, Dramas, International Movies,NULL,NULL,NULL,NULL,NULL
s843,Docuseries,NULL,NULL,NULL,NULL,NULL,NULL,NULL
s844,Anime Series, International TV Shows,NULL,NULL,NULL,NULL,NULL,NULL
s845,Documentaries, International Movies,NULL,NULL,NULL,NULL,NULL,NULL
s846,Dramas, International Movies, Thrillers,NULL,NULL,NULL,NULL,NULL
s847,Children & Family Movies, Comedies, Sci-Fi & Fantasy,NULL,NULL,NULL,NULL,NULL
s848,International TV Shows, Romantic TV Shows, TV Comedies,NULL,NULL,NULL,NULL,NULL
s849,TV Comedies, TV Dramas,NULL,NULL,NULL,NULL,NULL,NULL
s850,International Movies, Music & Musicals,NULL,NULL,NULL,NULL,NULL,NULL
s851,Dramas, International Movies, Music & Musicals,NULL,NULL,NULL,NULL,NULL
s852,Dramas, International Movies, Music & Musicals,NULL,NULL,NULL,NULL,NULL
s853,Dramas, International Movies, Music & Musicals,NULL,NULL,NULL,NULL,NULL
s854,Action & Adventure, Horror Movies,NULL,NULL,NULL,NULL,NULL,NULL
s855,Documentaries,NULL,NULL,NULL,NULL,NULL,NULL,NULL
s856,Kids' TV, TV Action & Adventure, TV Sci-Fi & Fantasy,NULL,NULL,NULL,NULL,NULL
s857,Dramas, International Movies,NULL,NULL,NULL,NULL,NULL,NULL
s858,International TV Shows, Spanish-Language TV Shows, TV Comedies,NULL,NULL,NULL,NULL,NULL
s859,Dramas, Independent Movies, International Movies,NULL,NULL,NULL,NULL,NULL
s860,Dramas, International Movies,NULL,NULL,NULL,NULL,NULL,NULL
s861,Documentaries, International Movies, LGBTQ Movies,NULL,NULL,NULL,NULL,NULL
s862,Children & Family Movies, Comedies,NULL,NULL,NULL,NULL,NULL,NULL
s863,TV Comedies,NULL,NULL,NULL,NULL,NULL,NULL,NULL
s864,Children & Family Movies, Comedies,NULL,NULL,NULL,NULL,NULL,NULL
s865,Dramas, International Movies, Thrillers,NULL,NULL,NULL,NULL,NULL
s866,Action & Adventure, Dramas,NULL,NULL,NULL,NULL,NULL,NULL
s867,Thrillers,NULL,NULL,NULL,NULL,NULL,NULL,NULL
s868,Documentaries,NULL,NULL,NULL,NULL,NULL,NULL,NULL
s869,Kids' TV,NULL,NULL,NULL,NULL,NULL,NULL,NULL
s870,Crime TV Shows, International TV Shows, Spanish-Language TV Shows,NULL,NULL,NULL,NULL,NULL
s871,Documentaries,NULL,NULL,NULL,NULL,NULL,NULL,NULL
s872,Comedies, Dramas, International Movies,NULL,NULL,NULL,NULL,NULL
s873,Dramas, Independent Movies, Sci-Fi & Fantasy,NULL,NULL,NULL,NULL,NULL
s874,Dramas, Independent Movies, International Movies,NULL,NULL,NULL,NULL,NULL
s875,Kids' TV,NULL,NULL,NULL,NULL,NULL,NULL,NULL
s876,Dramas, International Movies, Romantic Movies,NULL,NULL,NULL,NULL,NULL
s877,Docuseries, International TV Shows,NULL,NULL,NULL,NULL,NULL,NULL
s878,Comedies, Independent Movies, International Movies,NULL,NULL,NULL,NULL,NULL
s879,Dramas, International Movies, Thrillers,NULL,NULL,NULL,NULL,NULL
s880,TV Dramas,NULL,NULL,NULL,NULL,NULL,NULL,NULL
s881,Reality TV, TV Horror, TV Thrillers,NULL,NULL,NULL,NULL,NULL
s882,Dramas, International Movies, Thrillers,NULL,NULL,NULL,NULL,NULL
s883,Children & Family Movies, Comedies,NULL,NULL,NULL,NULL,NULL,NULL
s884,TV Action & Adventure, TV Horror, TV Sci-Fi & Fantasy,NULL,NULL,NULL,NULL,NULL
s885,International TV Shows, TV Dramas,NULL,NULL,NULL,NULL,NULL,NULL
s886,Comedies, Dramas, International Movies,NULL,NULL,NULL,NULL,NULL
s887,International TV Shows, TV Horror, TV Sci-Fi & Fantasy,NULL,NULL,NULL,NULL,NULL
s888,Horror Movies, International Movies, Thrillers,NULL,NULL,NULL,NULL,NULL
s889,Comedies,NULL,NULL,NULL,NULL,NULL,NULL,NULL
s890,Dramas, Thrillers,NULL,NULL,NULL,NULL,NULL,NULL
s891,Anime Series, TV Horror, TV Thrillers,NULL,NULL,NULL,NULL,NULL
s892,Independent Movies, International Movies, Thrillers,NULL,NULL,NULL,NULL,NULL
s893,Dramas, Independent Movies, International Movies,NULL,NULL,NULL,NULL,NULL
s894,Documentaries, International Movies, Music & Musicals,NULL,NULL,NULL,NULL,NULL
s895,Dramas, Independent Movies, International Movies,NULL,NULL,NULL,NULL,NULL
s896,Dramas, International Movies, Thrillers,NULL,NULL,NULL,NULL,NULL
s897,TV Comedies,NULL,NULL,NULL,NULL,NULL,NULL,NULL
s898,International TV Shows, Romantic TV Shows, TV Comedies,NULL,NULL,NULL,NULL,NULL
s899,Comedies, Dramas, International Movies,NULL,NULL,NULL,NULL,NULL
s900,Dramas, International Movies,NULL,NULL,NULL,NULL,NULL,NULL
s901,Docuseries,NULL,NULL,NULL,NULL,NULL,NULL,NULL
s902,Independent Movies, Thrillers,NULL,NULL,NULL,NULL,NULL,NULL
s903,International TV Shows, TV Dramas,NULL,NULL,NULL,NULL,NULL,NULL
s904,Dramas, International Movies, Thrillers,NULL,NULL,NULL,NULL,NULL
s905,Action & Adventure,NULL,NULL,NULL,NULL,NULL,NULL,NULL
s906,Action & Adventure, Dramas, International Movies,NULL,NULL,NULL,NULL,NULL
s907,Dramas, International Movies,NULL,NULL,NULL,NULL,NULL,NULL
s908,Documentaries,NULL,NULL,NULL,NULL,NULL,NULL,NULL
s909,TV Action & Adventure, TV Sci-Fi & Fantasy,NULL,NULL,NULL,NULL,NULL,NULL
s910,Dramas, Independent Movies, International Movies,NULL,NULL,NULL,NULL,NULL
s911,Dramas,NULL,NULL,NULL,NULL,NULL,NULL,NULL
s912,Kids' TV, TV Comedies,NULL,NULL,NULL,NULL,NULL,NULL
s913,Comedies,NULL,NULL,NULL,NULL,NULL,NULL,NULL
s914,Dramas, International Movies, Romantic Movies,NULL,NULL,NULL,NULL,NULL
s915,Documentaries,NULL,NULL,NULL,NULL,NULL,NULL,NULL
s916,Dramas, International Movies, Thrillers,NULL,NULL,NULL,NULL,NULL
s917,Action & Adventure,NULL,NULL,NULL,NULL,NULL,NULL,NULL
s918,Documentaries, Dramas,NULL,NULL,NULL,NULL,NULL,NULL
s919,Reality TV,NULL,NULL,NULL,NULL,NULL,NULL,NULL
s920,Crime TV Shows, Docuseries,NULL,NULL,NULL,NULL,NULL,NULL
s921,TV Dramas,NULL,NULL,NULL,NULL,NULL,NULL,NULL
s922,Crime TV Shows, TV Dramas,NULL,NULL,NULL,NULL,NULL,NULL
s923,Dramas, Independent Movies, Thrillers,NULL,NULL,NULL,NULL,NULL
s924,Kids' TV,NULL,NULL,NULL,NULL,NULL,NULL,NULL
s925,Children & Family Movies, Comedies,NULL,NULL,NULL,NULL,NULL,NULL
s926,British TV Shows, Kids' TV,NULL,NULL,NULL,NULL,NULL,NULL
s927,Action & Adventure, Dramas,NULL,NULL,NULL,NULL,NULL,NULL
s928,Kids' TV,NULL,NULL,NULL,NULL,NULL,NULL,NULL
s929,Action & Adventure, Sports Movies,NULL,NULL,NULL,NULL,NULL,NULL
s930,Action & Adventure, Horror Movies,NULL,NULL,NULL,NULL,NULL,NULL
s931,Action & Adventure, Comedies,NULL,NULL,NULL,NULL,NULL,NULL
s932,Comedies,NULL,NULL,NULL,NULL,NULL,NULL,NULL
s933,Action & Adventure,NULL,NULL,NULL,NULL,NULL,NULL,NULL
s934,Children & Family Movies, Dramas,NULL,NULL,NULL,NULL,NULL,NULL
s935,Dramas, Independent Movies,NULL,NULL,NULL,NULL,NULL,NULL
s936,Children & Family Movies, Comedies,NULL,NULL,NULL,NULL,NULL,NULL
s937,Kids' TV,NULL,NULL,NULL,NULL,NULL,NULL,NULL
s938,Children & Family Movies, Comedies,NULL,NULL,NULL,NULL,NULL,NULL
s939,Children & Family Movies, Comedies, Music & Musicals,NULL,NULL,NULL,NULL,NULL
s940,Children & Family Movies, Music & Musicals,NULL,NULL,NULL,NULL,NULL,NULL
s941,Children & Family Movies, Comedies,NULL,NULL,NULL,NULL,NULL,NULL
s942,Children & Family Movies, Comedies,NULL,NULL,NULL,NULL,NULL,NULL
s943,Dramas, Thrillers,NULL,NULL,NULL,NULL,NULL,NULL
s944,Action & Adventure, Dramas, Sports Movies,NULL,NULL,NULL,NULL,NULL
s945,Action & Adventure,NULL,NULL,NULL,NULL,NULL,NULL,NULL
s946,Dramas, International Movies,NULL,NULL,NULL,NULL,NULL,NULL
s947,Action & Adventure, Sci-Fi & Fantasy,NULL,NULL,NULL,NULL,NULL,NULL
s948,Dramas, Thrillers,NULL,NULL,NULL,NULL,NULL,NULL
s949,Comedies,NULL,NULL,NULL,NULL,NULL,NULL,NULL
s950,Action & Adventure, Sci-Fi & Fantasy,NULL,NULL,NULL,NULL,NULL,NULL
s951,Dramas, International Movies, Sci-Fi & Fantasy,NULL,NULL,NULL,NULL,NULL
s952,Comedies, Romantic Movies,NULL,NULL,NULL,NULL,NULL,NULL
s953,Action & Adventure, Comedies,NULL,NULL,NULL,NULL,NULL,NULL
s954,Dramas, Thrillers,NULL,NULL,NULL,NULL,NULL,NULL
s955,Children & Family Movies, Comedies,NULL,NULL,NULL,NULL,NULL,NULL
s956,Action & Adventure,NULL,NULL,NULL,NULL,NULL,NULL,NULL
s957,Comedies, Independent Movies, Romantic Movies,NULL,NULL,NULL,NULL,NULL
s958,Reality TV,NULL,NULL,NULL,NULL,NULL,NULL,NULL
s959,Dramas, International Movies,NULL,NULL,NULL,NULL,NULL,NULL
s960,Dramas, Independent Movies, International Movies,NULL,NULL,NULL,NULL,NULL
s961,Crime TV Shows, International TV Shows, Spanish-Language TV Shows,NULL,NULL,NULL,NULL,NULL
s962,Children & Family Movies, Comedies,NULL,NULL,NULL,NULL,NULL,NULL
s963,Horror Movies,NULL,NULL,NULL,NULL,NULL,NULL,NULL
s964,International TV Shows, Spanish-Language TV Shows, TV Comedies,NULL,NULL,NULL,NULL,NULL
s965,Horror Movies, Thrillers,NULL,NULL,NULL,NULL,NULL,NULL
s966,Anime Series, International TV Shows,NULL,NULL,NULL,NULL,NULL,NULL
s967,Comedies, International Movies,NULL,NULL,NULL,NULL,NULL,NULL
s968,Docuseries, Science & Nature TV,NULL,NULL,NULL,NULL,NULL,NULL
s969,International TV Shows, TV Comedies, TV Dramas,NULL,NULL,NULL,NULL,NULL
s970,Dramas,NULL,NULL,NULL,NULL,NULL,NULL,NULL
s971,Action & Adventure, Sci-Fi & Fantasy,NULL,NULL,NULL,NULL,NULL,NULL
s972,Thrillers,NULL,NULL,NULL,NULL,NULL,NULL,NULL
s973,International TV Shows, TV Dramas, TV Thrillers,NULL,NULL,NULL,NULL,NULL
s974,Dramas, International Movies,NULL,NULL,NULL,NULL,NULL,NULL
s975,Dramas, Independent Movies, International Movies,NULL,NULL,NULL,NULL,NULL
s976,Action & Adventure, Comedies, Dramas,NULL,NULL,NULL,NULL,NULL
s977,Comedies, International Movies,NULL,NULL,NULL,NULL,NULL,NULL
s978,Comedies, International Movies,NULL,NULL,NULL,NULL,NULL,NULL
s979,Comedies, International Movies, Romantic Movies,NULL,NULL,NULL,NULL,NULL
s980,Comedies, International Movies,NULL,NULL,NULL,NULL,NULL,NULL
s981,Comedies, International Movies,NULL,NULL,NULL,NULL,NULL,NULL
s982,Action & Adventure, Comedies, International Movies,NULL,NULL,NULL,NULL,NULL
s983,Comedies, Dramas, International Movies,NULL,NULL,NULL,NULL,NULL
s984,Documentaries, International Movies, Music & Musicals,NULL,NULL,NULL,NULL,NULL
s985,Comedies, International Movies,NULL,NULL,NULL,NULL,NULL,NULL
s986,Comedies, International Movies, Romantic Movies,NULL,NULL,NULL,NULL,NULL
s987,Comedies, International Movies, Romantic Movies,NULL,NULL,NULL,NULL,NULL
s988,Comedies, International Movies,NULL,NULL,NULL,NULL,NULL,NULL
s989,International TV Shows, Romantic TV Shows, TV Comedies,NULL,NULL,NULL,NULL,NULL
s990,Comedies, International Movies,NULL,NULL,NULL,NULL,NULL,NULL
s991,Comedies, International Movies,NULL,NULL,NULL,NULL,NULL,NULL
s992,Dramas, Independent Movies, International Movies,NULL,NULL,NULL,NULL,NULL
s993,International Movies, Music & Musicals,NULL,NULL,NULL,NULL,NULL,NULL
s994,TV Action & Adventure, TV Dramas, TV Sci-Fi & Fantasy,NULL,NULL,NULL,NULL,NULL
s995,Dramas, International Movies, Romantic Movies,NULL,NULL,NULL,NULL,NULL
s996,Comedies, Dramas, International Movies,NULL,NULL,NULL,NULL,NULL
s997,Horror Movies, International Movies, Thrillers,NULL,NULL,NULL,NULL,NULL
s998,British TV Shows, Docuseries, International TV Shows,NULL,NULL,NULL,NULL,NULL
s999,Documentaries, International Movies,NULL,NULL,NULL,NULL,NULL,NULL
s1000,Dramas, International Movies, Thrillers,NULL,NULL,NULL,NULL,NULL
s1001,Action & Adventure, International Movies,NULL,NULL,NULL,NULL,NULL,NULL
s1002,Dramas, International Movies, Thrillers,NULL,NULL,NULL,NULL,NULL
s1003,Comedies, International Movies,NULL,NULL,NULL,NULL,NULL,NULL
s1004,International TV Shows, TV Comedies, TV Dramas,NULL,NULL,NULL,NULL,NULL
s1005,Kids' TV,NULL,NULL,NULL,NULL,NULL,NULL,NULL
s1006,Children & Family Movies, Comedies,NULL,NULL,NULL,NULL,NULL,NULL
s1007,Children & Family Movies, Comedies,NULL,NULL,NULL,NULL,NULL,NULL
s1008,Children & Family Movies, Comedies,NULL,NULL,NULL,NULL,NULL,NULL
s1009,Children & Family Movies,NULL,NULL,NULL,NULL,NULL,NULL,NULL
s1010,Children & Family Movies,NULL,NULL,NULL,NULL,NULL,NULL,NULL
s1011,Children & Family Movies,NULL,NULL,NULL,NULL,NULL,NULL,NULL
s1012,Documentaries,NULL,NULL,NULL,NULL,NULL,NULL,NULL
s1013,International TV Shows, Spanish-Language TV Shows, TV Dramas,NULL,NULL,NULL,NULL,NULL
s1014,Thrillers,NULL,NULL,NULL,NULL,NULL,NULL,NULL
s1015,Kids' TV,NULL,NULL,NULL,NULL,NULL,NULL,NULL
s1016,Dramas,NULL,NULL,NULL,NULL,NULL,NULL,NULL
s1017,Action & Adventure, Comedies, International Movies,NULL,NULL,NULL,NULL,NULL
s1018,Dramas, International Movies,NULL,NULL,NULL,NULL,NULL,NULL
s1019,Comedies, International Movies, Music & Musicals,NULL,NULL,NULL,NULL,NULL
s1020,Dramas, International Movies, Music & Musicals,NULL,NULL,NULL,NULL,NULL
s1021,Documentaries, International Movies,NULL,NULL,NULL,NULL,NULL,NULL
s1022,Comedies, Dramas, Independent Movies,NULL,NULL,NULL,NULL,NULL
s1023,Dramas, International Movies,NULL,NULL,NULL,NULL,NULL,NULL
s1024,Dramas, Independent Movies, International Movies,NULL,NULL,NULL,NULL,NULL
s1025,Children & Family Movies, Comedies, Music & Musicals,NULL,NULL,NULL,NULL,NULL
s1026,Anime Series, Kids' TV,NULL,NULL,NULL,NULL,NULL,NULL
s1027,Children & Family Movies,NULL,NULL,NULL,NULL,NULL,NULL,NULL
s1028,Horror Movies, Romantic Movies, Sci-Fi & Fantasy,NULL,NULL,NULL,NULL,NULL
s1029,Comedies,NULL,NULL,NULL,NULL,NULL,NULL,NULL
s1030,Dramas, International Movies,NULL,NULL,NULL,NULL,NULL,NULL
s1031,Children & Family Movies, Comedies, Dramas,NULL,NULL,NULL,NULL,NULL
s1032,Dramas, International Movies, Romantic Movies,NULL,NULL,NULL,NULL,NULL
s1033,International TV Shows, Stand-Up Comedy & Talk Shows,NULL,NULL,NULL,NULL,NULL,NULL
s1034,Action & Adventure, Dramas, International Movies,NULL,NULL,NULL,NULL,NULL
s1035,Thrillers,NULL,NULL,NULL,NULL,NULL,NULL,NULL
s1036,Dramas,NULL,NULL,NULL,NULL,NULL,NULL,NULL
s1037,Action & Adventure, Sci-Fi & Fantasy,NULL,NULL,NULL,NULL,NULL,NULL
s1038,Comedies, Dramas, International Movies,NULL,NULL,NULL,NULL,NULL
s1039,International TV Shows, Romantic TV Shows, TV Comedies,NULL,NULL,NULL,NULL,NULL
s1040,Documentaries, Music & Musicals,NULL,NULL,NULL,NULL,NULL,NULL
s1041,Anime Series, Crime TV Shows, International TV Shows,NULL,NULL,NULL,NULL,NULL
s1042,Action & Adventure, Anime Features, Horror Movies,NULL,NULL,NULL,NULL,NULL
s1043,Docuseries,NULL,NULL,NULL,NULL,NULL,NULL,NULL
s1044,Romantic TV Shows, TV Comedies, TV Dramas,NULL,NULL,NULL,NULL,NULL
s1045,Anime Series, International TV Shows, TV Thrillers,NULL,NULL,NULL,NULL,NULL
s1046,Reality TV,NULL,NULL,NULL,NULL,NULL,NULL,NULL
s1047,Thrillers,NULL,NULL,NULL,NULL,NULL,NULL,NULL
s1048,International TV Shows, TV Dramas,NULL,NULL,NULL,NULL,NULL,NULL
s1049,Kids' TV,NULL,NULL,NULL,NULL,NULL,NULL,NULL
s1050,British TV Shows, Kids' TV,NULL,NULL,NULL,NULL,NULL,NULL
s1051,Dramas, International Movies, LGBTQ Movies,NULL,NULL,NULL,NULL,NULL
s1052,Anime Series, Kids' TV,NULL,NULL,NULL,NULL,NULL,NULL
s1053,Dramas, Independent Movies,NULL,NULL,NULL,NULL,NULL,NULL
s1054,Documentaries, Music & Musicals,NULL,NULL,NULL,NULL,NULL,NULL
s1055,Documentaries, International Movies, Music & Musicals,NULL,NULL,NULL,NULL,NULL
s1056,Cult Movies, Dramas, Music & Musicals,NULL,NULL,NULL,NULL,NULL
s1057,International TV Shows, TV Dramas,NULL,NULL,NULL,NULL,NULL,NULL
s1058,TV Comedies,NULL,NULL,NULL,NULL,NULL,NULL,NULL
s1059,British TV Shows, International TV Shows, TV Dramas,NULL,NULL,NULL,NULL,NULL
s1060,TV Dramas, TV Thrillers,NULL,NULL,NULL,NULL,NULL,NULL
s1061,Reality TV, Romantic TV Shows,NULL,NULL,NULL,NULL,NULL,NULL
s1062,Crime TV Shows, Docuseries,NULL,NULL,NULL,NULL,NULL,NULL
s1063,Crime TV Shows, International TV Shows, TV Dramas,NULL,NULL,NULL,NULL,NULL
s1064,TV Comedies, TV Dramas,NULL,NULL,NULL,NULL,NULL,NULL
s1065,Crime TV Shows, International TV Shows, Korean TV Shows,NULL,NULL,NULL,NULL,NULL
s1066,TV Horror, TV Mysteries, TV Thrillers,NULL,NULL,NULL,NULL,NULL
s1067,Dramas, International Movies, Thrillers,NULL,NULL,NULL,NULL,NULL
s1068,International TV Shows, TV Dramas, Teen TV Shows,NULL,NULL,NULL,NULL,NULL
s1069,Docuseries, Science & Nature TV,NULL,NULL,NULL,NULL,NULL,NULL
s1070,Dramas, International Movies, Romantic Movies,NULL,NULL,NULL,NULL,NULL
s1071,Documentaries,NULL,NULL,NULL,NULL,NULL,NULL,NULL
s1072,Children & Family Movies, Music & Musicals,NULL,NULL,NULL,NULL,NULL,NULL
s1073,Children & Family Movies, Comedies, Music & Musicals,NULL,NULL,NULL,NULL,NULL
s1074,Children & Family Movies, Music & Musicals,NULL,NULL,NULL,NULL,NULL,NULL
s1075,Children & Family Movies,NULL,NULL,NULL,NULL,NULL,NULL,NULL
s1076,Docuseries,NULL,NULL,NULL,NULL,NULL,NULL,NULL
s1077,Children & Family Movies,NULL,NULL,NULL,NULL,NULL,NULL,NULL
s1078,Children & Family Movies,NULL,NULL,NULL,NULL,NULL,NULL,NULL
s1079,Children & Family Movies,NULL,NULL,NULL,NULL,NULL,NULL,NULL
s1080,Romantic TV Shows, TV Comedies, TV Dramas,NULL,NULL,NULL,NULL,NULL
s1081,Action & Adventure, Anime Features, International Movies,NULL,NULL,NULL,NULL,NULL
s1082,Kids' TV, TV Comedies,NULL,NULL,NULL,NULL,NULL,NULL
s1083,International TV Shows, Reality TV,NULL,NULL,NULL,NULL,NULL,NULL
s1084,Comedies,NULL,NULL,NULL,NULL,NULL,NULL,NULL
s1085,Anime Series, International TV Shows, Romantic TV Shows,NULL,NULL,NULL,NULL,NULL
s1086,Dramas, International Movies,NULL,NULL,NULL,NULL,NULL,NULL
s1087,Dramas, International Movies, Thrillers,NULL,NULL,NULL,NULL,NULL
s1088,Comedies, Horror Movies, International Movies,NULL,NULL,NULL,NULL,NULL
s1089,Action & Adventure, Comedies,NULL,NULL,NULL,NULL,NULL,NULL
s1090,Dramas,NULL,NULL,NULL,NULL,NULL,NULL,NULL
s1091,Dramas, International Movies, Romantic Movies,NULL,NULL,NULL,NULL,NULL
s1092,Anime Series, International TV Shows,NULL,NULL,NULL,NULL,NULL,NULL
s1093,Documentaries, Music & Musicals,NULL,NULL,NULL,NULL,NULL,NULL
s1094,International TV Shows, Reality TV, Romantic TV Shows,NULL,NULL,NULL,NULL,NULL
s1095,Reality TV, Romantic TV Shows,NULL,NULL,NULL,NULL,NULL,NULL
s1096,Crime TV Shows, Docuseries, TV Mysteries,NULL,NULL,NULL,NULL,NULL
s1097,Children & Family Movies, Comedies,NULL,NULL,NULL,NULL,NULL,NULL
s1098,Documentaries,NULL,NULL,NULL,NULL,NULL,NULL,NULL
s1099,Comedies, Dramas, International Movies,NULL,NULL,NULL,NULL,NULL
s1100,Dramas, International Movies,NULL,NULL,NULL,NULL,NULL,NULL
s1101,Horror Movies, Thrillers,NULL,NULL,NULL,NULL,NULL,NULL
s1102,Children & Family Movies, Comedies, Sci-Fi & Fantasy,NULL,NULL,NULL,NULL,NULL
s1103,Comedies,NULL,NULL,NULL,NULL,NULL,NULL,NULL
s1104,Action & Adventure, Dramas, International Movies,NULL,NULL,NULL,NULL,NULL
s1105,Children & Family Movies, Comedies, Dramas,NULL,NULL,NULL,NULL,NULL
s1106,Dramas, Independent Movies,NULL,NULL,NULL,NULL,NULL,NULL
s1107,Action & Adventure,NULL,NULL,NULL,NULL,NULL,NULL,NULL
s1108,Dramas, Faith & Spirituality, International Movies,NULL,NULL,NULL,NULL,NULL
s1109,International Movies, Thrillers,NULL,NULL,NULL,NULL,NULL,NULL
s1110,Comedies, International Movies, Romantic Movies,NULL,NULL,NULL,NULL,NULL
s1111,Dramas, International Movies,NULL,NULL,NULL,NULL,NULL,NULL
s1112,Comedies, Romantic Movies,NULL,NULL,NULL,NULL,NULL,NULL
s1113,Children & Family Movies, Comedies,NULL,NULL,NULL,NULL,NULL,NULL
s1114,Action & Adventure, Sci-Fi & Fantasy,NULL,NULL,NULL,NULL,NULL,NULL
s1115,Comedies, Dramas, International Movies,NULL,NULL,NULL,NULL,NULL
s1116,Comedies, International Movies, Sports Movies,NULL,NULL,NULL,NULL,NULL
s1117,Docuseries, International TV Shows,NULL,NULL,NULL,NULL,NULL,NULL
s1118,Documentaries, International Movies,NULL,NULL,NULL,NULL,NULL,NULL
s1119,Horror Movies, Thrillers,NULL,NULL,NULL,NULL,NULL,NULL
s1120,Action & Adventure, Horror Movies,NULL,NULL,NULL,NULL,NULL,NULL
s1121,Action & Adventure, Sci-Fi & Fantasy,NULL,NULL,NULL,NULL,NULL,NULL
s1122,Comedies, Romantic Movies,NULL,NULL,NULL,NULL,NULL,NULL
s1123,Dramas, International Movies,NULL,NULL,NULL,NULL,NULL,NULL
s1124,Docuseries, International TV Shows, Science & Nature TV,NULL,NULL,NULL,NULL,NULL
s1125,Action & Adventure,NULL,NULL,NULL,NULL,NULL,NULL,NULL
s1126,British TV Shows, Crime TV Shows, Docuseries,NULL,NULL,NULL,NULL,NULL
s1127,Classic Movies, Music & Musicals,NULL,NULL,NULL,NULL,NULL,NULL
s1128,Reality TV, TV Comedies, TV Horror,NULL,NULL,NULL,NULL,NULL
s1129,Action & Adventure, International Movies,NULL,NULL,NULL,NULL,NULL,NULL
s1130,British TV Shows, Docuseries, International TV Shows,NULL,NULL,NULL,NULL,NULL
s1131,Action & Adventure, Dramas, International Movies,NULL,NULL,NULL,NULL,NULL
s1132,Action & Adventure, Dramas, International Movies,NULL,NULL,NULL,NULL,NULL
s1133,Action & Adventure, Dramas, International Movies,NULL,NULL,NULL,NULL,NULL
s1134,Action & Adventure,NULL,NULL,NULL,NULL,NULL,NULL,NULL
s1135,Action & Adventure, Sci-Fi & Fantasy,NULL,NULL,NULL,NULL,NULL,NULL
s1136,Action & Adventure,NULL,NULL,NULL,NULL,NULL,NULL,NULL
s1137,Dramas, International Movies, Romantic Movies,NULL,NULL,NULL,NULL,NULL
s1138,Action & Adventure, International Movies, Music & Musicals,NULL,NULL,NULL,NULL,NULL
s1139,Dramas, Independent Movies, International Movies,NULL,NULL,NULL,NULL,NULL
s1140,Horror Movies, Thrillers,NULL,NULL,NULL,NULL,NULL,NULL
s1141,Action & Adventure,NULL,NULL,NULL,NULL,NULL,NULL,NULL
s1142,Dramas, International Movies, Thrillers,NULL,NULL,NULL,NULL,NULL
s1143,Documentaries,NULL,NULL,NULL,NULL,NULL,NULL,NULL
s1144,Docuseries, Reality TV,NULL,NULL,NULL,NULL,NULL,NULL
s1145,Comedies, Romantic Movies,NULL,NULL,NULL,NULL,NULL,NULL
s1146,Dramas,NULL,NULL,NULL,NULL,NULL,NULL,NULL
s1147,International TV Shows, Reality TV, Spanish-Language TV Shows,NULL,NULL,NULL,NULL,NULL
s1148,Documentaries, International Movies, Sports Movies,NULL,NULL,NULL,NULL,NULL
s1149,Kids' TV, Korean TV Shows,NULL,NULL,NULL,NULL,NULL,NULL
s1150,Anime Series, Kids' TV,NULL,NULL,NULL,NULL,NULL,NULL
s1151,Documentaries,NULL,NULL,NULL,NULL,NULL,NULL,NULL
s1152,Children & Family Movies,NULL,NULL,NULL,NULL,NULL,NULL,NULL
s1153,Kids' TV,NULL,NULL,NULL,NULL,NULL,NULL,NULL
s1154,Dramas, International Movies,NULL,NULL,NULL,NULL,NULL,NULL
s1155,Dramas,NULL,NULL,NULL,NULL,NULL,NULL,NULL
s1156,Documentaries, International Movies,NULL,NULL,NULL,NULL,NULL,NULL
s1157,Children & Family Movies, Faith & Spirituality, Music & Musicals,NULL,NULL,NULL,NULL,NULL
s1158,Comedies,NULL,NULL,NULL,NULL,NULL,NULL,NULL
s1159,Kids' TV,NULL,NULL,NULL,NULL,NULL,NULL,NULL
s1160,Dramas, International Movies,NULL,NULL,NULL,NULL,NULL,NULL
s1161,Dramas, Independent Movies, Thrillers,NULL,NULL,NULL,NULL,NULL
s1162,Documentaries,NULL,NULL,NULL,NULL,NULL,NULL,NULL
s1163,Dramas, International Movies,NULL,NULL,NULL,NULL,NULL,NULL
s1164,International TV Shows, Reality TV, Spanish-Language TV Shows,NULL,NULL,NULL,NULL,NULL
s1165,Comedies, International Movies,NULL,NULL,NULL,NULL,NULL,NULL
s1166,Comedies, Dramas, International Movies,NULL,NULL,NULL,NULL,NULL
s1167,British TV Shows, Crime TV Shows, International TV Shows,NULL,NULL,NULL,NULL,NULL
s1168,Dramas, International Movies, Romantic Movies,NULL,NULL,NULL,NULL,NULL
s1169,Anime Series,NULL,NULL,NULL,NULL,NULL,NULL,NULL
s1170,Kids' TV,NULL,NULL,NULL,NULL,NULL,NULL,NULL
s1171,Children & Family Movies, Comedies,NULL,NULL,NULL,NULL,NULL,NULL
s1172,Documentaries,NULL,NULL,NULL,NULL,NULL,NULL,NULL
s1173,Stand-Up Comedy,NULL,NULL,NULL,NULL,NULL,NULL,NULL
s1174,International TV Shows, Korean TV Shows, Stand-Up Comedy & Talk Shows,NULL,NULL,NULL,NULL,NULL
s1175,International TV Shows, TV Dramas,NULL,NULL,NULL,NULL,NULL,NULL
s1176,Dramas, Independent Movies, International Movies,NULL,NULL,NULL,NULL,NULL
s1177,Dramas, International Movies,NULL,NULL,NULL,NULL,NULL,NULL
s1178,Horror Movies, International Movies,NULL,NULL,NULL,NULL,NULL,NULL
s1179,Action & Adventure,NULL,NULL,NULL,NULL,NULL,NULL,NULL
s1180,Kids' TV,NULL,NULL,NULL,NULL,NULL,NULL,NULL
s1181,Kids' TV, TV Comedies,NULL,NULL,NULL,NULL,NULL,NULL
s1182,TV Comedies,NULL,NULL,NULL,NULL,NULL,NULL,NULL
s1183,Docuseries,NULL,NULL,NULL,NULL,NULL,NULL,NULL
s1184,International Movies, Music & Musicals,NULL,NULL,NULL,NULL,NULL,NULL
s1185,Action & Adventure, International Movies,NULL,NULL,NULL,NULL,NULL,NULL
s1186,Comedies, International Movies, Romantic Movies,NULL,NULL,NULL,NULL,NULL
s1187,Anime Series, Crime TV Shows, International TV Shows,NULL,NULL,NULL,NULL,NULL
s1188,Thrillers,NULL,NULL,NULL,NULL,NULL,NULL,NULL
s1189,Action & Adventure, Comedies, International Movies,NULL,NULL,NULL,NULL,NULL
s1190,Stand-Up Comedy,NULL,NULL,NULL,NULL,NULL,NULL,NULL
s1191,Action & Adventure,NULL,NULL,NULL,NULL,NULL,NULL,NULL
s1192,Stand-Up Comedy,NULL,NULL,NULL,NULL,NULL,NULL,NULL
s1193,Dramas, International Movies,NULL,NULL,NULL,NULL,NULL,NULL
s1194,Documentaries, International Movies, Music & Musicals,NULL,NULL,NULL,NULL,NULL
s1195,Dramas, International Movies, Thrillers,NULL,NULL,NULL,NULL,NULL
s1196,Documentaries,NULL,NULL,NULL,NULL,NULL,NULL,NULL
s1197,Crime TV Shows, Docuseries, International TV Shows,NULL,NULL,NULL,NULL,NULL
s1198,Dramas, Music & Musicals,NULL,NULL,NULL,NULL,NULL,NULL
s1199,Stand-Up Comedy,NULL,NULL,NULL,NULL,NULL,NULL,NULL
s1200,Dramas, Thrillers,NULL,NULL,NULL,NULL,NULL,NULL
s1201,Kids' TV,NULL,NULL,NULL,NULL,NULL,NULL,NULL
s1202,Crime TV Shows, International TV Shows, TV Comedies,NULL,NULL,NULL,NULL,NULL
s1203,Dramas, International Movies, Romantic Movies,NULL,NULL,NULL,NULL,NULL
s1204,Children & Family Movies, Dramas,NULL,NULL,NULL,NULL,NULL,NULL
s1205,Documentaries,NULL,NULL,NULL,NULL,NULL,NULL,NULL
s1206,Docuseries, Science & Nature TV, TV Action & Adventure,NULL,NULL,NULL,NULL,NULL
s1207,British TV Shows, Kids' TV, TV Dramas,NULL,NULL,NULL,NULL,NULL
s1208,Documentaries,NULL,NULL,NULL,NULL,NULL,NULL,NULL
s1209,Comedies, International Movies,NULL,NULL,NULL,NULL,NULL,NULL
s1210,Comedies, Dramas, International Movies,NULL,NULL,NULL,NULL,NULL
s1211,International TV Shows, Korean TV Shows, Romantic TV Shows,NULL,NULL,NULL,NULL,NULL
s1212,Dramas, International Movies,NULL,NULL,NULL,NULL,NULL,NULL
s1213,Dramas, International Movies,NULL,NULL,NULL,NULL,NULL,NULL
s1214,TV Comedies,NULL,NULL,NULL,NULL,NULL,NULL,NULL
s1215,Dramas, International Movies, Music & Musicals,NULL,NULL,NULL,NULL,NULL
s1216,Comedies, International Movies, Romantic Movies,NULL,NULL,NULL,NULL,NULL
s1217,Comedies, International Movies, Romantic Movies,NULL,NULL,NULL,NULL,NULL
s1218,British TV Shows, Crime TV Shows, International TV Shows,NULL,NULL,NULL,NULL,NULL
s1219,Children & Family Movies, Comedies,NULL,NULL,NULL,NULL,NULL,NULL
s1220,Comedies, Dramas, Independent Movies,NULL,NULL,NULL,NULL,NULL
s1221,Dramas, Independent Movies, International Movies,NULL,NULL,NULL,NULL,NULL
s1222,Dramas, International Movies,NULL,NULL,NULL,NULL,NULL,NULL
s1223,Horror Movies, Independent Movies,NULL,NULL,NULL,NULL,NULL,NULL
s1224,Crime TV Shows, International TV Shows, TV Action & Adventure,NULL,NULL,NULL,NULL,NULL
s1225,Docuseries,NULL,NULL,NULL,NULL,NULL,NULL,NULL
s1226,Reality TV, Romantic TV Shows,NULL,NULL,NULL,NULL,NULL,NULL
s1227,Docuseries, International TV Shows,NULL,NULL,NULL,NULL,NULL,NULL
s1228,International TV Shows, TV Dramas,NULL,NULL,NULL,NULL,NULL,NULL
s1229,Dramas, Independent Movies, International Movies,NULL,NULL,NULL,NULL,NULL
s1230,International TV Shows, TV Dramas,NULL,NULL,NULL,NULL,NULL,NULL
s1231,Comedies, Dramas, Independent Movies,NULL,NULL,NULL,NULL,NULL
s1232,Kids' TV,NULL,NULL,NULL,NULL,NULL,NULL,NULL
s1233,Comedies, Dramas, International Movies,NULL,NULL,NULL,NULL,NULL
s1234,Comedies, International Movies,NULL,NULL,NULL,NULL,NULL,NULL
s1235,Docuseries, International TV Shows, Spanish-Language TV Shows,NULL,NULL,NULL,NULL,NULL
s1236,Anime Series, Kids' TV, TV Action & Adventure,NULL,NULL,NULL,NULL,NULL
s1237,Action & Adventure, Dramas, International Movies,NULL,NULL,NULL,NULL,NULL
s1238,Comedies, International Movies, Romantic Movies,NULL,NULL,NULL,NULL,NULL
s1239,Anime Series,NULL,NULL,NULL,NULL,NULL,NULL,NULL
s1240,Action & Adventure,NULL,NULL,NULL,NULL,NULL,NULL,NULL
s1241,Dramas, Romantic Movies,NULL,NULL,NULL,NULL,NULL,NULL
s1242,Comedies, Dramas, Music & Musicals,NULL,NULL,NULL,NULL,NULL
s1243,Crime TV Shows, Docuseries,NULL,NULL,NULL,NULL,NULL,NULL
s1244,Dramas,NULL,NULL,NULL,NULL,NULL,NULL,NULL
s1245,Action & Adventure, Comedies, International Movies,NULL,NULL,NULL,NULL,NULL
s1246,Kids' TV,NULL,NULL,NULL,NULL,NULL,NULL,NULL
s1247,Classic & Cult TV, Crime TV Shows, International TV Shows,NULL,NULL,NULL,NULL,NULL
s1248,Action & Adventure, Dramas, International Movies,NULL,NULL,NULL,NULL,NULL
s1249,Documentaries, Music & Musicals,NULL,NULL,NULL,NULL,NULL,NULL
s1250,Stand-Up Comedy,NULL,NULL,NULL,NULL,NULL,NULL,NULL
s1251,Documentaries, International Movies, Music & Musicals,NULL,NULL,NULL,NULL,NULL
s1252,Action & Adventure, Classic Movies, Dramas,NULL,NULL,NULL,NULL,NULL
s1253,Comedies, International Movies,NULL,NULL,NULL,NULL,NULL,NULL
s1254,Children & Family Movies, Comedies,NULL,NULL,NULL,NULL,NULL,NULL
s1255,Classic Movies, Dramas,NULL,NULL,NULL,NULL,NULL,NULL
s1256,Action & Adventure, Dramas, International Movies,NULL,NULL,NULL,NULL,NULL
s1257,Comedies, Cult Movies, Music & Musicals,NULL,NULL,NULL,NULL,NULL
s1258,Anime Series, International TV Shows,NULL,NULL,NULL,NULL,NULL,NULL
s1259,Children & Family Movies, Comedies,NULL,NULL,NULL,NULL,NULL,NULL
s1260,Comedies, Dramas, Independent Movies,NULL,NULL,NULL,NULL,NULL
s1261,Comedies, International Movies, Romantic Movies,NULL,NULL,NULL,NULL,NULL
s1262,Dramas, Independent Movies, International Movies,NULL,NULL,NULL,NULL,NULL
s1263,Comedies, Dramas,NULL,NULL,NULL,NULL,NULL,NULL
s1264,Action & Adventure,NULL,NULL,NULL,NULL,NULL,NULL,NULL
s1265,Comedies, Dramas, Independent Movies,NULL,NULL,NULL,NULL,NULL
s1266,International Movies, Thrillers,NULL,NULL,NULL,NULL,NULL,NULL
s1267,Dramas, Independent Movies, International Movies,NULL,NULL,NULL,NULL,NULL
s1268,International Movies, Thrillers,NULL,NULL,NULL,NULL,NULL,NULL
s1269,Crime TV Shows, International TV Shows, Spanish-Language TV Shows,NULL,NULL,NULL,NULL,NULL
s1270,Dramas, International Movies, Romantic Movies,NULL,NULL,NULL,NULL,NULL
s1271,International TV Shows, Spanish-Language TV Shows, TV Dramas,NULL,NULL,NULL,NULL,NULL
s1272,International TV Shows, Spanish-Language TV Shows, TV Dramas,NULL,NULL,NULL,NULL,NULL
s1273,Docuseries, International TV Shows,NULL,NULL,NULL,NULL,NULL,NULL
s1274,International Movies, Thrillers,NULL,NULL,NULL,NULL,NULL,NULL
s1275,Reality TV,NULL,NULL,NULL,NULL,NULL,NULL,NULL
s1276,Romantic TV Shows, TV Comedies, TV Dramas,NULL,NULL,NULL,NULL,NULL
s1277,Dramas, International Movies,NULL,NULL,NULL,NULL,NULL,NULL
s1278,TV Horror, Teen TV Shows,NULL,NULL,NULL,NULL,NULL,NULL
s1279,Stand-Up Comedy,NULL,NULL,NULL,NULL,NULL,NULL,NULL
s1280,Documentaries, International Movies,NULL,NULL,NULL,NULL,NULL,NULL
s1281,Documentaries, International Movies, Sports Movies,NULL,NULL,NULL,NULL,NULL
s1282,Dramas, International Movies,NULL,NULL,NULL,NULL,NULL,NULL
s1283,International TV Shows, TV Dramas,NULL,NULL,NULL,NULL,NULL,NULL
s1284,Horror Movies, Thrillers,NULL,NULL,NULL,NULL,NULL,NULL
s1285,Horror Movies,NULL,NULL,NULL,NULL,NULL,NULL,NULL
s1286,International TV Shows, TV Comedies, TV Dramas,NULL,NULL,NULL,NULL,NULL
s1287,Comedies, Dramas, Independent Movies,NULL,NULL,NULL,NULL,NULL
s1288,Comedies, Dramas,NULL,NULL,NULL,NULL,NULL,NULL
s1289,Dramas, Thrillers,NULL,NULL,NULL,NULL,NULL,NULL
s1290,Documentaries, International Movies, Music & Musicals,NULL,NULL,NULL,NULL,NULL
s1291,Comedies, LGBTQ Movies, Thrillers,NULL,NULL,NULL,NULL,NULL
s1292,Dramas, Independent Movies, International Movies,NULL,NULL,NULL,NULL,NULL
s1293,Documentaries, International Movies,NULL,NULL,NULL,NULL,NULL,NULL
s1294,International TV Shows, TV Dramas,NULL,NULL,NULL,NULL,NULL,NULL
s1295,International TV Shows, TV Action & Adventure, TV Dramas,NULL,NULL,NULL,NULL,NULL
s1296,Comedies, Dramas, Independent Movies,NULL,NULL,NULL,NULL,NULL
s1297,International TV Shows, Romantic TV Shows, TV Comedies,NULL,NULL,NULL,NULL,NULL
s1298,Horror Movies,NULL,NULL,NULL,NULL,NULL,NULL,NULL
s1299,International TV Shows, TV Action & Adventure, TV Dramas,NULL,NULL,NULL,NULL,NULL
s1300,Anime Series, International TV Shows,NULL,NULL,NULL,NULL,NULL,NULL
s1301,Docuseries,NULL,NULL,NULL,NULL,NULL,NULL,NULL
s1302,British TV Shows, International TV Shows, TV Dramas,NULL,NULL,NULL,NULL,NULL
s1303,Docuseries, Reality TV, Science & Nature TV,NULL,NULL,NULL,NULL,NULL
s1304,Documentaries,NULL,NULL,NULL,NULL,NULL,NULL,NULL
s1305,Children & Family Movies,NULL,NULL,NULL,NULL,NULL,NULL,NULL
s1306,Action & Adventure, Comedies, Dramas,NULL,NULL,NULL,NULL,NULL
s1307,Crime TV Shows, TV Comedies, TV Dramas,NULL,NULL,NULL,NULL,NULL
s1308,Children & Family Movies, Comedies, Dramas,NULL,NULL,NULL,NULL,NULL
s1309,Kids' TV, TV Comedies,NULL,NULL,NULL,NULL,NULL,NULL
s1310,Thrillers,NULL,NULL,NULL,NULL,NULL,NULL,NULL
s1311,TV Comedies,NULL,NULL,NULL,NULL,NULL,NULL,NULL
s1312,Comedies, Dramas, International Movies,NULL,NULL,NULL,NULL,NULL
s1313,Dramas, Independent Movies, LGBTQ Movies,NULL,NULL,NULL,NULL,NULL
s1314,Reality TV,NULL,NULL,NULL,NULL,NULL,NULL,NULL
s1315,TV Comedies,NULL,NULL,NULL,NULL,NULL,NULL,NULL
s1316,Stand-Up Comedy,NULL,NULL,NULL,NULL,NULL,NULL,NULL
s1317,Dramas, International Movies, Romantic Movies,NULL,NULL,NULL,NULL,NULL
s1318,British TV Shows, International TV Shows, Reality TV,NULL,NULL,NULL,NULL,NULL
s1319,Comedies, Romantic Movies,NULL,NULL,NULL,NULL,NULL,NULL
s1320,Children & Family Movies,NULL,NULL,NULL,NULL,NULL,NULL,NULL
s1321,Crime TV Shows, International TV Shows, TV Dramas,NULL,NULL,NULL,NULL,NULL
s1322,Crime TV Shows, Spanish-Language TV Shows, TV Action & Adventure,NULL,NULL,NULL,NULL,NULL
s1323,Comedies, Dramas, International Movies,NULL,NULL,NULL,NULL,NULL
s1324,Dramas, International Movies, Romantic Movies,NULL,NULL,NULL,NULL,NULL
s1325,Dramas, Independent Movies, Romantic Movies,NULL,NULL,NULL,NULL,NULL
s1326,International Movies, Thrillers,NULL,NULL,NULL,NULL,NULL,NULL
s1327,Comedies, International Movies, Romantic Movies,NULL,NULL,NULL,NULL,NULL
s1328,Documentaries, Music & Musicals,NULL,NULL,NULL,NULL,NULL,NULL
s1329,Crime TV Shows, Docuseries,NULL,NULL,NULL,NULL,NULL,NULL
s1330,Comedies, International Movies,NULL,NULL,NULL,NULL,NULL,NULL
s1331,Dramas, Romantic Movies,NULL,NULL,NULL,NULL,NULL,NULL
s1332,TV Shows,NULL,NULL,NULL,NULL,NULL,NULL,NULL
s1333,Kids' TV, TV Comedies,NULL,NULL,NULL,NULL,NULL,NULL
s1334,Comedies, Dramas,NULL,NULL,NULL,NULL,NULL,NULL
s1335,Action & Adventure, International Movies,NULL,NULL,NULL,NULL,NULL,NULL
s1336,Crime TV Shows, TV Dramas, TV Mysteries,NULL,NULL,NULL,NULL,NULL
s1337,Stand-Up Comedy,NULL,NULL,NULL,NULL,NULL,NULL,NULL
s1338,Dramas, Independent Movies, International Movies,NULL,NULL,NULL,NULL,NULL
s1339,Crime TV Shows, International TV Shows, Spanish-Language TV Shows,NULL,NULL,NULL,NULL,NULL
s1340,Crime TV Shows, International TV Shows, TV Dramas,NULL,NULL,NULL,NULL,NULL
s1341,Dramas, International Movies,NULL,NULL,NULL,NULL,NULL,NULL
s1342,Dramas, Independent Movies,NULL,NULL,NULL,NULL,NULL,NULL
s1343,Action & Adventure, Dramas, International Movies,NULL,NULL,NULL,NULL,NULL
s1344,Documentaries,NULL,NULL,NULL,NULL,NULL,NULL,NULL
s1345,Dramas, International Movies, Romantic Movies,NULL,NULL,NULL,NULL,NULL
s1346,Action & Adventure, International Movies,NULL,NULL,NULL,NULL,NULL,NULL
s1347,Comedies, Dramas, International Movies,NULL,NULL,NULL,NULL,NULL
s1348,Action & Adventure, International Movies,NULL,NULL,NULL,NULL,NULL,NULL
s1349,Romantic TV Shows, TV Dramas,NULL,NULL,NULL,NULL,NULL,NULL
s1350,Crime TV Shows, International TV Shows, Spanish-Language TV Shows,NULL,NULL,NULL,NULL,NULL
s1351,Kids' TV,NULL,NULL,NULL,NULL,NULL,NULL,NULL
s1352,Dramas, Faith & Spirituality, International Movies,NULL,NULL,NULL,NULL,NULL
s1353,Stand-Up Comedy & Talk Shows, TV Comedies,NULL,NULL,NULL,NULL,NULL,NULL
s1354,Action & Adventure, Comedies,NULL,NULL,NULL,NULL,NULL,NULL
s1355,TV Dramas,NULL,NULL,NULL,NULL,NULL,NULL,NULL
s1356,Romantic TV Shows, Teen TV Shows,NULL,NULL,NULL,NULL,NULL,NULL
s1357,TV Comedies, Teen TV Shows,NULL,NULL,NULL,NULL,NULL,NULL
s1358,Dramas,NULL,NULL,NULL,NULL,NULL,NULL,NULL
s1359,Thrillers,NULL,NULL,NULL,NULL,NULL,NULL,NULL
s1360,Dramas, International Movies, Thrillers,NULL,NULL,NULL,NULL,NULL
s1361,International TV Shows, Romantic TV Shows, TV Comedies,NULL,NULL,NULL,NULL,NULL
s1362,TV Horror, Teen TV Shows,NULL,NULL,NULL,NULL,NULL,NULL
s1363,Kids' TV, TV Comedies,NULL,NULL,NULL,NULL,NULL,NULL
s1364,Romantic TV Shows, TV Dramas, Teen TV Shows,NULL,NULL,NULL,NULL,NULL
s1365,Children & Family Movies, Sci-Fi & Fantasy,NULL,NULL,NULL,NULL,NULL,NULL
s1366,Kids' TV, TV Comedies,NULL,NULL,NULL,NULL,NULL,NULL
s1367,Dramas, Faith & Spirituality,NULL,NULL,NULL,NULL,NULL,NULL
s1368,Horror Movies,NULL,NULL,NULL,NULL,NULL,NULL,NULL
s1369,Action & Adventure, International Movies,NULL,NULL,NULL,NULL,NULL,NULL
s1370,Children & Family Movies, Comedies,NULL,NULL,NULL,NULL,NULL,NULL
s1371,Dramas, International Movies,NULL,NULL,NULL,NULL,NULL,NULL
s1372,Docuseries,NULL,NULL,NULL,NULL,NULL,NULL,NULL
s1373,Children & Family Movies, Dramas, International Movies,NULL,NULL,NULL,NULL,NULL
s1374,International TV Shows, TV Dramas, TV Thrillers,NULL,NULL,NULL,NULL,NULL
s1375,Documentaries, International Movies, Sports Movies,NULL,NULL,NULL,NULL,NULL
s1376,TV Comedies, TV Dramas,NULL,NULL,NULL,NULL,NULL,NULL
s1377,Comedies, Dramas, Independent Movies,NULL,NULL,NULL,NULL,NULL
s1378,Romantic TV Shows, TV Action & Adventure, TV Dramas,NULL,NULL,NULL,NULL,NULL
s1379,Children & Family Movies, Dramas,NULL,NULL,NULL,NULL,NULL,NULL
s1380,Dramas, International Movies,NULL,NULL,NULL,NULL,NULL,NULL
s1381,Kids' TV,NULL,NULL,NULL,NULL,NULL,NULL,NULL
s1382,Comedies, International Movies, Romantic Movies,NULL,NULL,NULL,NULL,NULL
s1383,Dramas, International Movies, Romantic Movies,NULL,NULL,NULL,NULL,NULL
s1384,International TV Shows, Reality TV,NULL,NULL,NULL,NULL,NULL,NULL
s1385,Crime TV Shows, International TV Shows, Korean TV Shows,NULL,NULL,NULL,NULL,NULL
s1386,Anime Series, International TV Shows,NULL,NULL,NULL,NULL,NULL,NULL
s1387,Comedies, International Movies, LGBTQ Movies,NULL,NULL,NULL,NULL,NULL
s1388,Dramas, Thrillers,NULL,NULL,NULL,NULL,NULL,NULL
s1389,Dramas,NULL,NULL,NULL,NULL,NULL,NULL,NULL
s1390,Comedies,NULL,NULL,NULL,NULL,NULL,NULL,NULL
s1391,Dramas,NULL,NULL,NULL,NULL,NULL,NULL,NULL
s1392,Dramas,NULL,NULL,NULL,NULL,NULL,NULL,NULL
s1393,International TV Shows, Spanish-Language TV Shows, TV Comedies,NULL,NULL,NULL,NULL,NULL
s1394,Thrillers,NULL,NULL,NULL,NULL,NULL,NULL,NULL
s1395,Docuseries, Science & Nature TV,NULL,NULL,NULL,NULL,NULL,NULL
s1396,Kids' TV,NULL,NULL,NULL,NULL,NULL,NULL,NULL
s1397,Action & Adventure,NULL,NULL,NULL,NULL,NULL,NULL,NULL
s1398,Dramas, Sci-Fi & Fantasy,NULL,NULL,NULL,NULL,NULL,NULL
s1399,Horror Movies,NULL,NULL,NULL,NULL,NULL,NULL,NULL
s1400,Dramas, Independent Movies,NULL,NULL,NULL,NULL,NULL,NULL
s1401,Reality TV,NULL,NULL,NULL,NULL,NULL,NULL,NULL
s1402,Kids' TV, TV Thrillers,NULL,NULL,NULL,NULL,NULL,NULL
s1403,TV Action & Adventure, TV Comedies, TV Sci-Fi & Fantasy,NULL,NULL,NULL,NULL,NULL
s1404,Children & Family Movies, Comedies, Dramas,NULL,NULL,NULL,NULL,NULL
s1405,Kids' TV, TV Comedies,NULL,NULL,NULL,NULL,NULL,NULL
s1406,Action & Adventure,NULL,NULL,NULL,NULL,NULL,NULL,NULL
s1407,Children & Family Movies, Comedies,NULL,NULL,NULL,NULL,NULL,NULL
s1408,Children & Family Movies,NULL,NULL,NULL,NULL,NULL,NULL,NULL
s1409,TV Dramas, TV Sci-Fi & Fantasy,NULL,NULL,NULL,NULL,NULL,NULL
s1410,Thrillers,NULL,NULL,NULL,NULL,NULL,NULL,NULL
s1411,Dramas, International Movies,NULL,NULL,NULL,NULL,NULL,NULL
s1412,Documentaries,NULL,NULL,NULL,NULL,NULL,NULL,NULL
s1413,Dramas, International Movies, LGBTQ Movies,NULL,NULL,NULL,NULL,NULL
s1414,Dramas, International Movies,NULL,NULL,NULL,NULL,NULL,NULL
s1415,Comedies, Dramas, International Movies,NULL,NULL,NULL,NULL,NULL
s1416,Dramas, Thrillers,NULL,NULL,NULL,NULL,NULL,NULL
s1417,Crime TV Shows, Docuseries,NULL,NULL,NULL,NULL,NULL,NULL
s1418,International Movies, Thrillers,NULL,NULL,NULL,NULL,NULL,NULL
s1419,Stand-Up Comedy,NULL,NULL,NULL,NULL,NULL,NULL,NULL
s1420,British TV Shows, Romantic TV Shows, TV Dramas,NULL,NULL,NULL,NULL,NULL
s1421,Documentaries,NULL,NULL,NULL,NULL,NULL,NULL,NULL
s1422,Comedies, Dramas, International Movies,NULL,NULL,NULL,NULL,NULL
s1423,Dramas, International Movies,NULL,NULL,NULL,NULL,NULL,NULL
s1424,Comedies, International Movies, Romantic Movies,NULL,NULL,NULL,NULL,NULL
s1425,Children & Family Movies, Comedies,NULL,NULL,NULL,NULL,NULL,NULL
s1426,Documentaries,NULL,NULL,NULL,NULL,NULL,NULL,NULL
s1427,Dramas, International Movies,NULL,NULL,NULL,NULL,NULL,NULL
s1428,British TV Shows, Crime TV Shows, Docuseries,NULL,NULL,NULL,NULL,NULL
s1429,Dramas, Independent Movies, International Movies,NULL,NULL,NULL,NULL,NULL
s1430,Kids' TV, TV Comedies,NULL,NULL,NULL,NULL,NULL,NULL
s1431,Docuseries,NULL,NULL,NULL,NULL,NULL,NULL,NULL
s1432,Comedies, Dramas, International Movies,NULL,NULL,NULL,NULL,NULL
s1433,Anime Series, International TV Shows, Spanish-Language TV Shows,NULL,NULL,NULL,NULL,NULL
s1434,Dramas, International Movies,NULL,NULL,NULL,NULL,NULL,NULL
s1435,Children & Family Movies, Comedies,NULL,NULL,NULL,NULL,NULL,NULL
s1436,Dramas,NULL,NULL,NULL,NULL,NULL,NULL,NULL
s1437,Documentaries, International Movies, Music & Musicals,NULL,NULL,NULL,NULL,NULL
s1438,Docuseries, Reality TV,NULL,NULL,NULL,NULL,NULL,NULL
s1439,Documentaries, International Movies, Sports Movies,NULL,NULL,NULL,NULL,NULL
s1440,Docuseries, TV Comedies,NULL,NULL,NULL,NULL,NULL,NULL
s1441,International TV Shows, Reality TV, Spanish-Language TV Shows,NULL,NULL,NULL,NULL,NULL
s1442,Action & Adventure, Comedies, International Movies,NULL,NULL,NULL,NULL,NULL
s1443,Docuseries, International TV Shows,NULL,NULL,NULL,NULL,NULL,NULL
s1444,Docuseries,NULL,NULL,NULL,NULL,NULL,NULL,NULL
s1445,Comedies, Romantic Movies, Sports Movies,NULL,NULL,NULL,NULL,NULL
s1446,Action & Adventure, Comedies, International Movies,NULL,NULL,NULL,NULL,NULL
s1447,Comedies,NULL,NULL,NULL,NULL,NULL,NULL,NULL
s1448,Horror Movies, Thrillers,NULL,NULL,NULL,NULL,NULL,NULL
s1449,TV Action & Adventure, TV Comedies, TV Dramas,NULL,NULL,NULL,NULL,NULL
s1450,Reality TV,NULL,NULL,NULL,NULL,NULL,NULL,NULL
s1451,Stand-Up Comedy,NULL,NULL,NULL,NULL,NULL,NULL,NULL
s1452,Children & Family Movies, Dramas, Sports Movies,NULL,NULL,NULL,NULL,NULL
s1453,Dramas, Independent Movies,NULL,NULL,NULL,NULL,NULL,NULL
s1454,Children & Family Movies, Comedies,NULL,NULL,NULL,NULL,NULL,NULL
s1455,Documentaries,NULL,NULL,NULL,NULL,NULL,NULL,NULL
s1456,Docuseries, Science & Nature TV,NULL,NULL,NULL,NULL,NULL,NULL
s1457,Action & Adventure, Dramas, Independent Movies,NULL,NULL,NULL,NULL,NULL
s1458,Spanish-Language TV Shows, TV Dramas,NULL,NULL,NULL,NULL,NULL,NULL
s1459,Action & Adventure,NULL,NULL,NULL,NULL,NULL,NULL,NULL
s1460,Comedies,NULL,NULL,NULL,NULL,NULL,NULL,NULL
s1461,International TV Shows, Spanish-Language TV Shows, TV Dramas,NULL,NULL,NULL,NULL,NULL
s1462,Comedies, Dramas, Independent Movies,NULL,NULL,NULL,NULL,NULL
s1463,Kids' TV, TV Comedies,NULL,NULL,NULL,NULL,NULL,NULL
s1464,Kids' TV,NULL,NULL,NULL,NULL,NULL,NULL,NULL
s1465,Documentaries,NULL,NULL,NULL,NULL,NULL,NULL,NULL
s1466,Kids' TV, TV Comedies, TV Sci-Fi & Fantasy,NULL,NULL,NULL,NULL,NULL
s1467,Documentaries,NULL,NULL,NULL,NULL,NULL,NULL,NULL
s1468,Action & Adventure, Thrillers,NULL,NULL,NULL,NULL,NULL,NULL
s1469,Comedies, International Movies,NULL,NULL,NULL,NULL,NULL,NULL
s1470,Classic Movies, Dramas, Independent Movies,NULL,NULL,NULL,NULL,NULL
s1471,Dramas, LGBTQ Movies,NULL,NULL,NULL,NULL,NULL,NULL
s1472,Stand-Up Comedy,NULL,NULL,NULL,NULL,NULL,NULL,NULL
s1473,Comedies, Dramas, International Movies,NULL,NULL,NULL,NULL,NULL
s1474,TV Horror, TV Mysteries, TV Sci-Fi & Fantasy,NULL,NULL,NULL,NULL,NULL
s1475,Action & Adventure, Dramas, Faith & Spirituality,NULL,NULL,NULL,NULL,NULL
s1476,Comedies, Dramas, International Movies,NULL,NULL,NULL,NULL,NULL
s1477,Reality TV,NULL,NULL,NULL,NULL,NULL,NULL,NULL
s1478,Crime TV Shows, TV Dramas, TV Thrillers,NULL,NULL,NULL,NULL,NULL
s1479,International TV Shows, TV Mysteries, TV Thrillers,NULL,NULL,NULL,NULL,NULL
s1480,Crime TV Shows, Docuseries, International TV Shows,NULL,NULL,NULL,NULL,NULL
s1481,British TV Shows, Classic & Cult TV, International TV Shows,NULL,NULL,NULL,NULL,NULL
s1482,Horror Movies, International Movies,NULL,NULL,NULL,NULL,NULL,NULL
s1483,Anime Series,NULL,NULL,NULL,NULL,NULL,NULL,NULL
s1484,International TV Shows, Romantic TV Shows, TV Comedies,NULL,NULL,NULL,NULL,NULL
s1485,Dramas,NULL,NULL,NULL,NULL,NULL,NULL,NULL
s1486,Children & Family Movies, Comedies,NULL,NULL,NULL,NULL,NULL,NULL
s1487,Comedies,NULL,NULL,NULL,NULL,NULL,NULL,NULL
s1488,Crime TV Shows, International TV Shows, TV Dramas,NULL,NULL,NULL,NULL,NULL
s1489,Dramas, International Movies,NULL,NULL,NULL,NULL,NULL,NULL
s1490,Docuseries, International TV Shows,NULL,NULL,NULL,NULL,NULL,NULL
s1491,Children & Family Movies,NULL,NULL,NULL,NULL,NULL,NULL,NULL
s1492,Comedies, Dramas, International Movies,NULL,NULL,NULL,NULL,NULL
s1493,Romantic TV Shows, TV Dramas,NULL,NULL,NULL,NULL,NULL,NULL
s1494,International Movies, Romantic Movies,NULL,NULL,NULL,NULL,NULL,NULL
s1495,Children & Family Movies, Comedies,NULL,NULL,NULL,NULL,NULL,NULL
s1496,Comedies, Dramas, International Movies,NULL,NULL,NULL,NULL,NULL
s1497,Children & Family Movies, Dramas, International Movies,NULL,NULL,NULL,NULL,NULL
s1498,Dramas, International Movies, Romantic Movies,NULL,NULL,NULL,NULL,NULL
s1499,Action & Adventure, Comedies, Independent Movies,NULL,NULL,NULL,NULL,NULL
s1500,Dramas,NULL,NULL,NULL,NULL,NULL,NULL,NULL
s1501,Dramas, International Movies, LGBTQ Movies,NULL,NULL,NULL,NULL,NULL
s1502,Dramas, Romantic Movies,NULL,NULL,NULL,NULL,NULL,NULL
s1503,Stand-Up Comedy,NULL,NULL,NULL,NULL,NULL,NULL,NULL
s1504,International TV Shows, Romantic TV Shows, TV Comedies,NULL,NULL,NULL,NULL,NULL
s1505,Music & Musicals,NULL,NULL,NULL,NULL,NULL,NULL,NULL
s1506,Kids' TV,NULL,NULL,NULL,NULL,NULL,NULL,NULL
s1507,British TV Shows, Kids' TV, TV Comedies,NULL,NULL,NULL,NULL,NULL
s1508,Children & Family Movies, Comedies,NULL,NULL,NULL,NULL,NULL,NULL
s1509,British TV Shows, Kids' TV,NULL,NULL,NULL,NULL,NULL,NULL
s1510,Documentaries, Music & Musicals,NULL,NULL,NULL,NULL,NULL,NULL
s1511,Comedies,NULL,NULL,NULL,NULL,NULL,NULL,NULL
s1512,Comedies, International Movies,NULL,NULL,NULL,NULL,NULL,NULL
s1513,Stand-Up Comedy,NULL,NULL,NULL,NULL,NULL,NULL,NULL
s1514,Dramas,NULL,NULL,NULL,NULL,NULL,NULL,NULL
s1515,Crime TV Shows, International TV Shows, TV Dramas,NULL,NULL,NULL,NULL,NULL
s1516,Comedies,NULL,NULL,NULL,NULL,NULL,NULL,NULL
s1517,International TV Shows, Romantic TV Shows, TV Comedies,NULL,NULL,NULL,NULL,NULL
s1518,Dramas, Music & Musicals,NULL,NULL,NULL,NULL,NULL,NULL
s1519,Documentaries, Music & Musicals,NULL,NULL,NULL,NULL,NULL,NULL
s1520,Children & Family Movies, Comedies, Dramas,NULL,NULL,NULL,NULL,NULL
s1521,International TV Shows, TV Dramas,NULL,NULL,NULL,NULL,NULL,NULL
s1522,Dramas, Independent Movies, International Movies,NULL,NULL,NULL,NULL,NULL
s1523,Dramas, International Movies, Romantic Movies,NULL,NULL,NULL,NULL,NULL
s1524,Comedies, Dramas, International Movies,NULL,NULL,NULL,NULL,NULL
s1525,Action & Adventure,NULL,NULL,NULL,NULL,NULL,NULL,NULL
s1526,Dramas, International Movies, Romantic Movies,NULL,NULL,NULL,NULL,NULL
s1527,Comedies, International Movies, Romantic Movies,NULL,NULL,NULL,NULL,NULL
s1528,British TV Shows, Kids' TV,NULL,NULL,NULL,NULL,NULL,NULL
s1529,International TV Shows, Romantic TV Shows, TV Comedies,NULL,NULL,NULL,NULL,NULL
s1530,International Movies, Romantic Movies,NULL,NULL,NULL,NULL,NULL,NULL
s1531,Stand-Up Comedy & Talk Shows, TV Comedies,NULL,NULL,NULL,NULL,NULL,NULL
s1532,Dramas, International Movies, Romantic Movies,NULL,NULL,NULL,NULL,NULL
s1533,Docuseries, International TV Shows,NULL,NULL,NULL,NULL,NULL,NULL
s1534,Docuseries, Spanish-Language TV Shows,NULL,NULL,NULL,NULL,NULL,NULL
s1535,Dramas, International Movies, LGBTQ Movies,NULL,NULL,NULL,NULL,NULL
s1536,International TV Shows, TV Comedies, TV Dramas,NULL,NULL,NULL,NULL,NULL
s1537,Horror Movies, Thrillers,NULL,NULL,NULL,NULL,NULL,NULL
s1538,Dramas,NULL,NULL,NULL,NULL,NULL,NULL,NULL
s1539,Anime Series, International TV Shows,NULL,NULL,NULL,NULL,NULL,NULL
s1540,Anime Series, International TV Shows,NULL,NULL,NULL,NULL,NULL,NULL
s1541,Dramas, Thrillers,NULL,NULL,NULL,NULL,NULL,NULL
s1542,British TV Shows, Crime TV Shows, Docuseries,NULL,NULL,NULL,NULL,NULL
s1543,Stand-Up Comedy,NULL,NULL,NULL,NULL,NULL,NULL,NULL
s1544,Reality TV,NULL,NULL,NULL,NULL,NULL,NULL,NULL
s1545,Dramas, Independent Movies, Sports Movies,NULL,NULL,NULL,NULL,NULL
s1546,Kids' TV, TV Comedies,NULL,NULL,NULL,NULL,NULL,NULL
s1547,Docuseries,NULL,NULL,NULL,NULL,NULL,NULL,NULL
s1548,Reality TV,NULL,NULL,NULL,NULL,NULL,NULL,NULL
s1549,Reality TV,NULL,NULL,NULL,NULL,NULL,NULL,NULL
s1550,Dramas, Independent Movies,NULL,NULL,NULL,NULL,NULL,NULL
s1551,Comedies, Romantic Movies,NULL,NULL,NULL,NULL,NULL,NULL
s1552,Kids' TV,NULL,NULL,NULL,NULL,NULL,NULL,NULL
s1553,TV Dramas, TV Mysteries, TV Thrillers,NULL,NULL,NULL,NULL,NULL
s1554,Comedies,NULL,NULL,NULL,NULL,NULL,NULL,NULL
s1555,International TV Shows, TV Dramas, TV Thrillers,NULL,NULL,NULL,NULL,NULL
s1556,Kids' TV, TV Comedies,NULL,NULL,NULL,NULL,NULL,NULL
s1557,Children & Family Movies,NULL,NULL,NULL,NULL,NULL,NULL,NULL
s1558,Children & Family Movies, Dramas,NULL,NULL,NULL,NULL,NULL,NULL
s1559,Documentaries,NULL,NULL,NULL,NULL,NULL,NULL,NULL
s1560,International TV Shows, Spanish-Language TV Shows, TV Dramas,NULL,NULL,NULL,NULL,NULL
s1561,Comedies, LGBTQ Movies, Music & Musicals,NULL,NULL,NULL,NULL,NULL
s1562,Dramas, International Movies, Sports Movies,NULL,NULL,NULL,NULL,NULL
s1563,International TV Shows, TV Action & Adventure, TV Mysteries,NULL,NULL,NULL,NULL,NULL
s1564,Dramas, LGBTQ Movies,NULL,NULL,NULL,NULL,NULL,NULL
s1565,Crime TV Shows, International TV Shows, TV Dramas,NULL,NULL,NULL,NULL,NULL
s1566,International Movies, Romantic Movies,NULL,NULL,NULL,NULL,NULL,NULL
s1567,Dramas, International Movies, Romantic Movies,NULL,NULL,NULL,NULL,NULL
s1568,Comedies, International Movies, LGBTQ Movies,NULL,NULL,NULL,NULL,NULL
s1569,Dramas, Independent Movies, International Movies,NULL,NULL,NULL,NULL,NULL
s1570,International TV Shows, TV Comedies,NULL,NULL,NULL,NULL,NULL,NULL
s1571,International TV Shows, Romantic TV Shows, TV Dramas,NULL,NULL,NULL,NULL,NULL
s1572,Comedies, Dramas, International Movies,NULL,NULL,NULL,NULL,NULL
s1573,Kids' TV, TV Comedies,NULL,NULL,NULL,NULL,NULL,NULL
s1574,Kids' TV, TV Comedies, Teen TV Shows,NULL,NULL,NULL,NULL,NULL
s1575,Docuseries, Science & Nature TV,NULL,NULL,NULL,NULL,NULL,NULL
s1576,Documentaries, International Movies,NULL,NULL,NULL,NULL,NULL,NULL
s1577,Children & Family Movies, Comedies,NULL,NULL,NULL,NULL,NULL,NULL
s1578,Documentaries, International Movies, Music & Musicals,NULL,NULL,NULL,NULL,NULL
s1579,International TV Shows, Romantic TV Shows, TV Dramas,NULL,NULL,NULL,NULL,NULL
s1580,TV Comedies, Teen TV Shows,NULL,NULL,NULL,NULL,NULL,NULL
s1581,Children & Family Movies,NULL,NULL,NULL,NULL,NULL,NULL,NULL
s1582,Children & Family Movies,NULL,NULL,NULL,NULL,NULL,NULL,NULL
s1583,Dramas, Thrillers,NULL,NULL,NULL,NULL,NULL,NULL
s1584,International TV Shows, Romantic TV Shows, TV Dramas,NULL,NULL,NULL,NULL,NULL
s1585,Action & Adventure, Dramas,NULL,NULL,NULL,NULL,NULL,NULL
s1586,Crime TV Shows, TV Dramas, TV Mysteries,NULL,NULL,NULL,NULL,NULL
s1587,Crime TV Shows, Docuseries, International TV Shows,NULL,NULL,NULL,NULL,NULL
s1588,International TV Shows, TV Dramas, TV Horror,NULL,NULL,NULL,NULL,NULL
s1589,Children & Family Movies,NULL,NULL,NULL,NULL,NULL,NULL,NULL
s1590,International TV Shows, Romantic TV Shows, TV Comedies,NULL,NULL,NULL,NULL,NULL
s1591,TV Comedies,NULL,NULL,NULL,NULL,NULL,NULL,NULL
s1592,Children & Family Movies, Comedies,NULL,NULL,NULL,NULL,NULL,NULL
s1593,Comedies, International Movies, Thrillers,NULL,NULL,NULL,NULL,NULL
s1594,Crime TV Shows, International TV Shows, TV Dramas,NULL,NULL,NULL,NULL,NULL
s1595,Comedies, International Movies,NULL,NULL,NULL,NULL,NULL,NULL
s1596,Dramas, Independent Movies,NULL,NULL,NULL,NULL,NULL,NULL
s1597,British TV Shows, Reality TV,NULL,NULL,NULL,NULL,NULL,NULL
s1598,Children & Family Movies, Dramas,NULL,NULL,NULL,NULL,NULL,NULL
s1599,Dramas, International Movies, Romantic Movies,NULL,NULL,NULL,NULL,NULL
s1600,Comedies, Dramas, International Movies,NULL,NULL,NULL,NULL,NULL
s1601,Children & Family Movies,NULL,NULL,NULL,NULL,NULL,NULL,NULL
s1602,Comedies, International Movies,NULL,NULL,NULL,NULL,NULL,NULL
s1603,Comedies, Dramas, International Movies,NULL,NULL,NULL,NULL,NULL
s1604,British TV Shows, Docuseries, International TV Shows,NULL,NULL,NULL,NULL,NULL
s1605,Stand-Up Comedy,NULL,NULL,NULL,NULL,NULL,NULL,NULL
s1606,International TV Shows, TV Comedies, TV Dramas,NULL,NULL,NULL,NULL,NULL
s1607,Comedies, Dramas, International Movies,NULL,NULL,NULL,NULL,NULL
s1608,Stand-Up Comedy,NULL,NULL,NULL,NULL,NULL,NULL,NULL
s1609,Action & Adventure,NULL,NULL,NULL,NULL,NULL,NULL,NULL
s1610,Children & Family Movies,NULL,NULL,NULL,NULL,NULL,NULL,NULL
s1611,Thrillers,NULL,NULL,NULL,NULL,NULL,NULL,NULL
s1612,Reality TV,NULL,NULL,NULL,NULL,NULL,NULL,NULL
s1613,Comedies, Independent Movies,NULL,NULL,NULL,NULL,NULL,NULL
s1614,Dramas, International Movies, Romantic Movies,NULL,NULL,NULL,NULL,NULL
s1615,Kids' TV,NULL,NULL,NULL,NULL,NULL,NULL,NULL
s1616,Reality TV,NULL,NULL,NULL,NULL,NULL,NULL,NULL
s1617,Children & Family Movies, Comedies,NULL,NULL,NULL,NULL,NULL,NULL
s1618,Comedies,NULL,NULL,NULL,NULL,NULL,NULL,NULL
s1619,British TV Shows, Kids' TV,NULL,NULL,NULL,NULL,NULL,NULL
s1620,Kids' TV, TV Comedies,NULL,NULL,NULL,NULL,NULL,NULL
s1621,Action & Adventure,NULL,NULL,NULL,NULL,NULL,NULL,NULL
s1622,Action & Adventure,NULL,NULL,NULL,NULL,NULL,NULL,NULL
s1623,Classic & Cult TV, TV Action & Adventure, TV Sci-Fi & Fantasy,NULL,NULL,NULL,NULL,NULL
s1624,Reality TV, Romantic TV Shows,NULL,NULL,NULL,NULL,NULL,NULL
s1625,Thrillers,NULL,NULL,NULL,NULL,NULL,NULL,NULL
s1626,International TV Shows, TV Horror, TV Mysteries,NULL,NULL,NULL,NULL,NULL
s1627,Action & Adventure, Comedies,NULL,NULL,NULL,NULL,NULL,NULL
s1628,Docuseries,NULL,NULL,NULL,NULL,NULL,NULL,NULL
s1629,British TV Shows, Reality TV,NULL,NULL,NULL,NULL,NULL,NULL
s1630,Horror Movies, International Movies,NULL,NULL,NULL,NULL,NULL,NULL
s1631,Dramas, International Movies,NULL,NULL,NULL,NULL,NULL,NULL
s1632,Thrillers,NULL,NULL,NULL,NULL,NULL,NULL,NULL
s1633,Children & Family Movies,NULL,NULL,NULL,NULL,NULL,NULL,NULL
s1634,Action & Adventure,NULL,NULL,NULL,NULL,NULL,NULL,NULL
s1635,International TV Shows, TV Action & Adventure, TV Dramas,NULL,NULL,NULL,NULL,NULL
s1636,Children & Family Movies,NULL,NULL,NULL,NULL,NULL,NULL,NULL
s1637,Children & Family Movies, Documentaries,NULL,NULL,NULL,NULL,NULL,NULL
s1638,Horror Movies, International Movies,NULL,NULL,NULL,NULL,NULL,NULL
s1639,International TV Shows, Reality TV,NULL,NULL,NULL,NULL,NULL,NULL
s1640,International TV Shows, TV Dramas, Teen TV Shows,NULL,NULL,NULL,NULL,NULL
s1641,International TV Shows, Romantic TV Shows, TV Comedies,NULL,NULL,NULL,NULL,NULL
s1642,Reality TV,NULL,NULL,NULL,NULL,NULL,NULL,NULL
s1643,Action & Adventure, International Movies,NULL,NULL,NULL,NULL,NULL,NULL
s1644,International Movies, Thrillers,NULL,NULL,NULL,NULL,NULL,NULL
s1645,Comedies, International Movies, LGBTQ Movies,NULL,NULL,NULL,NULL,NULL
s1646,Stand-Up Comedy,NULL,NULL,NULL,NULL,NULL,NULL,NULL
s1647,Action & Adventure, Dramas, International Movies,NULL,NULL,NULL,NULL,NULL
s1648,Comedies, International Movies, Romantic Movies,NULL,NULL,NULL,NULL,NULL
s1649,Horror Movies,NULL,NULL,NULL,NULL,NULL,NULL,NULL
s1650,Anime Series, Crime TV Shows, International TV Shows,NULL,NULL,NULL,NULL,NULL
s1651,Music & Musicals,NULL,NULL,NULL,NULL,NULL,NULL,NULL
s1652,Children & Family Movies, Comedies,NULL,NULL,NULL,NULL,NULL,NULL
s1653,Horror Movies, International Movies, Thrillers,NULL,NULL,NULL,NULL,NULL
s1654,Horror Movies, International Movies, Thrillers,NULL,NULL,NULL,NULL,NULL
s1655,International TV Shows, Romantic TV Shows, TV Comedies,NULL,NULL,NULL,NULL,NULL
s1656,Children & Family Movies, Comedies,NULL,NULL,NULL,NULL,NULL,NULL
s1657,Dramas,NULL,NULL,NULL,NULL,NULL,NULL,NULL
s1658,Dramas, International Movies,NULL,NULL,NULL,NULL,NULL,NULL
s1659,International TV Shows, TV Comedies, TV Dramas,NULL,NULL,NULL,NULL,NULL
s1660,Action & Adventure,NULL,NULL,NULL,NULL,NULL,NULL,NULL
s1661,Documentaries, Music & Musicals,NULL,NULL,NULL,NULL,NULL,NULL
s1662,International TV Shows, Romantic TV Shows, TV Dramas,NULL,NULL,NULL,NULL,NULL
s1663,Action & Adventure, Comedies, International Movies,NULL,NULL,NULL,NULL,NULL
s1664,Children & Family Movies, Music & Musicals,NULL,NULL,NULL,NULL,NULL,NULL
s1665,Action & Adventure,NULL,NULL,NULL,NULL,NULL,NULL,NULL
s1666,International Movies, Thrillers,NULL,NULL,NULL,NULL,NULL,NULL
s1667,Children & Family Movies,NULL,NULL,NULL,NULL,NULL,NULL,NULL
s1668,Docuseries, International TV Shows,NULL,NULL,NULL,NULL,NULL,NULL
s1669,International TV Shows, TV Dramas,NULL,NULL,NULL,NULL,NULL,NULL
s1670,Dramas,NULL,NULL,NULL,NULL,NULL,NULL,NULL
s1671,International TV Shows, Romantic TV Shows, TV Comedies,NULL,NULL,NULL,NULL,NULL
s1672,Children & Family Movies, Comedies,NULL,NULL,NULL,NULL,NULL,NULL
s1673,Docuseries, Reality TV,NULL,NULL,NULL,NULL,NULL,NULL
s1674,Dramas, International Movies,NULL,NULL,NULL,NULL,NULL,NULL
s1675,Action & Adventure, Comedies, International Movies,NULL,NULL,NULL,NULL,NULL
s1676,Comedies, International Movies, Music & Musicals,NULL,NULL,NULL,NULL,NULL
s1677,Dramas, International Movies, Romantic Movies,NULL,NULL,NULL,NULL,NULL
s1678,International Movies, Romantic Movies,NULL,NULL,NULL,NULL,NULL,NULL
s1679,International Movies, Thrillers,NULL,NULL,NULL,NULL,NULL,NULL
s1680,Action & Adventure, Dramas, International Movies,NULL,NULL,NULL,NULL,NULL
s1681,Dramas, International Movies, Thrillers,NULL,NULL,NULL,NULL,NULL
s1682,Children & Family Movies, Comedies, Dramas,NULL,NULL,NULL,NULL,NULL
s1683,Comedies, Dramas, International Movies,NULL,NULL,NULL,NULL,NULL
s1684,Comedies, International Movies,NULL,NULL,NULL,NULL,NULL,NULL
s1685,Reality TV,NULL,NULL,NULL,NULL,NULL,NULL,NULL
s1686,Dramas, International Movies,NULL,NULL,NULL,NULL,NULL,NULL
s1687,Stand-Up Comedy,NULL,NULL,NULL,NULL,NULL,NULL,NULL
s1688,Kids' TV, TV Comedies,NULL,NULL,NULL,NULL,NULL,NULL
s1689,Docuseries, Reality TV,NULL,NULL,NULL,NULL,NULL,NULL
s1690,Dramas, Romantic Movies,NULL,NULL,NULL,NULL,NULL,NULL
s1691,Documentaries,NULL,NULL,NULL,NULL,NULL,NULL,NULL
s1692,Music & Musicals, Romantic Movies,NULL,NULL,NULL,NULL,NULL,NULL
s1693,Reality TV,NULL,NULL,NULL,NULL,NULL,NULL,NULL
s1694,Anime Series, Kids' TV,NULL,NULL,NULL,NULL,NULL,NULL
s1695,Children & Family Movies, Comedies,NULL,NULL,NULL,NULL,NULL,NULL
s1696,Romantic Movies,NULL,NULL,NULL,NULL,NULL,NULL,NULL
s1697,Kids' TV,NULL,NULL,NULL,NULL,NULL,NULL,NULL
s1698,Reality TV,NULL,NULL,NULL,NULL,NULL,NULL,NULL
s1699,British TV Shows, International TV Shows, TV Dramas,NULL,NULL,NULL,NULL,NULL
s1700,Children & Family Movies, Classic Movies, Comedies,NULL,NULL,NULL,NULL,NULL
s1701,Thrillers,NULL,NULL,NULL,NULL,NULL,NULL,NULL
s1702,TV Horror, TV Mysteries, TV Thrillers,NULL,NULL,NULL,NULL,NULL
s1703,Children & Family Movies, Comedies,NULL,NULL,NULL,NULL,NULL,NULL
s1704,Children & Family Movies, Music & Musicals,NULL,NULL,NULL,NULL,NULL,NULL
s1705,Documentaries, International Movies,NULL,NULL,NULL,NULL,NULL,NULL
s1706,Dramas, International Movies,NULL,NULL,NULL,NULL,NULL,NULL
s1707,Crime TV Shows, International TV Shows, Spanish-Language TV Shows,NULL,NULL,NULL,NULL,NULL
s1708,International Movies, Romantic Movies,NULL,NULL,NULL,NULL,NULL,NULL
s1709,International TV Shows, TV Dramas,NULL,NULL,NULL,NULL,NULL,NULL
s1710,Dramas, International Movies, Romantic Movies,NULL,NULL,NULL,NULL,NULL
s1711,Dramas, Independent Movies,NULL,NULL,NULL,NULL,NULL,NULL
s1712,Crime TV Shows, International TV Shows, TV Dramas,NULL,NULL,NULL,NULL,NULL
s1713,Comedies, Dramas, International Movies,NULL,NULL,NULL,NULL,NULL
s1714,Dramas, International Movies, LGBTQ Movies,NULL,NULL,NULL,NULL,NULL
s1715,Horror Movies,NULL,NULL,NULL,NULL,NULL,NULL,NULL
s1716,International TV Shows, Reality TV,NULL,NULL,NULL,NULL,NULL,NULL
s1717,TV Comedies,NULL,NULL,NULL,NULL,NULL,NULL,NULL
s1718,TV Action & Adventure, TV Dramas,NULL,NULL,NULL,NULL,NULL,NULL
s1719,Crime TV Shows, Docuseries,NULL,NULL,NULL,NULL,NULL,NULL
s1720,Documentaries, International Movies,NULL,NULL,NULL,NULL,NULL,NULL
s1721,Dramas, International Movies,NULL,NULL,NULL,NULL,NULL,NULL
s1722,TV Shows,NULL,NULL,NULL,NULL,NULL,NULL,NULL
s1723,Romantic TV Shows, TV Comedies, TV Dramas,NULL,NULL,NULL,NULL,NULL
s1724,Anime Series, Kids' TV,NULL,NULL,NULL,NULL,NULL,NULL
s1725,Anime Series, Kids' TV,NULL,NULL,NULL,NULL,NULL,NULL
s1726,Dramas, International Movies,NULL,NULL,NULL,NULL,NULL,NULL
s1727,Reality TV,NULL,NULL,NULL,NULL,NULL,NULL,NULL
s1728,Dramas, International Movies,NULL,NULL,NULL,NULL,NULL,NULL
s1729,Dramas, Independent Movies, International Movies,NULL,NULL,NULL,NULL,NULL
s1730,Comedies,NULL,NULL,NULL,NULL,NULL,NULL,NULL
s1731,International TV Shows, TV Comedies, TV Dramas,NULL,NULL,NULL,NULL,NULL
s1732,Dramas, LGBTQ Movies, Romantic Movies,NULL,NULL,NULL,NULL,NULL
s1733,Dramas, International Movies, Romantic Movies,NULL,NULL,NULL,NULL,NULL
s1734,Crime TV Shows, Docuseries, International TV Shows,NULL,NULL,NULL,NULL,NULL
s1735,Comedies, Romantic Movies,NULL,NULL,NULL,NULL,NULL,NULL
s1736,Dramas, International Movies, Romantic Movies,NULL,NULL,NULL,NULL,NULL
s1737,Children & Family Movies, Comedies, Romantic Movies,NULL,NULL,NULL,NULL,NULL
s1738,International TV Shows, TV Dramas, TV Horror,NULL,NULL,NULL,NULL,NULL
s1739,Dramas, Romantic Movies,NULL,NULL,NULL,NULL,NULL,NULL
s1740,Comedies, Dramas, Romantic Movies,NULL,NULL,NULL,NULL,NULL
s1741,International TV Shows, Romantic TV Shows, TV Comedies,NULL,NULL,NULL,NULL,NULL
s1742,Dramas, International Movies,NULL,NULL,NULL,NULL,NULL,NULL
s1743,Stand-Up Comedy,NULL,NULL,NULL,NULL,NULL,NULL,NULL
s1744,Dramas, International Movies,NULL,NULL,NULL,NULL,NULL,NULL
s1745,Documentaries, International Movies,NULL,NULL,NULL,NULL,NULL,NULL
s1746,Documentaries,NULL,NULL,NULL,NULL,NULL,NULL,NULL
s1747,International TV Shows, TV Comedies, TV Dramas,NULL,NULL,NULL,NULL,NULL
s1748,Sci-Fi & Fantasy, Thrillers,NULL,NULL,NULL,NULL,NULL,NULL
s1749,Reality TV,NULL,NULL,NULL,NULL,NULL,NULL,NULL
s1750,Children & Family Movies, Comedies,NULL,NULL,NULL,NULL,NULL,NULL
s1751,Romantic TV Shows, TV Dramas, Teen TV Shows,NULL,NULL,NULL,NULL,NULL
s1752,Children & Family Movies,NULL,NULL,NULL,NULL,NULL,NULL,NULL
s1753,Children & Family Movies,NULL,NULL,NULL,NULL,NULL,NULL,NULL
s1754,Children & Family Movies,NULL,NULL,NULL,NULL,NULL,NULL,NULL
s1755,Reality TV,NULL,NULL,NULL,NULL,NULL,NULL,NULL
s1756,Docuseries,NULL,NULL,NULL,NULL,NULL,NULL,NULL
s1757,Kids' TV,NULL,NULL,NULL,NULL,NULL,NULL,NULL
s1758,Kids' TV,NULL,NULL,NULL,NULL,NULL,NULL,NULL
s1759,Kids' TV,NULL,NULL,NULL,NULL,NULL,NULL,NULL
s1760,Kids' TV,NULL,NULL,NULL,NULL,NULL,NULL,NULL
s1761,Kids' TV, TV Comedies,NULL,NULL,NULL,NULL,NULL,NULL
s1762,Children & Family Movies, Comedies,NULL,NULL,NULL,NULL,NULL,NULL
s1763,Action & Adventure,NULL,NULL,NULL,NULL,NULL,NULL,NULL
s1764,Dramas, Independent Movies, Thrillers,NULL,NULL,NULL,NULL,NULL
s1765,Dramas, Thrillers,NULL,NULL,NULL,NULL,NULL,NULL
s1766,Kids' TV, TV Comedies,NULL,NULL,NULL,NULL,NULL,NULL
s1767,Crime TV Shows, International TV Shows, TV Dramas,NULL,NULL,NULL,NULL,NULL
s1768,Dramas,NULL,NULL,NULL,NULL,NULL,NULL,NULL
s1769,Action & Adventure, Dramas, Sports Movies,NULL,NULL,NULL,NULL,NULL
s1770,Crime TV Shows, International TV Shows, Korean TV Shows,NULL,NULL,NULL,NULL,NULL
s1771,Comedies, Sports Movies,NULL,NULL,NULL,NULL,NULL,NULL
s1772,Docuseries, International TV Shows,NULL,NULL,NULL,NULL,NULL,NULL
s1773,Action & Adventure, Dramas, International Movies,NULL,NULL,NULL,NULL,NULL
s1774,International TV Shows, Reality TV,NULL,NULL,NULL,NULL,NULL,NULL
s1775,Dramas, Independent Movies, Thrillers,NULL,NULL,NULL,NULL,NULL
s1776,Horror Movies, Independent Movies,NULL,NULL,NULL,NULL,NULL,NULL
s1777,Dramas, International Movies,NULL,NULL,NULL,NULL,NULL,NULL
s1778,Horror Movies, International Movies,NULL,NULL,NULL,NULL,NULL,NULL
s1779,Kids' TV, Korean TV Shows,NULL,NULL,NULL,NULL,NULL,NULL
s1780,TV Action & Adventure, TV Sci-Fi & Fantasy,NULL,NULL,NULL,NULL,NULL,NULL
s1781,Dramas, International Movies, Thrillers,NULL,NULL,NULL,NULL,NULL
s1782,Docuseries, Reality TV,NULL,NULL,NULL,NULL,NULL,NULL
s1783,Crime TV Shows, International TV Shows, TV Dramas,NULL,NULL,NULL,NULL,NULL
s1784,Horror Movies, International Movies,NULL,NULL,NULL,NULL,NULL,NULL
s1785,Horror Movies, International Movies,NULL,NULL,NULL,NULL,NULL,NULL
s1786,Comedies, Romantic Movies,NULL,NULL,NULL,NULL,NULL,NULL
s1787,International Movies,NULL,NULL,NULL,NULL,NULL,NULL,NULL
s1788,Music & Musicals,NULL,NULL,NULL,NULL,NULL,NULL,NULL
s1789,Horror Movies, International Movies,NULL,NULL,NULL,NULL,NULL,NULL
s1790,Documentaries,NULL,NULL,NULL,NULL,NULL,NULL,NULL
s1791,Anime Series,NULL,NULL,NULL,NULL,NULL,NULL,NULL
s1792,Kids' TV,NULL,NULL,NULL,NULL,NULL,NULL,NULL
s1793,Documentaries, International Movies, Sports Movies,NULL,NULL,NULL,NULL,NULL
s1794,Comedies,NULL,NULL,NULL,NULL,NULL,NULL,NULL
s1795,International TV Shows, Romantic TV Shows, TV Mysteries,NULL,NULL,NULL,NULL,NULL
s1796,Comedies, International Movies, Music & Musicals,NULL,NULL,NULL,NULL,NULL
s1797,Action & Adventure, Dramas, Independent Movies,NULL,NULL,NULL,NULL,NULL
s1798,Dramas, Music & Musicals,NULL,NULL,NULL,NULL,NULL,NULL
s1799,Comedies, International Movies, LGBTQ Movies,NULL,NULL,NULL,NULL,NULL
s1800,International TV Shows, TV Action & Adventure, TV Dramas,NULL,NULL,NULL,NULL,NULL
s1801,Docuseries, International TV Shows,NULL,NULL,NULL,NULL,NULL,NULL
s1802,Children & Family Movies, Music & Musicals,NULL,NULL,NULL,NULL,NULL,NULL
s1803,Dramas, Thrillers,NULL,NULL,NULL,NULL,NULL,NULL
s1804,Crime TV Shows, International TV Shows, Spanish-Language TV Shows,NULL,NULL,NULL,NULL,NULL
s1805,TV Dramas,NULL,NULL,NULL,NULL,NULL,NULL,NULL
s1806,Documentaries,NULL,NULL,NULL,NULL,NULL,NULL,NULL
s1807,Horror Movies, International Movies,NULL,NULL,NULL,NULL,NULL,NULL
s1808,Dramas, International Movies, Romantic Movies,NULL,NULL,NULL,NULL,NULL
s1809,Comedies, Dramas, Music & Musicals,NULL,NULL,NULL,NULL,NULL
s1810,Dramas, International Movies, Romantic Movies,NULL,NULL,NULL,NULL,NULL
s1811,Dramas, Independent Movies,NULL,NULL,NULL,NULL,NULL,NULL
s1812,Comedies, Dramas, Independent Movies,NULL,NULL,NULL,NULL,NULL
s1813,Documentaries, International Movies,NULL,NULL,NULL,NULL,NULL,NULL
s1814,Stand-Up Comedy & Talk Shows,NULL,NULL,NULL,NULL,NULL,NULL,NULL
s1815,Dramas, Romantic Movies, Thrillers,NULL,NULL,NULL,NULL,NULL
s1816,Children & Family Movies,NULL,NULL,NULL,NULL,NULL,NULL,NULL
s1817,Action & Adventure, Horror Movies,NULL,NULL,NULL,NULL,NULL,NULL
s1818,Classic Movies, Dramas, International Movies,NULL,NULL,NULL,NULL,NULL
s1819,Dramas, International Movies, Music & Musicals,NULL,NULL,NULL,NULL,NULL
s1820,Comedies, Dramas, International Movies,NULL,NULL,NULL,NULL,NULL
s1821,Documentaries, International Movies,NULL,NULL,NULL,NULL,NULL,NULL
s1822,Dramas, Independent Movies, International Movies,NULL,NULL,NULL,NULL,NULL
s1823,Classic Movies, Dramas, Independent Movies,NULL,NULL,NULL,NULL,NULL
s1824,Documentaries, International Movies,NULL,NULL,NULL,NULL,NULL,NULL
s1825,Dramas, International Movies,NULL,NULL,NULL,NULL,NULL,NULL
s1826,Dramas, International Movies, Romantic Movies,NULL,NULL,NULL,NULL,NULL
s1827,Dramas, Independent Movies, International Movies,NULL,NULL,NULL,NULL,NULL
s1828,Dramas, Independent Movies, International Movies,NULL,NULL,NULL,NULL,NULL
s1829,Crime TV Shows, Docuseries,NULL,NULL,NULL,NULL,NULL,NULL
s1830,Dramas, International Movies,NULL,NULL,NULL,NULL,NULL,NULL
s1831,Comedies, International Movies, Romantic Movies,NULL,NULL,NULL,NULL,NULL
s1832,Documentaries, International Movies,NULL,NULL,NULL,NULL,NULL,NULL
s1833,Dramas, International Movies,NULL,NULL,NULL,NULL,NULL,NULL
s1834,Children & Family Movies, Comedies,NULL,NULL,NULL,NULL,NULL,NULL
s1835,International TV Shows, Romantic TV Shows, TV Comedies,NULL,NULL,NULL,NULL,NULL
s1836,Action & Adventure,NULL,NULL,NULL,NULL,NULL,NULL,NULL
s1837,Comedies, International Movies, Romantic Movies,NULL,NULL,NULL,NULL,NULL
s1838,TV Dramas, Teen TV Shows,NULL,NULL,NULL,NULL,NULL,NULL
s1839,Action & Adventure,NULL,NULL,NULL,NULL,NULL,NULL,NULL
s1840,International TV Shows, TV Action & Adventure, TV Dramas,NULL,NULL,NULL,NULL,NULL
s1841,Crime TV Shows, International TV Shows, Spanish-Language TV Shows,NULL,NULL,NULL,NULL,NULL
s1842,Kids' TV, TV Comedies,NULL,NULL,NULL,NULL,NULL,NULL
s1843,Dramas,NULL,NULL,NULL,NULL,NULL,NULL,NULL
s1844,Horror Movies, Thrillers,NULL,NULL,NULL,NULL,NULL,NULL
s1845,Children & Family Movies,NULL,NULL,NULL,NULL,NULL,NULL,NULL
s1846,Action & Adventure,NULL,NULL,NULL,NULL,NULL,NULL,NULL
s1847,Action & Adventure, Comedies, International Movies,NULL,NULL,NULL,NULL,NULL
s1848,British TV Shows, Kids' TV,NULL,NULL,NULL,NULL,NULL,NULL
s1849,TV Comedies,NULL,NULL,NULL,NULL,NULL,NULL,NULL
s1850,Dramas, International Movies,NULL,NULL,NULL,NULL,NULL,NULL
s1851,Dramas, International Movies, Romantic Movies,NULL,NULL,NULL,NULL,NULL
s1852,TV Comedies, Teen TV Shows,NULL,NULL,NULL,NULL,NULL,NULL
s1853,Kids' TV,NULL,NULL,NULL,NULL,NULL,NULL,NULL
s1854,Documentaries, International Movies,NULL,NULL,NULL,NULL,NULL,NULL
s1855,TV Comedies, TV Dramas,NULL,NULL,NULL,NULL,NULL,NULL
s1856,Action & Adventure, International Movies, Romantic Movies,NULL,NULL,NULL,NULL,NULL
s1857,Documentaries, Music & Musicals,NULL,NULL,NULL,NULL,NULL,NULL
s1858,Documentaries, International Movies,NULL,NULL,NULL,NULL,NULL,NULL
s1859,International Movies, Romantic Movies, Thrillers,NULL,NULL,NULL,NULL,NULL
s1860,Children & Family Movies,NULL,NULL,NULL,NULL,NULL,NULL,NULL
s1861,Reality TV, TV Comedies,NULL,NULL,NULL,NULL,NULL,NULL
s1862,Comedies, Dramas, International Movies,NULL,NULL,NULL,NULL,NULL
s1863,Cult Movies, Dramas, International Movies,NULL,NULL,NULL,NULL,NULL
s1864,Comedies, International Movies, Romantic Movies,NULL,NULL,NULL,NULL,NULL
s1865,Kids' TV, TV Comedies,NULL,NULL,NULL,NULL,NULL,NULL
s1866,Comedies, International Movies,NULL,NULL,NULL,NULL,NULL,NULL
s1867,Dramas, International Movies,NULL,NULL,NULL,NULL,NULL,NULL
s1868,Horror Movies,NULL,NULL,NULL,NULL,NULL,NULL,NULL
s1869,Docuseries,NULL,NULL,NULL,NULL,NULL,NULL,NULL
s1870,Comedies, International Movies, Romantic Movies,NULL,NULL,NULL,NULL,NULL
s1871,Comedies, International Movies,NULL,NULL,NULL,NULL,NULL,NULL
s1872,Children & Family Movies,NULL,NULL,NULL,NULL,NULL,NULL,NULL
s1873,Comedies, Dramas, Independent Movies,NULL,NULL,NULL,NULL,NULL
s1874,TV Dramas, TV Horror, TV Mysteries,NULL,NULL,NULL,NULL,NULL
s1875,Documentaries, International Movies, Music & Musicals,NULL,NULL,NULL,NULL,NULL
s1876,International TV Shows, Romantic TV Shows, TV Comedies,NULL,NULL,NULL,NULL,NULL
s1877,Dramas, International Movies,NULL,NULL,NULL,NULL,NULL,NULL
s1878,Crime TV Shows, International TV Shows, TV Dramas,NULL,NULL,NULL,NULL,NULL
s1879,TV Action & Adventure, TV Dramas, TV Sci-Fi & Fantasy,NULL,NULL,NULL,NULL,NULL
s1880,Comedies, Horror Movies,NULL,NULL,NULL,NULL,NULL,NULL
s1881,International TV Shows, TV Dramas, TV Mysteries,NULL,NULL,NULL,NULL,NULL
s1882,Comedies,NULL,NULL,NULL,NULL,NULL,NULL,NULL
s1883,Documentaries, Music & Musicals,NULL,NULL,NULL,NULL,NULL,NULL
s1884,Children & Family Movies,NULL,NULL,NULL,NULL,NULL,NULL,NULL
s1885,Dramas, Romantic Movies,NULL,NULL,NULL,NULL,NULL,NULL
s1886,British TV Shows, Docuseries, International TV Shows,NULL,NULL,NULL,NULL,NULL
s1887,Documentaries,NULL,NULL,NULL,NULL,NULL,NULL,NULL
s1888,Documentaries, LGBTQ Movies,NULL,NULL,NULL,NULL,NULL,NULL
s1889,Dramas, International Movies, Sports Movies,NULL,NULL,NULL,NULL,NULL
s1890,Kids' TV,NULL,NULL,NULL,NULL,NULL,NULL,NULL
s1891,Kids' TV,NULL,NULL,NULL,NULL,NULL,NULL,NULL
s1892,Comedies, International Movies, Romantic Movies,NULL,NULL,NULL,NULL,NULL
s1893,Children & Family Movies,NULL,NULL,NULL,NULL,NULL,NULL,NULL
s1894,Kids' TV, TV Comedies,NULL,NULL,NULL,NULL,NULL,NULL
s1895,Romantic TV Shows, TV Comedies, TV Dramas,NULL,NULL,NULL,NULL,NULL
s1896,Kids' TV, TV Dramas,NULL,NULL,NULL,NULL,NULL,NULL
s1897,Dramas, International Movies,NULL,NULL,NULL,NULL,NULL,NULL
s1898,Comedies, Dramas, International Movies,NULL,NULL,NULL,NULL,NULL
s1899,Horror Movies, International Movies, Thrillers,NULL,NULL,NULL,NULL,NULL
s1900,Comedies, International Movies, Romantic Movies,NULL,NULL,NULL,NULL,NULL
s1901,Comedies, Horror Movies,NULL,NULL,NULL,NULL,NULL,NULL
s1902,Comedies, International Movies, Romantic Movies,NULL,NULL,NULL,NULL,NULL
s1903,Action & Adventure, Comedies, International Movies,NULL,NULL,NULL,NULL,NULL
s1904,Dramas, Thrillers,NULL,NULL,NULL,NULL,NULL,NULL
s1905,Documentaries, LGBTQ Movies,NULL,NULL,NULL,NULL,NULL,NULL
s1906,Action & Adventure, Dramas, International Movies,NULL,NULL,NULL,NULL,NULL
s1907,TV Dramas,NULL,NULL,NULL,NULL,NULL,NULL,NULL
s1908,International TV Shows, Romantic TV Shows, TV Dramas,NULL,NULL,NULL,NULL,NULL
s1909,Anime Series, International TV Shows, Teen TV Shows,NULL,NULL,NULL,NULL,NULL
s1910,Action & Adventure, Dramas,NULL,NULL,NULL,NULL,NULL,NULL
s1911,Crime TV Shows, International TV Shows, TV Mysteries,NULL,NULL,NULL,NULL,NULL
s1912,Documentaries,NULL,NULL,NULL,NULL,NULL,NULL,NULL
s1913,Action & Adventure, Comedies, Dramas,NULL,NULL,NULL,NULL,NULL
s1914,Documentaries, International Movies,NULL,NULL,NULL,NULL,NULL,NULL
s1915,Docuseries, International TV Shows,NULL,NULL,NULL,NULL,NULL,NULL
s1916,International TV Shows, TV Dramas,NULL,NULL,NULL,NULL,NULL,NULL
s1917,Documentaries, Music & Musicals,NULL,NULL,NULL,NULL,NULL,NULL
s1918,International TV Shows, Romantic TV Shows, Spanish-Language TV Shows,NULL,NULL,NULL,NULL,NULL
s1919,Anime Series, International TV Shows,NULL,NULL,NULL,NULL,NULL,NULL
s1920,Comedies, International Movies, Romantic Movies,NULL,NULL,NULL,NULL,NULL
s1921,Comedies, Independent Movies, International Movies,NULL,NULL,NULL,NULL,NULL
s1922,Action & Adventure, Dramas,NULL,NULL,NULL,NULL,NULL,NULL
s1923,TV Comedies,NULL,NULL,NULL,NULL,NULL,NULL,NULL
s1924,TV Comedies, TV Dramas,NULL,NULL,NULL,NULL,NULL,NULL
s1925,Dramas, Thrillers,NULL,NULL,NULL,NULL,NULL,NULL
s1926,Crime TV Shows, International TV Shows, Spanish-Language TV Shows,NULL,NULL,NULL,NULL,NULL
s1927,Documentaries,NULL,NULL,NULL,NULL,NULL,NULL,NULL
s1928,Dramas, International Movies,NULL,NULL,NULL,NULL,NULL,NULL
s1929,Anime Series, International TV Shows,NULL,NULL,NULL,NULL,NULL,NULL
s1930,TV Comedies,NULL,NULL,NULL,NULL,NULL,NULL,NULL
s1931,Dramas, International Movies, Thrillers,NULL,NULL,NULL,NULL,NULL
s1932,Dramas, LGBTQ Movies,NULL,NULL,NULL,NULL,NULL,NULL
s1933,Documentaries, LGBTQ Movies,NULL,NULL,NULL,NULL,NULL,NULL
s1934,Crime TV Shows, TV Dramas,NULL,NULL,NULL,NULL,NULL,NULL
s1935,Documentaries,NULL,NULL,NULL,NULL,NULL,NULL,NULL
s1936,Stand-Up Comedy,NULL,NULL,NULL,NULL,NULL,NULL,NULL
s1937,Action & Adventure,NULL,NULL,NULL,NULL,NULL,NULL,NULL
s1938,Documentaries, International Movies, Music & Musicals,NULL,NULL,NULL,NULL,NULL
s1939,Dramas, Independent Movies, International Movies,NULL,NULL,NULL,NULL,NULL
s1940,Comedies, Dramas, International Movies,NULL,NULL,NULL,NULL,NULL
s1941,Comedies, International Movies, Music & Musicals,NULL,NULL,NULL,NULL,NULL
s1942,Comedies, International Movies, Music & Musicals,NULL,NULL,NULL,NULL,NULL
s1943,Comedies, International Movies, Romantic Movies,NULL,NULL,NULL,NULL,NULL
s1944,Comedies, International Movies, Music & Musicals,NULL,NULL,NULL,NULL,NULL
s1945,Dramas, International Movies, Romantic Movies,NULL,NULL,NULL,NULL,NULL
s1946,Dramas, International Movies, Thrillers,NULL,NULL,NULL,NULL,NULL
s1947,Comedies, International Movies, Music & Musicals,NULL,NULL,NULL,NULL,NULL
s1948,Docuseries,NULL,NULL,NULL,NULL,NULL,NULL,NULL
s1949,International TV Shows, TV Action & Adventure, TV Dramas,NULL,NULL,NULL,NULL,NULL
s1950,TV Comedies,NULL,NULL,NULL,NULL,NULL,NULL,NULL
s1951,Dramas, Independent Movies, International Movies,NULL,NULL,NULL,NULL,NULL
s1952,Crime TV Shows, Docuseries, International TV Shows,NULL,NULL,NULL,NULL,NULL
s1953,Kids' TV, TV Comedies,NULL,NULL,NULL,NULL,NULL,NULL
s1954,Dramas, International Movies,NULL,NULL,NULL,NULL,NULL,NULL
s1955,TV Comedies,NULL,NULL,NULL,NULL,NULL,NULL,NULL
s1956,International TV Shows, TV Dramas, TV Mysteries,NULL,NULL,NULL,NULL,NULL
s1957,Documentaries, International Movies, Music & Musicals,NULL,NULL,NULL,NULL,NULL
s1958,Action & Adventure, Sci-Fi & Fantasy, Sports Movies,NULL,NULL,NULL,NULL,NULL
s1959,Docuseries,NULL,NULL,NULL,NULL,NULL,NULL,NULL
s1960,Action & Adventure, Children & Family Movies, Dramas,NULL,NULL,NULL,NULL,NULL
s1961,Documentaries,NULL,NULL,NULL,NULL,NULL,NULL,NULL
s1962,Docuseries,NULL,NULL,NULL,NULL,NULL,NULL,NULL
s1963,Documentaries,NULL,NULL,NULL,NULL,NULL,NULL,NULL
s1964,Dramas, International Movies,NULL,NULL,NULL,NULL,NULL,NULL
s1965,Action & Adventure, International Movies,NULL,NULL,NULL,NULL,NULL,NULL
s1966,Action & Adventure, International Movies,NULL,NULL,NULL,NULL,NULL,NULL
s1967,Action & Adventure, International Movies,NULL,NULL,NULL,NULL,NULL,NULL
s1968,Action & Adventure, International Movies,NULL,NULL,NULL,NULL,NULL,NULL
s1969,Action & Adventure, International Movies,NULL,NULL,NULL,NULL,NULL,NULL
s1970,Action & Adventure, International Movies,NULL,NULL,NULL,NULL,NULL,NULL
s1971,Horror Movies, International Movies, Thrillers,NULL,NULL,NULL,NULL,NULL
s1972,Comedies, International Movies,NULL,NULL,NULL,NULL,NULL,NULL
s1973,Action & Adventure, International Movies,NULL,NULL,NULL,NULL,NULL,NULL
s1974,Kids' TV, TV Comedies,NULL,NULL,NULL,NULL,NULL,NULL
s1975,Dramas, International Movies, Romantic Movies,NULL,NULL,NULL,NULL,NULL
s1976,Comedies, International Movies,NULL,NULL,NULL,NULL,NULL,NULL
s1977,Dramas, International Movies, Thrillers,NULL,NULL,NULL,NULL,NULL
s1978,Dramas, Independent Movies, International Movies,NULL,NULL,NULL,NULL,NULL
s1979,TV Dramas, TV Horror, TV Mysteries,NULL,NULL,NULL,NULL,NULL
s1980,Reality TV,NULL,NULL,NULL,NULL,NULL,NULL,NULL
s1981,Crime TV Shows, TV Dramas, TV Thrillers,NULL,NULL,NULL,NULL,NULL
s1982,Comedies, International Movies, Romantic Movies,NULL,NULL,NULL,NULL,NULL
s1983,International Movies, Thrillers,NULL,NULL,NULL,NULL,NULL,NULL
s1984,Anime Series, International TV Shows,NULL,NULL,NULL,NULL,NULL,NULL
s1985,Documentaries, International Movies, Music & Musicals,NULL,NULL,NULL,NULL,NULL
s1986,Children & Family Movies, Comedies,NULL,NULL,NULL,NULL,NULL,NULL
s1987,International Movies, Thrillers,NULL,NULL,NULL,NULL,NULL,NULL
s1988,Dramas, Independent Movies,NULL,NULL,NULL,NULL,NULL,NULL
s1989,International TV Shows, TV Comedies, TV Dramas,NULL,NULL,NULL,NULL,NULL
s1990,International TV Shows, TV Dramas, Teen TV Shows,NULL,NULL,NULL,NULL,NULL
s1991,Docuseries, Science & Nature TV,NULL,NULL,NULL,NULL,NULL,NULL
s1992,British TV Shows, Crime TV Shows, International TV Shows,NULL,NULL,NULL,NULL,NULL
s1993,Stand-Up Comedy,NULL,NULL,NULL,NULL,NULL,NULL,NULL
s1994,Crime TV Shows, International TV Shows, TV Dramas,NULL,NULL,NULL,NULL,NULL
s1995,Reality TV,NULL,NULL,NULL,NULL,NULL,NULL,NULL
s1996,Dramas, Thrillers,NULL,NULL,NULL,NULL,NULL,NULL
s1997,Dramas, International Movies, Thrillers,NULL,NULL,NULL,NULL,NULL
s1998,Action & Adventure, International Movies,NULL,NULL,NULL,NULL,NULL,NULL
s1999,British TV Shows, International TV Shows, TV Dramas,NULL,NULL,NULL,NULL,NULL
s2000,Documentaries, International Movies,NULL,NULL,NULL,NULL,NULL,NULL
s2001,Stand-Up Comedy,NULL,NULL,NULL,NULL,NULL,NULL,NULL
s2002,Dramas, Independent Movies, Romantic Movies,NULL,NULL,NULL,NULL,NULL
s2003,Docuseries, International TV Shows, Reality TV,NULL,NULL,NULL,NULL,NULL
s2004,Children & Family Movies, Comedies,NULL,NULL,NULL,NULL,NULL,NULL
s2005,Children & Family Movies,NULL,NULL,NULL,NULL,NULL,NULL,NULL
s2006,Dramas, International Movies, Music & Musicals,NULL,NULL,NULL,NULL,NULL
s2007,British TV Shows, Kids' TV,NULL,NULL,NULL,NULL,NULL,NULL
s2008,Children & Family Movies, Comedies, Dramas,NULL,NULL,NULL,NULL,NULL
s2009,International TV Shows, TV Comedies, TV Dramas,NULL,NULL,NULL,NULL,NULL
s2010,TV Comedies,NULL,NULL,NULL,NULL,NULL,NULL,NULL
s2011,Children & Family Movies,NULL,NULL,NULL,NULL,NULL,NULL,NULL
s2012,Children & Family Movies, Comedies,NULL,NULL,NULL,NULL,NULL,NULL
s2013,International TV Shows, Spanish-Language TV Shows, TV Dramas,NULL,NULL,NULL,NULL,NULL
s2014,British TV Shows, International TV Shows, TV Comedies,NULL,NULL,NULL,NULL,NULL
s2015,Stand-Up Comedy,NULL,NULL,NULL,NULL,NULL,NULL,NULL
s2016,Dramas, International Movies, Thrillers,NULL,NULL,NULL,NULL,NULL
s2017,Dramas, International Movies,NULL,NULL,NULL,NULL,NULL,NULL
s2018,Dramas, International Movies,NULL,NULL,NULL,NULL,NULL,NULL
s2019,Dramas, International Movies,NULL,NULL,NULL,NULL,NULL,NULL
s2020,Comedies, Dramas, International Movies,NULL,NULL,NULL,NULL,NULL
s2021,Children & Family Movies, Dramas, International Movies,NULL,NULL,NULL,NULL,NULL
s2022,TV Dramas,NULL,NULL,NULL,NULL,NULL,NULL,NULL
s2023,Kids' TV, TV Comedies,NULL,NULL,NULL,NULL,NULL,NULL
s2024,Dramas, International Movies, Romantic Movies,NULL,NULL,NULL,NULL,NULL
s2025,Comedies, International Movies, Romantic Movies,NULL,NULL,NULL,NULL,NULL
s2026,Comedies, Dramas, International Movies,NULL,NULL,NULL,NULL,NULL
s2027,Comedies, Dramas, International Movies,NULL,NULL,NULL,NULL,NULL
s2028,Children & Family Movies,NULL,NULL,NULL,NULL,NULL,NULL,NULL
s2029,Dramas, International Movies, Thrillers,NULL,NULL,NULL,NULL,NULL
s2030,Comedies, Horror Movies,NULL,NULL,NULL,NULL,NULL,NULL
s2031,Comedies, Dramas, Independent Movies,NULL,NULL,NULL,NULL,NULL
s2032,Dramas, International Movies,NULL,NULL,NULL,NULL,NULL,NULL
s2033,Reality TV,NULL,NULL,NULL,NULL,NULL,NULL,NULL
s2034,Crime TV Shows, Docuseries, International TV Shows,NULL,NULL,NULL,NULL,NULL
s2035,Comedies, International Movies, Music & Musicals,NULL,NULL,NULL,NULL,NULL
s2036,Documentaries,NULL,NULL,NULL,NULL,NULL,NULL,NULL
s2037,Horror Movies, International Movies, Thrillers,NULL,NULL,NULL,NULL,NULL
s2038,International TV Shows, Romantic TV Shows, TV Dramas,NULL,NULL,NULL,NULL,NULL
s2039,Children & Family Movies, Documentaries, International Movies,NULL,NULL,NULL,NULL,NULL
s2040,Dramas, Independent Movies, International Movies,NULL,NULL,NULL,NULL,NULL
s2041,Kids' TV,NULL,NULL,NULL,NULL,NULL,NULL,NULL
s2042,Documentaries,NULL,NULL,NULL,NULL,NULL,NULL,NULL
s2043,TV Dramas, TV Sci-Fi & Fantasy, TV Thrillers,NULL,NULL,NULL,NULL,NULL
s2044,Dramas,NULL,NULL,NULL,NULL,NULL,NULL,NULL
s2045,Romantic TV Shows, TV Dramas, TV Sci-Fi & Fantasy,NULL,NULL,NULL,NULL,NULL
s2046,Dramas, Independent Movies,NULL,NULL,NULL,NULL,NULL,NULL
s2047,Comedies, Dramas, International Movies,NULL,NULL,NULL,NULL,NULL
s2048,Kids' TV,NULL,NULL,NULL,NULL,NULL,NULL,NULL
s2049,Comedies, Dramas, Independent Movies,NULL,NULL,NULL,NULL,NULL
s2050,Comedies, International Movies, Romantic Movies,NULL,NULL,NULL,NULL,NULL
s2051,Stand-Up Comedy,NULL,NULL,NULL,NULL,NULL,NULL,NULL
s2052,Dramas, Independent Movies, International Movies,NULL,NULL,NULL,NULL,NULL
s2053,Comedies, Independent Movies, Romantic Movies,NULL,NULL,NULL,NULL,NULL
s2054,Crime TV Shows, International TV Shows, TV Dramas,NULL,NULL,NULL,NULL,NULL
s2055,Docuseries, Reality TV,NULL,NULL,NULL,NULL,NULL,NULL
s2056,Dramas, Independent Movies, International Movies,NULL,NULL,NULL,NULL,NULL
s2057,Children & Family Movies, Comedies,NULL,NULL,NULL,NULL,NULL,NULL
s2058,Documentaries, International Movies, Music & Musicals,NULL,NULL,NULL,NULL,NULL
s2059,Docuseries, TV Sci-Fi & Fantasy,NULL,NULL,NULL,NULL,NULL,NULL
s2060,Action & Adventure, Dramas, Romantic Movies,NULL,NULL,NULL,NULL,NULL
s2061,International Movies, Romantic Movies,NULL,NULL,NULL,NULL,NULL,NULL
s2062,Children & Family Movies, Music & Musicals,NULL,NULL,NULL,NULL,NULL,NULL
s2063,Anime Series, International TV Shows,NULL,NULL,NULL,NULL,NULL,NULL
s2064,Kids' TV,NULL,NULL,NULL,NULL,NULL,NULL,NULL
s2065,International TV Shows, TV Dramas,NULL,NULL,NULL,NULL,NULL,NULL
s2066,Anime Features, International Movies,NULL,NULL,NULL,NULL,NULL,NULL
s2067,Anime Series, International TV Shows, TV Thrillers,NULL,NULL,NULL,NULL,NULL
s2068,Action & Adventure, Anime Features, International Movies,NULL,NULL,NULL,NULL,NULL
s2069,Stand-Up Comedy & Talk Shows, TV Comedies,NULL,NULL,NULL,NULL,NULL,NULL
s2070,International TV Shows, TV Comedies,NULL,NULL,NULL,NULL,NULL,NULL
s2071,Kids' TV,NULL,NULL,NULL,NULL,NULL,NULL,NULL
s2072,Children & Family Movies, Comedies,NULL,NULL,NULL,NULL,NULL,NULL
s2073,Comedies,NULL,NULL,NULL,NULL,NULL,NULL,NULL
s2074,TV Comedies, Teen TV Shows,NULL,NULL,NULL,NULL,NULL,NULL
s2075,Comedies, Dramas, International Movies,NULL,NULL,NULL,NULL,NULL
s2076,Documentaries, International Movies, Sports Movies,NULL,NULL,NULL,NULL,NULL
s2077,Children & Family Movies, Comedies,NULL,NULL,NULL,NULL,NULL,NULL
s2078,Dramas, International Movies, Sports Movies,NULL,NULL,NULL,NULL,NULL
s2079,Anime Series, International TV Shows, TV Thrillers,NULL,NULL,NULL,NULL,NULL
s2080,Children & Family Movies, Comedies,NULL,NULL,NULL,NULL,NULL,NULL
s2081,British TV Shows, Classic & Cult TV, Kids' TV,NULL,NULL,NULL,NULL,NULL
s2082,Children & Family Movies,NULL,NULL,NULL,NULL,NULL,NULL,NULL
s2083,Comedies, International Movies, Romantic Movies,NULL,NULL,NULL,NULL,NULL
s2084,Action & Adventure,NULL,NULL,NULL,NULL,NULL,NULL,NULL
s2085,Dramas,NULL,NULL,NULL,NULL,NULL,NULL,NULL
s2086,British TV Shows, Crime TV Shows, Docuseries,NULL,NULL,NULL,NULL,NULL
s2087,International TV Shows, TV Comedies, TV Dramas,NULL,NULL,NULL,NULL,NULL
s2088,Action & Adventure, International Movies,NULL,NULL,NULL,NULL,NULL,NULL
s2089,International Movies, Thrillers,NULL,NULL,NULL,NULL,NULL,NULL
s2090,Anime Series, International TV Shows,NULL,NULL,NULL,NULL,NULL,NULL
s2091,Comedies, Dramas, Independent Movies,NULL,NULL,NULL,NULL,NULL
s2092,Horror Movies, International Movies, Thrillers,NULL,NULL,NULL,NULL,NULL
s2093,Dramas, Faith & Spirituality,NULL,NULL,NULL,NULL,NULL,NULL
s2094,International TV Shows, Spanish-Language TV Shows, TV Dramas,NULL,NULL,NULL,NULL,NULL
s2095,Dramas, International Movies, LGBTQ Movies,NULL,NULL,NULL,NULL,NULL
s2096,Documentaries,NULL,NULL,NULL,NULL,NULL,NULL,NULL
s2097,Reality TV,NULL,NULL,NULL,NULL,NULL,NULL,NULL
s2098,Documentaries, International Movies, Sports Movies,NULL,NULL,NULL,NULL,NULL
s2099,Kids' TV,NULL,NULL,NULL,NULL,NULL,NULL,NULL
s2100,TV Dramas, Teen TV Shows,NULL,NULL,NULL,NULL,NULL,NULL
s2101,Dramas, Thrillers,NULL,NULL,NULL,NULL,NULL,NULL
s2102,British TV Shows, Reality TV, Romantic TV Shows,NULL,NULL,NULL,NULL,NULL
s2103,International TV Shows, TV Comedies,NULL,NULL,NULL,NULL,NULL,NULL
s2104,Dramas, International Movies, Thrillers,NULL,NULL,NULL,NULL,NULL
s2105,Horror Movies, Independent Movies, International Movies,NULL,NULL,NULL,NULL,NULL
s2106,TV Comedies,NULL,NULL,NULL,NULL,NULL,NULL,NULL
s2107,International TV Shows, Reality TV,NULL,NULL,NULL,NULL,NULL,NULL
s2108,Action & Adventure, Children & Family Movies, Comedies,NULL,NULL,NULL,NULL,NULL
s2109,International TV Shows, TV Horror, TV Mysteries,NULL,NULL,NULL,NULL,NULL
s2110,Documentaries, LGBTQ Movies,NULL,NULL,NULL,NULL,NULL,NULL
s2111,Comedies, International Movies,NULL,NULL,NULL,NULL,NULL,NULL
s2112,Dramas, International Movies,NULL,NULL,NULL,NULL,NULL,NULL
s2113,Reality TV,NULL,NULL,NULL,NULL,NULL,NULL,NULL
s2114,Docuseries, Science & Nature TV,NULL,NULL,NULL,NULL,NULL,NULL
s2115,Children & Family Movies, Comedies,NULL,NULL,NULL,NULL,NULL,NULL
s2116,Comedies,NULL,NULL,NULL,NULL,NULL,NULL,NULL
s2117,Comedies, Dramas, International Movies,NULL,NULL,NULL,NULL,NULL
s2118,Comedies, Dramas, International Movies,NULL,NULL,NULL,NULL,NULL
s2119,Kids' TV,NULL,NULL,NULL,NULL,NULL,NULL,NULL
s2120,Documentaries, Faith & Spirituality, International Movies,NULL,NULL,NULL,NULL,NULL
s2121,Dramas, International Movies, Music & Musicals,NULL,NULL,NULL,NULL,NULL
s2122,Action & Adventure, Sci-Fi & Fantasy,NULL,NULL,NULL,NULL,NULL,NULL
s2123,Crime TV Shows, International TV Shows, Korean TV Shows,NULL,NULL,NULL,NULL,NULL
s2124,International TV Shows, Romantic TV Shows, TV Dramas,NULL,NULL,NULL,NULL,NULL
s2125,International TV Shows, TV Comedies, TV Dramas,NULL,NULL,NULL,NULL,NULL
s2126,International TV Shows, TV Dramas,NULL,NULL,NULL,NULL,NULL,NULL
s2127,Comedies, International Movies, Music & Musicals,NULL,NULL,NULL,NULL,NULL
s2128,International TV Shows, TV Dramas, TV Sci-Fi & Fantasy,NULL,NULL,NULL,NULL,NULL
s2129,Documentaries, International Movies, Sports Movies,NULL,NULL,NULL,NULL,NULL
s2130,Children & Family Movies, Comedies,NULL,NULL,NULL,NULL,NULL,NULL
s2131,Dramas, Independent Movies,NULL,NULL,NULL,NULL,NULL,NULL
s2132,Children & Family Movies,NULL,NULL,NULL,NULL,NULL,NULL,NULL
s2133,Action & Adventure,NULL,NULL,NULL,NULL,NULL,NULL,NULL
s2134,Crime TV Shows, TV Comedies, TV Dramas,NULL,NULL,NULL,NULL,NULL
s2135,Crime TV Shows, International TV Shows, Spanish-Language TV Shows,NULL,NULL,NULL,NULL,NULL
s2136,Kids' TV, TV Action & Adventure, TV Sci-Fi & Fantasy,NULL,NULL,NULL,NULL,NULL
s2137,Anime Series, Kids' TV,NULL,NULL,NULL,NULL,NULL,NULL
s2138,Comedies, Dramas, International Movies,NULL,NULL,NULL,NULL,NULL
s2139,Dramas, Independent Movies,NULL,NULL,NULL,NULL,NULL,NULL
s2140,Dramas, Independent Movies, Thrillers,NULL,NULL,NULL,NULL,NULL
s2141,Reality TV,NULL,NULL,NULL,NULL,NULL,NULL,NULL
s2142,Action & Adventure, Dramas, International Movies,NULL,NULL,NULL,NULL,NULL
s2143,Children & Family Movies, Comedies, Sci-Fi & Fantasy,NULL,NULL,NULL,NULL,NULL
s2144,Stand-Up Comedy,NULL,NULL,NULL,NULL,NULL,NULL,NULL
s2145,Kids' TV, TV Comedies,NULL,NULL,NULL,NULL,NULL,NULL
s2146,International TV Shows, Reality TV,NULL,NULL,NULL,NULL,NULL,NULL
s2147,Dramas, Romantic Movies,NULL,NULL,NULL,NULL,NULL,NULL
s2148,Dramas, International Movies,NULL,NULL,NULL,NULL,NULL,NULL
s2149,International TV Shows, TV Dramas,NULL,NULL,NULL,NULL,NULL,NULL
s2150,Horror Movies, Thrillers,NULL,NULL,NULL,NULL,NULL,NULL
s2151,Comedies, International Movies,NULL,NULL,NULL,NULL,NULL,NULL
s2152,Crime TV Shows, International TV Shows, Spanish-Language TV Shows,NULL,NULL,NULL,NULL,NULL
s2153,Reality TV,NULL,NULL,NULL,NULL,NULL,NULL,NULL
s2154,International TV Shows, Reality TV,NULL,NULL,NULL,NULL,NULL,NULL
s2155,Documentaries,NULL,NULL,NULL,NULL,NULL,NULL,NULL
s2156,Children & Family Movies,NULL,NULL,NULL,NULL,NULL,NULL,NULL
s2157,Docuseries, Science & Nature TV, TV Action & Adventure,NULL,NULL,NULL,NULL,NULL
s2158,Kids' TV, TV Action & Adventure, TV Sci-Fi & Fantasy,NULL,NULL,NULL,NULL,NULL
s2159,Kids' TV,NULL,NULL,NULL,NULL,NULL,NULL,NULL
s2160,Comedies,NULL,NULL,NULL,NULL,NULL,NULL,NULL
s2161,Kids' TV,NULL,NULL,NULL,NULL,NULL,NULL,NULL
s2162,Documentaries, International Movies, Music & Musicals,NULL,NULL,NULL,NULL,NULL
s2163,International TV Shows, TV Dramas, TV Mysteries,NULL,NULL,NULL,NULL,NULL
s2164,Documentaries, International Movies, Sports Movies,NULL,NULL,NULL,NULL,NULL
s2165,International Movies, Thrillers,NULL,NULL,NULL,NULL,NULL,NULL
s2166,Crime TV Shows, Docuseries, International TV Shows,NULL,NULL,NULL,NULL,NULL
s2167,Children & Family Movies,NULL,NULL,NULL,NULL,NULL,NULL,NULL
s2168,Children & Family Movies, Comedies,NULL,NULL,NULL,NULL,NULL,NULL
s2169,Docuseries, International TV Shows, Science & Nature TV,NULL,NULL,NULL,NULL,NULL
s2170,Stand-Up Comedy,NULL,NULL,NULL,NULL,NULL,NULL,NULL
s2171,Docuseries,NULL,NULL,NULL,NULL,NULL,NULL,NULL
s2172,Comedies, Dramas, Independent Movies,NULL,NULL,NULL,NULL,NULL
s2173,Comedies,NULL,NULL,NULL,NULL,NULL,NULL,NULL
s2174,TV Comedies, Teen TV Shows,NULL,NULL,NULL,NULL,NULL,NULL
s2175,Kids' TV,NULL,NULL,NULL,NULL,NULL,NULL,NULL
s2176,Anime Series, Romantic TV Shows, Teen TV Shows,NULL,NULL,NULL,NULL,NULL
s2177,Action & Adventure,NULL,NULL,NULL,NULL,NULL,NULL,NULL
s2178,Children & Family Movies,NULL,NULL,NULL,NULL,NULL,NULL,NULL
s2179,Kids' TV, Reality TV, TV Dramas,NULL,NULL,NULL,NULL,NULL
s2180,Dramas, Romantic Movies,NULL,NULL,NULL,NULL,NULL,NULL
s2181,Anime Series, International TV Shows, Romantic TV Shows,NULL,NULL,NULL,NULL,NULL
s2182,Kids' TV,NULL,NULL,NULL,NULL,NULL,NULL,NULL
s2183,Stand-Up Comedy,NULL,NULL,NULL,NULL,NULL,NULL,NULL
s2184,LGBTQ Movies, Thrillers,NULL,NULL,NULL,NULL,NULL,NULL
s2185,British TV Shows, Crime TV Shows, International TV Shows,NULL,NULL,NULL,NULL,NULL
s2186,Children & Family Movies, Comedies,NULL,NULL,NULL,NULL,NULL,NULL
s2187,Dramas, International Movies, Thrillers,NULL,NULL,NULL,NULL,NULL
s2188,Comedies, International Movies, Romantic Movies,NULL,NULL,NULL,NULL,NULL
s2189,Children & Family Movies,NULL,NULL,NULL,NULL,NULL,NULL,NULL
s2190,Reality TV,NULL,NULL,NULL,NULL,NULL,NULL,NULL
s2191,TV Action & Adventure, TV Mysteries, TV Sci-Fi & Fantasy,NULL,NULL,NULL,NULL,NULL
s2192,Dramas, International Movies,NULL,NULL,NULL,NULL,NULL,NULL
s2193,Anime Series,NULL,NULL,NULL,NULL,NULL,NULL,NULL
s2194,Comedies, Dramas, Independent Movies,NULL,NULL,NULL,NULL,NULL
s2195,International TV Shows, Romantic TV Shows, TV Comedies,NULL,NULL,NULL,NULL,NULL
s2196,Comedies, International Movies, Romantic Movies,NULL,NULL,NULL,NULL,NULL
s2197,Dramas, International Movies, Thrillers,NULL,NULL,NULL,NULL,NULL
s2198,Dramas, Independent Movies, International Movies,NULL,NULL,NULL,NULL,NULL
s2199,Dramas, International Movies, Thrillers,NULL,NULL,NULL,NULL,NULL
s2200,Documentaries,NULL,NULL,NULL,NULL,NULL,NULL,NULL
s2201,Documentaries,NULL,NULL,NULL,NULL,NULL,NULL,NULL
s2202,Docuseries,NULL,NULL,NULL,NULL,NULL,NULL,NULL
s2203,Comedies, Dramas, Independent Movies,NULL,NULL,NULL,NULL,NULL
s2204,TV Comedies, TV Dramas,NULL,NULL,NULL,NULL,NULL,NULL
s2205,Comedies, International Movies,NULL,NULL,NULL,NULL,NULL,NULL
s2206,Action & Adventure, International Movies,NULL,NULL,NULL,NULL,NULL,NULL
s2207,Dramas, Independent Movies, International Movies,NULL,NULL,NULL,NULL,NULL
s2208,Children & Family Movies, Comedies,NULL,NULL,NULL,NULL,NULL,NULL
s2209,Children & Family Movies, Comedies,NULL,NULL,NULL,NULL,NULL,NULL
s2210,Dramas, International Movies,NULL,NULL,NULL,NULL,NULL,NULL
s2211,International Movies, Thrillers,NULL,NULL,NULL,NULL,NULL,NULL
s2212,Dramas, International Movies, Romantic Movies,NULL,NULL,NULL,NULL,NULL
s2213,International TV Shows, Reality TV, Spanish-Language TV Shows,NULL,NULL,NULL,NULL,NULL
s2214,Comedies, Romantic Movies,NULL,NULL,NULL,NULL,NULL,NULL
s2215,Docuseries,NULL,NULL,NULL,NULL,NULL,NULL,NULL
s2216,Children & Family Movies, Comedies,NULL,NULL,NULL,NULL,NULL,NULL
s2217,Dramas, International Movies,NULL,NULL,NULL,NULL,NULL,NULL
s2218,Crime TV Shows, Docuseries,NULL,NULL,NULL,NULL,NULL,NULL
s2219,International TV Shows, TV Comedies,NULL,NULL,NULL,NULL,NULL,NULL
s2220,Documentaries, Music & Musicals,NULL,NULL,NULL,NULL,NULL,NULL
s2221,Action & Adventure, Dramas, International Movies,NULL,NULL,NULL,NULL,NULL
s2222,Stand-Up Comedy,NULL,NULL,NULL,NULL,NULL,NULL,NULL
s2223,Docuseries, Spanish-Language TV Shows,NULL,NULL,NULL,NULL,NULL,NULL
s2224,British TV Shows, Crime TV Shows, Docuseries,NULL,NULL,NULL,NULL,NULL
s2225,Dramas, International Movies,NULL,NULL,NULL,NULL,NULL,NULL
s2226,Kids' TV,NULL,NULL,NULL,NULL,NULL,NULL,NULL
s2227,Reality TV, Romantic TV Shows,NULL,NULL,NULL,NULL,NULL,NULL
s2228,TV Action & Adventure, TV Dramas, TV Sci-Fi & Fantasy,NULL,NULL,NULL,NULL,NULL
s2229,Documentaries,NULL,NULL,NULL,NULL,NULL,NULL,NULL
s2230,Crime TV Shows, TV Dramas,NULL,NULL,NULL,NULL,NULL,NULL
s2231,International TV Shows, TV Dramas, TV Mysteries,NULL,NULL,NULL,NULL,NULL
s2232,Comedies, International Movies,NULL,NULL,NULL,NULL,NULL,NULL
s2233,Thrillers,NULL,NULL,NULL,NULL,NULL,NULL,NULL
s2234,Comedies, International Movies, Romantic Movies,NULL,NULL,NULL,NULL,NULL
s2235,Dramas, International Movies, Romantic Movies,NULL,NULL,NULL,NULL,NULL
s2236,Crime TV Shows, International TV Shows, Spanish-Language TV Shows,NULL,NULL,NULL,NULL,NULL
s2237,Children & Family Movies, Comedies,NULL,NULL,NULL,NULL,NULL,NULL
s2238,Reality TV, Science & Nature TV,NULL,NULL,NULL,NULL,NULL,NULL
s2239,British TV Shows, Kids' TV, TV Comedies,NULL,NULL,NULL,NULL,NULL
s2240,Dramas, International Movies, Thrillers,NULL,NULL,NULL,NULL,NULL
s2241,Comedies, International Movies,NULL,NULL,NULL,NULL,NULL,NULL
s2242,Docuseries,NULL,NULL,NULL,NULL,NULL,NULL,NULL
s2243,Stand-Up Comedy,NULL,NULL,NULL,NULL,NULL,NULL,NULL
s2244,Documentaries, International Movies, Music & Musicals,NULL,NULL,NULL,NULL,NULL
s2245,Dramas, International Movies,NULL,NULL,NULL,NULL,NULL,NULL
s2246,International TV Shows, Reality TV, Romantic TV Shows,NULL,NULL,NULL,NULL,NULL
s2247,Docuseries, Reality TV, Science & Nature TV,NULL,NULL,NULL,NULL,NULL
s2248,Comedies, International Movies,NULL,NULL,NULL,NULL,NULL,NULL
s2249,Documentaries,NULL,NULL,NULL,NULL,NULL,NULL,NULL
s2250,Kids' TV, TV Action & Adventure, TV Comedies,NULL,NULL,NULL,NULL,NULL
s2251,Action & Adventure,NULL,NULL,NULL,NULL,NULL,NULL,NULL
s2252,Crime TV Shows, International TV Shows, TV Dramas,NULL,NULL,NULL,NULL,NULL
s2253,Comedies, International Movies,NULL,NULL,NULL,NULL,NULL,NULL
s2254,Anime Series, International TV Shows,NULL,NULL,NULL,NULL,NULL,NULL
s2255,International TV Shows, Romantic TV Shows, TV Action & Adventure,NULL,NULL,NULL,NULL,NULL
s2256,International TV Shows, Korean TV Shows, Romantic TV Shows,NULL,NULL,NULL,NULL,NULL
s2257,Documentaries, Sports Movies,NULL,NULL,NULL,NULL,NULL,NULL
s2258,Documentaries, LGBTQ Movies,NULL,NULL,NULL,NULL,NULL,NULL
s2259,International TV Shows, TV Dramas,NULL,NULL,NULL,NULL,NULL,NULL
s2260,Comedies, Independent Movies,NULL,NULL,NULL,NULL,NULL,NULL
s2261,Children & Family Movies,NULL,NULL,NULL,NULL,NULL,NULL,NULL
s2262,Stand-Up Comedy,NULL,NULL,NULL,NULL,NULL,NULL,NULL
s2263,Documentaries, Sports Movies,NULL,NULL,NULL,NULL,NULL,NULL
s2264,International Movies, Music & Musicals,NULL,NULL,NULL,NULL,NULL,NULL
s2265,Comedies, International Movies, Music & Musicals,NULL,NULL,NULL,NULL,NULL
s2266,Action & Adventure, Comedies, Dramas,NULL,NULL,NULL,NULL,NULL
s2267,Dramas, International Movies, Romantic Movies,NULL,NULL,NULL,NULL,NULL
s2268,Dramas, International Movies,NULL,NULL,NULL,NULL,NULL,NULL
s2269,Action & Adventure, Comedies, Dramas,NULL,NULL,NULL,NULL,NULL
s2270,Dramas, Independent Movies, International Movies,NULL,NULL,NULL,NULL,NULL
s2271,Comedies, International Movies, Music & Musicals,NULL,NULL,NULL,NULL,NULL
s2272,Comedies, Dramas, International Movies,NULL,NULL,NULL,NULL,NULL
s2273,Dramas, International Movies, Thrillers,NULL,NULL,NULL,NULL,NULL
s2274,Action & Adventure, Dramas, International Movies,NULL,NULL,NULL,NULL,NULL
s2275,Action & Adventure, Comedies, International Movies,NULL,NULL,NULL,NULL,NULL
s2276,International TV Shows, Romantic TV Shows, TV Comedies,NULL,NULL,NULL,NULL,NULL
s2277,Dramas, International Movies, Romantic Movies,NULL,NULL,NULL,NULL,NULL
s2278,Dramas, International Movies, Thrillers,NULL,NULL,NULL,NULL,NULL
s2279,Dramas, International Movies, Sports Movies,NULL,NULL,NULL,NULL,NULL
s2280,Dramas, Independent Movies, International Movies,NULL,NULL,NULL,NULL,NULL
s2281,Comedies, International Movies, Romantic Movies,NULL,NULL,NULL,NULL,NULL
s2282,Comedies, Dramas, International Movies,NULL,NULL,NULL,NULL,NULL
s2283,Comedies, Dramas, International Movies,NULL,NULL,NULL,NULL,NULL
s2284,Dramas, Independent Movies, Romantic Movies,NULL,NULL,NULL,NULL,NULL
s2285,Dramas, Independent Movies, International Movies,NULL,NULL,NULL,NULL,NULL
s2286,Action & Adventure, International Movies,NULL,NULL,NULL,NULL,NULL,NULL
s2287,Comedies, Dramas, International Movies,NULL,NULL,NULL,NULL,NULL
s2288,Comedies, Dramas, International Movies,NULL,NULL,NULL,NULL,NULL
s2289,Action & Adventure, Dramas, Independent Movies,NULL,NULL,NULL,NULL,NULL
s2290,Dramas, International Movies, Thrillers,NULL,NULL,NULL,NULL,NULL
s2291,Comedies, Dramas, International Movies,NULL,NULL,NULL,NULL,NULL
s2292,Comedies, International Movies,NULL,NULL,NULL,NULL,NULL,NULL
s2293,Kids' TV, TV Comedies,NULL,NULL,NULL,NULL,NULL,NULL
s2294,International TV Shows, Romantic TV Shows, Spanish-Language TV Shows,NULL,NULL,NULL,NULL,NULL
s2295,Comedies, Romantic Movies,NULL,NULL,NULL,NULL,NULL,NULL
s2296,Dramas, International Movies,NULL,NULL,NULL,NULL,NULL,NULL
s2297,Documentaries,NULL,NULL,NULL,NULL,NULL,NULL,NULL
s2298,International TV Shows, TV Horror, TV Mysteries,NULL,NULL,NULL,NULL,NULL
s2299,Reality TV,NULL,NULL,NULL,NULL,NULL,NULL,NULL
s2300,Kids' TV, TV Dramas,NULL,NULL,NULL,NULL,NULL,NULL
s2301,Comedies, Dramas, International Movies,NULL,NULL,NULL,NULL,NULL
s2302,Reality TV,NULL,NULL,NULL,NULL,NULL,NULL,NULL
s2303,Stand-Up Comedy,NULL,NULL,NULL,NULL,NULL,NULL,NULL
s2304,TV Action & Adventure, TV Mysteries, TV Sci-Fi & Fantasy,NULL,NULL,NULL,NULL,NULL
s2305,Documentaries, International Movies,NULL,NULL,NULL,NULL,NULL,NULL
s2306,British TV Shows, Reality TV,NULL,NULL,NULL,NULL,NULL,NULL
s2307,International TV Shows, TV Dramas,NULL,NULL,NULL,NULL,NULL,NULL
s2308,Kids' TV,NULL,NULL,NULL,NULL,NULL,NULL,NULL
s2309,Dramas, International Movies,NULL,NULL,NULL,NULL,NULL,NULL
s2310,Action & Adventure, Comedies, International Movies,NULL,NULL,NULL,NULL,NULL
s2311,Documentaries, Music & Musicals,NULL,NULL,NULL,NULL,NULL,NULL
s2312,Thrillers,NULL,NULL,NULL,NULL,NULL,NULL,NULL
s2313,Comedies, International Movies,NULL,NULL,NULL,NULL,NULL,NULL
s2314,Reality TV, Romantic TV Shows,NULL,NULL,NULL,NULL,NULL,NULL
s2315,Action & Adventure, International Movies, Romantic Movies,NULL,NULL,NULL,NULL,NULL
s2316,Comedies,NULL,NULL,NULL,NULL,NULL,NULL,NULL
s2317,Documentaries, International Movies,NULL,NULL,NULL,NULL,NULL,NULL
s2318,Action & Adventure, Sci-Fi & Fantasy,NULL,NULL,NULL,NULL,NULL,NULL
s2319,Kids' TV,NULL,NULL,NULL,NULL,NULL,NULL,NULL
s2320,Comedies, International Movies, Romantic Movies,NULL,NULL,NULL,NULL,NULL
s2321,Anime Series, International TV Shows,NULL,NULL,NULL,NULL,NULL,NULL
s2322,Stand-Up Comedy,NULL,NULL,NULL,NULL,NULL,NULL,NULL
s2323,International TV Shows, TV Dramas,NULL,NULL,NULL,NULL,NULL,NULL
s2324,Action & Adventure, Dramas, International Movies,NULL,NULL,NULL,NULL,NULL
s2325,Dramas, International Movies, Romantic Movies,NULL,NULL,NULL,NULL,NULL
s2326,Documentaries, International Movies,NULL,NULL,NULL,NULL,NULL,NULL
s2327,Dramas, International Movies,NULL,NULL,NULL,NULL,NULL,NULL
s2328,Crime TV Shows, International TV Shows, TV Dramas,NULL,NULL,NULL,NULL,NULL
s2329,Children & Family Movies, Dramas, Independent Movies,NULL,NULL,NULL,NULL,NULL
s2330,International TV Shows, Romantic TV Shows, Spanish-Language TV Shows,NULL,NULL,NULL,NULL,NULL
s2331,Comedies, Music & Musicals, Romantic Movies,NULL,NULL,NULL,NULL,NULL
s2332,Docuseries,NULL,NULL,NULL,NULL,NULL,NULL,NULL
s2333,Comedies, International Movies, Romantic Movies,NULL,NULL,NULL,NULL,NULL
s2334,Dramas, Independent Movies, International Movies,NULL,NULL,NULL,NULL,NULL
s2335,Dramas, International Movies, Romantic Movies,NULL,NULL,NULL,NULL,NULL
s2336,Dramas, International Movies, Romantic Movies,NULL,NULL,NULL,NULL,NULL
s2337,Dramas, International Movies,NULL,NULL,NULL,NULL,NULL,NULL
s2338,International TV Shows, Korean TV Shows, Reality TV,NULL,NULL,NULL,NULL,NULL
s2339,International Movies, Romantic Movies,NULL,NULL,NULL,NULL,NULL,NULL
s2340,Action & Adventure, Dramas, International Movies,NULL,NULL,NULL,NULL,NULL
s2341,Dramas, International Movies, Romantic Movies,NULL,NULL,NULL,NULL,NULL
s2342,Documentaries, Sports Movies,NULL,NULL,NULL,NULL,NULL,NULL
s2343,Horror Movies, International Movies,NULL,NULL,NULL,NULL,NULL,NULL
s2344,British TV Shows, International TV Shows, Reality TV,NULL,NULL,NULL,NULL,NULL
s2345,Dramas, Independent Movies, International Movies,NULL,NULL,NULL,NULL,NULL
s2346,Stand-Up Comedy,NULL,NULL,NULL,NULL,NULL,NULL,NULL
s2347,Classic & Cult TV, TV Dramas, TV Sci-Fi & Fantasy,NULL,NULL,NULL,NULL,NULL
s2348,Dramas, Independent Movies, International Movies,NULL,NULL,NULL,NULL,NULL
s2349,Comedies, International Movies, Romantic Movies,NULL,NULL,NULL,NULL,NULL
s2350,International TV Shows, Korean TV Shows, Romantic TV Shows,NULL,NULL,NULL,NULL,NULL
s2351,Dramas, Independent Movies, Thrillers,NULL,NULL,NULL,NULL,NULL
s2352,Dramas, International Movies,NULL,NULL,NULL,NULL,NULL,NULL
s2353,Docuseries, Science & Nature TV,NULL,NULL,NULL,NULL,NULL,NULL
s2354,Comedies, Dramas, International Movies,NULL,NULL,NULL,NULL,NULL
s2355,Dramas, International Movies,NULL,NULL,NULL,NULL,NULL,NULL
s2356,Documentaries, LGBTQ Movies,NULL,NULL,NULL,NULL,NULL,NULL
s2357,Children & Family Movies, Comedies, Dramas,NULL,NULL,NULL,NULL,NULL
s2358,Reality TV,NULL,NULL,NULL,NULL,NULL,NULL,NULL
s2359,Action & Adventure, Dramas, International Movies,NULL,NULL,NULL,NULL,NULL
s2360,International TV Shows, Romantic TV Shows, TV Dramas,NULL,NULL,NULL,NULL,NULL
s2361,Dramas, International Movies, Romantic Movies,NULL,NULL,NULL,NULL,NULL
s2362,Dramas, International Movies,NULL,NULL,NULL,NULL,NULL,NULL
s2363,TV Comedies, TV Dramas, Teen TV Shows,NULL,NULL,NULL,NULL,NULL
s2364,Dramas, International Movies, Thrillers,NULL,NULL,NULL,NULL,NULL
s2365,Anime Features, Children & Family Movies, International Movies,NULL,NULL,NULL,NULL,NULL
s2366,Classic Movies, Dramas, International Movies,NULL,NULL,NULL,NULL,NULL
s2367,Classic Movies, Dramas, International Movies,NULL,NULL,NULL,NULL,NULL
s2368,Classic Movies, Dramas, Independent Movies,NULL,NULL,NULL,NULL,NULL
s2369,Classic Movies, Dramas, International Movies,NULL,NULL,NULL,NULL,NULL
s2370,Classic Movies, Dramas, International Movies,NULL,NULL,NULL,NULL,NULL
s2371,Documentaries, International Movies, Sports Movies,NULL,NULL,NULL,NULL,NULL
s2372,Comedies, International Movies,NULL,NULL,NULL,NULL,NULL,NULL
s2373,Documentaries, International Movies, Music & Musicals,NULL,NULL,NULL,NULL,NULL
s2374,Action & Adventure, Classic Movies, Dramas,NULL,NULL,NULL,NULL,NULL
s2375,Dramas, International Movies, Romantic Movies,NULL,NULL,NULL,NULL,NULL
s2376,Classic Movies, Dramas, International Movies,NULL,NULL,NULL,NULL,NULL
s2377,Classic Movies, Dramas, International Movies,NULL,NULL,NULL,NULL,NULL
s2378,Children & Family Movies, Comedies,NULL,NULL,NULL,NULL,NULL,NULL
s2379,International TV Shows, TV Dramas, TV Horror,NULL,NULL,NULL,NULL,NULL
s2380,Comedies, Independent Movies,NULL,NULL,NULL,NULL,NULL,NULL
s2381,Children & Family Movies, Dramas, Faith & Spirituality,NULL,NULL,NULL,NULL,NULL
s2382,Dramas, International Movies,NULL,NULL,NULL,NULL,NULL,NULL
s2383,Horror Movies, Thrillers,NULL,NULL,NULL,NULL,NULL,NULL
s2384,Reality TV,NULL,NULL,NULL,NULL,NULL,NULL,NULL
s2385,Documentaries, Music & Musicals,NULL,NULL,NULL,NULL,NULL,NULL
s2386,Children & Family Movies, Sports Movies,NULL,NULL,NULL,NULL,NULL,NULL
s2387,Action & Adventure, Dramas, International Movies,NULL,NULL,NULL,NULL,NULL
s2388,Dramas, International Movies, Thrillers,NULL,NULL,NULL,NULL,NULL
s2389,Kids' TV, TV Comedies,NULL,NULL,NULL,NULL,NULL,NULL
s2390,Dramas, International Movies,NULL,NULL,NULL,NULL,NULL,NULL
s2391,Crime TV Shows, TV Dramas, TV Mysteries,NULL,NULL,NULL,NULL,NULL
s2392,Dramas, International Movies, Romantic Movies,NULL,NULL,NULL,NULL,NULL
s2393,Comedies, Dramas, Independent Movies,NULL,NULL,NULL,NULL,NULL
s2394,Action & Adventure, Dramas,NULL,NULL,NULL,NULL,NULL,NULL
s2395,Reality TV, Romantic TV Shows,NULL,NULL,NULL,NULL,NULL,NULL
s2396,TV Comedies,NULL,NULL,NULL,NULL,NULL,NULL,NULL
s2397,International TV Shows, Stand-Up Comedy & Talk Shows,NULL,NULL,NULL,NULL,NULL,NULL
s2398,Stand-Up Comedy,NULL,NULL,NULL,NULL,NULL,NULL,NULL
s2399,Anime Features, Children & Family Movies,NULL,NULL,NULL,NULL,NULL,NULL
s2400,Anime Series,NULL,NULL,NULL,NULL,NULL,NULL,NULL
s2401,Crime TV Shows, International TV Shows, Spanish-Language TV Shows,NULL,NULL,NULL,NULL,NULL
s2402,Crime TV Shows, International TV Shows, TV Dramas,NULL,NULL,NULL,NULL,NULL
s2403,Comedies, Dramas, International Movies,NULL,NULL,NULL,NULL,NULL
s2404,Comedies, International Movies,NULL,NULL,NULL,NULL,NULL,NULL
s2405,International TV Shows, TV Dramas, TV Horror,NULL,NULL,NULL,NULL,NULL
s2406,TV Action & Adventure, TV Sci-Fi & Fantasy,NULL,NULL,NULL,NULL,NULL,NULL
s2407,Docuseries, Reality TV, Science & Nature TV,NULL,NULL,NULL,NULL,NULL
s2408,Comedies, Dramas, Independent Movies,NULL,NULL,NULL,NULL,NULL
s2409,Crime TV Shows, International TV Shows, Korean TV Shows,NULL,NULL,NULL,NULL,NULL
s2410,International TV Shows, TV Horror, TV Mysteries,NULL,NULL,NULL,NULL,NULL
s2411,Action & Adventure, International Movies, Sci-Fi & Fantasy,NULL,NULL,NULL,NULL,NULL
s2412,Dramas, Romantic Movies,NULL,NULL,NULL,NULL,NULL,NULL
s2413,Dramas, International Movies, Romantic Movies,NULL,NULL,NULL,NULL,NULL
s2414,International Movies, Thrillers,NULL,NULL,NULL,NULL,NULL,NULL
s2415,Dramas, Independent Movies, International Movies,NULL,NULL,NULL,NULL,NULL
s2416,Crime TV Shows, TV Action & Adventure, TV Dramas,NULL,NULL,NULL,NULL,NULL
s2417,Dramas, Independent Movies,NULL,NULL,NULL,NULL,NULL,NULL
s2418,Crime TV Shows, TV Dramas, TV Mysteries,NULL,NULL,NULL,NULL,NULL
s2419,Dramas, International Movies,NULL,NULL,NULL,NULL,NULL,NULL
s2420,Comedies, Romantic Movies,NULL,NULL,NULL,NULL,NULL,NULL
s2421,Dramas, International Movies,NULL,NULL,NULL,NULL,NULL,NULL
s2422,Comedies, International Movies,NULL,NULL,NULL,NULL,NULL,NULL
s2423,Reality TV,NULL,NULL,NULL,NULL,NULL,NULL,NULL
s2424,Classic & Cult TV, TV Action & Adventure, TV Horror,NULL,NULL,NULL,NULL,NULL
s2425,Action & Adventure, Dramas, Independent Movies,NULL,NULL,NULL,NULL,NULL
s2426,Dramas, International Movies, Romantic Movies,NULL,NULL,NULL,NULL,NULL
s2427,Anime Series, International TV Shows,NULL,NULL,NULL,NULL,NULL,NULL
s2428,Dramas, International Movies, Romantic Movies,NULL,NULL,NULL,NULL,NULL
s2429,Comedies, International Movies,NULL,NULL,NULL,NULL,NULL,NULL
s2430,Comedies, International Movies, Romantic Movies,NULL,NULL,NULL,NULL,NULL
s2431,Comedies, Dramas, Independent Movies,NULL,NULL,NULL,NULL,NULL
s2432,Children & Family Movies, Documentaries,NULL,NULL,NULL,NULL,NULL,NULL
s2433,Reality TV,NULL,NULL,NULL,NULL,NULL,NULL,NULL
s2434,Comedies, International Movies,NULL,NULL,NULL,NULL,NULL,NULL
s2435,Comedies, Dramas, International Movies,NULL,NULL,NULL,NULL,NULL
s2436,Comedies, International Movies,NULL,NULL,NULL,NULL,NULL,NULL
s2437,Comedies, International Movies, Romantic Movies,NULL,NULL,NULL,NULL,NULL
s2438,Comedies, Dramas, International Movies,NULL,NULL,NULL,NULL,NULL
s2439,Dramas, International Movies,NULL,NULL,NULL,NULL,NULL,NULL
s2440,Action & Adventure, Comedies, International Movies,NULL,NULL,NULL,NULL,NULL
s2441,Children & Family Movies,NULL,NULL,NULL,NULL,NULL,NULL,NULL
s2442,Comedies, Dramas, International Movies,NULL,NULL,NULL,NULL,NULL
s2443,Comedies, International Movies, Romantic Movies,NULL,NULL,NULL,NULL,NULL
s2444,Horror Movies, International Movies,NULL,NULL,NULL,NULL,NULL,NULL
s2445,Anime Series, International TV Shows,NULL,NULL,NULL,NULL,NULL,NULL
s2446,Comedies, Dramas, Independent Movies,NULL,NULL,NULL,NULL,NULL
s2447,Comedies, International Movies, Romantic Movies,NULL,NULL,NULL,NULL,NULL
s2448,International TV Shows, Korean TV Shows, TV Dramas,NULL,NULL,NULL,NULL,NULL
s2449,Comedies, International Movies,NULL,NULL,NULL,NULL,NULL,NULL
s2450,Anime Series, International TV Shows,NULL,NULL,NULL,NULL,NULL,NULL
s2451,International TV Shows, TV Dramas,NULL,NULL,NULL,NULL,NULL,NULL
s2452,Action & Adventure, Anime Features, Children & Family Movies,NULL,NULL,NULL,NULL,NULL
s2453,International TV Shows, Korean TV Shows, Romantic TV Shows,NULL,NULL,NULL,NULL,NULL
s2454,International TV Shows, Korean TV Shows, Romantic TV Shows,NULL,NULL,NULL,NULL,NULL
s2455,Comedies, Dramas,NULL,NULL,NULL,NULL,NULL,NULL
s2456,Dramas,NULL,NULL,NULL,NULL,NULL,NULL,NULL
s2457,Dramas, Music & Musicals, Romantic Movies,NULL,NULL,NULL,NULL,NULL
s2458,Comedies, Dramas, International Movies,NULL,NULL,NULL,NULL,NULL
s2459,Stand-Up Comedy,NULL,NULL,NULL,NULL,NULL,NULL,NULL
s2460,TV Comedies,NULL,NULL,NULL,NULL,NULL,NULL,NULL
s2461,Dramas, International Movies, Romantic Movies,NULL,NULL,NULL,NULL,NULL
s2462,TV Comedies, TV Dramas,NULL,NULL,NULL,NULL,NULL,NULL
s2463,Anime Series, International TV Shows,NULL,NULL,NULL,NULL,NULL,NULL
s2464,Comedies, Horror Movies, International Movies,NULL,NULL,NULL,NULL,NULL
s2465,Comedies, Horror Movies, International Movies,NULL,NULL,NULL,NULL,NULL
s2466,Dramas, International Movies, Thrillers,NULL,NULL,NULL,NULL,NULL
s2467,Kids' TV, TV Comedies,NULL,NULL,NULL,NULL,NULL,NULL
s2468,Dramas, Independent Movies, International Movies,NULL,NULL,NULL,NULL,NULL
s2469,Stand-Up Comedy,NULL,NULL,NULL,NULL,NULL,NULL,NULL
s2470,Action & Adventure, Comedies, International Movies,NULL,NULL,NULL,NULL,NULL
s2471,TV Action & Adventure, TV Sci-Fi & Fantasy,NULL,NULL,NULL,NULL,NULL,NULL
s2472,Dramas, Thrillers,NULL,NULL,NULL,NULL,NULL,NULL
s2473,International TV Shows, TV Action & Adventure, TV Horror,NULL,NULL,NULL,NULL,NULL
s2474,TV Dramas,NULL,NULL,NULL,NULL,NULL,NULL,NULL
s2475,Dramas, International Movies,NULL,NULL,NULL,NULL,NULL,NULL
s2476,Dramas, International Movies, Music & Musicals,NULL,NULL,NULL,NULL,NULL
s2477,British TV Shows, Docuseries, International TV Shows,NULL,NULL,NULL,NULL,NULL
s2478,Horror Movies, International Movies, Thrillers,NULL,NULL,NULL,NULL,NULL
s2479,Anime Features, Children & Family Movies,NULL,NULL,NULL,NULL,NULL,NULL
s2480,Action & Adventure, Comedies, Romantic Movies,NULL,NULL,NULL,NULL,NULL
s2481,TV Comedies,NULL,NULL,NULL,NULL,NULL,NULL,NULL
s2482,Dramas, International Movies, Romantic Movies,NULL,NULL,NULL,NULL,NULL
s2483,Comedies, Dramas, International Movies,NULL,NULL,NULL,NULL,NULL
s2484,Comedies, International Movies,NULL,NULL,NULL,NULL,NULL,NULL
s2485,Comedies, International Movies, Romantic Movies,NULL,NULL,NULL,NULL,NULL
s2486,Comedies, International Movies, Romantic Movies,NULL,NULL,NULL,NULL,NULL
s2487,International TV Shows, Korean TV Shows, TV Comedies,NULL,NULL,NULL,NULL,NULL
s2488,Comedies, Dramas, International Movies,NULL,NULL,NULL,NULL,NULL
s2489,Comedies, Dramas, International Movies,NULL,NULL,NULL,NULL,NULL
s2490,Comedies, International Movies,NULL,NULL,NULL,NULL,NULL,NULL
s2491,Comedies, International Movies, Romantic Movies,NULL,NULL,NULL,NULL,NULL
s2492,Comedies, Dramas, International Movies,NULL,NULL,NULL,NULL,NULL
s2493,Comedies, International Movies,NULL,NULL,NULL,NULL,NULL,NULL
s2494,Dramas, International Movies,NULL,NULL,NULL,NULL,NULL,NULL
s2495,Music & Musicals,NULL,NULL,NULL,NULL,NULL,NULL,NULL
s2496,Docuseries, International TV Shows, Spanish-Language TV Shows,NULL,NULL,NULL,NULL,NULL
s2497,Dramas, Independent Movies,NULL,NULL,NULL,NULL,NULL,NULL
s2498,Dramas, Independent Movies, Romantic Movies,NULL,NULL,NULL,NULL,NULL
s2499,Comedies, International Movies,NULL,NULL,NULL,NULL,NULL,NULL
s2500,International TV Shows, Spanish-Language TV Shows, TV Dramas,NULL,NULL,NULL,NULL,NULL
s2501,Comedies, Dramas, Independent Movies,NULL,NULL,NULL,NULL,NULL
s2502,Comedies, International Movies,NULL,NULL,NULL,NULL,NULL,NULL
s2503,Action & Adventure, International Movies,NULL,NULL,NULL,NULL,NULL,NULL
s2504,Comedies, International Movies, Romantic Movies,NULL,NULL,NULL,NULL,NULL
s2505,Comedies, International Movies,NULL,NULL,NULL,NULL,NULL,NULL
s2506,Comedies, International Movies,NULL,NULL,NULL,NULL,NULL,NULL
s2507,Comedies, International Movies,NULL,NULL,NULL,NULL,NULL,NULL
s2508,Stand-Up Comedy & Talk Shows, TV Comedies,NULL,NULL,NULL,NULL,NULL,NULL
s2509,Romantic TV Shows, TV Dramas,NULL,NULL,NULL,NULL,NULL,NULL
s2510,Comedies, International Movies, Romantic Movies,NULL,NULL,NULL,NULL,NULL
s2511,Comedies, International Movies,NULL,NULL,NULL,NULL,NULL,NULL
s2512,Dramas, Independent Movies, International Movies,NULL,NULL,NULL,NULL,NULL
s2513,Comedies, International Movies, Romantic Movies,NULL,NULL,NULL,NULL,NULL
s2514,Dramas, International Movies,NULL,NULL,NULL,NULL,NULL,NULL
s2515,British TV Shows, International TV Shows, Reality TV,NULL,NULL,NULL,NULL,NULL
s2516,Stand-Up Comedy & Talk Shows, TV Comedies,NULL,NULL,NULL,NULL,NULL,NULL
s2517,Action & Adventure, Comedies, International Movies,NULL,NULL,NULL,NULL,NULL
s2518,International TV Shows, Korean TV Shows, Romantic TV Shows,NULL,NULL,NULL,NULL,NULL
s2519,International TV Shows, Korean TV Shows, TV Action & Adventure,NULL,NULL,NULL,NULL,NULL
s2520,Classic & Cult TV, Kids' TV, TV Action & Adventure,NULL,NULL,NULL,NULL,NULL
s2521,Dramas, International Movies,NULL,NULL,NULL,NULL,NULL,NULL
s2522,Comedies, International Movies, Romantic Movies,NULL,NULL,NULL,NULL,NULL
s2523,Crime TV Shows, International TV Shows, TV Dramas,NULL,NULL,NULL,NULL,NULL
s2524,TV Dramas,NULL,NULL,NULL,NULL,NULL,NULL,NULL
s2525,Reality TV, TV Comedies,NULL,NULL,NULL,NULL,NULL,NULL
s2526,Anime Series, International TV Shows, TV Horror,NULL,NULL,NULL,NULL,NULL
s2527,Kids' TV, TV Action & Adventure, TV Sci-Fi & Fantasy,NULL,NULL,NULL,NULL,NULL
s2528,Crime TV Shows, International TV Shows, TV Dramas,NULL,NULL,NULL,NULL,NULL
s2529,International TV Shows, Korean TV Shows, TV Horror,NULL,NULL,NULL,NULL,NULL
s2530,Kids' TV,NULL,NULL,NULL,NULL,NULL,NULL,NULL
s2531,British TV Shows, Crime TV Shows, International TV Shows,NULL,NULL,NULL,NULL,NULL
s2532,Dramas, International Movies, Romantic Movies,NULL,NULL,NULL,NULL,NULL
s2533,Dramas, International Movies, Romantic Movies,NULL,NULL,NULL,NULL,NULL
s2534,Children & Family Movies, Dramas, International Movies,NULL,NULL,NULL,NULL,NULL
s2535,Action & Adventure, International Movies, Romantic Movies,NULL,NULL,NULL,NULL,NULL
s2536,Dramas, International Movies,NULL,NULL,NULL,NULL,NULL,NULL
s2537,Dramas, Independent Movies, International Movies,NULL,NULL,NULL,NULL,NULL
s2538,International Movies, Thrillers,NULL,NULL,NULL,NULL,NULL,NULL
s2539,Comedies, Dramas, International Movies,NULL,NULL,NULL,NULL,NULL
s2540,Documentaries, International Movies,NULL,NULL,NULL,NULL,NULL,NULL
s2541,Comedies, Romantic Movies,NULL,NULL,NULL,NULL,NULL,NULL
s2542,Dramas, International Movies, Romantic Movies,NULL,NULL,NULL,NULL,NULL
s2543,Kids' TV,NULL,NULL,NULL,NULL,NULL,NULL,NULL
s2544,Comedies,NULL,NULL,NULL,NULL,NULL,NULL,NULL
s2545,Children & Family Movies, Comedies, International Movies,NULL,NULL,NULL,NULL,NULL
s2546,Action & Adventure, Comedies, Cult Movies,NULL,NULL,NULL,NULL,NULL
s2547,Crime TV Shows, International TV Shows, TV Dramas,NULL,NULL,NULL,NULL,NULL
s2548,Documentaries,NULL,NULL,NULL,NULL,NULL,NULL,NULL
s2549,Crime TV Shows, Docuseries,NULL,NULL,NULL,NULL,NULL,NULL
s2550,Dramas, Thrillers,NULL,NULL,NULL,NULL,NULL,NULL
s2551,Dramas, Independent Movies, International Movies,NULL,NULL,NULL,NULL,NULL
s2552,TV Comedies, TV Dramas,NULL,NULL,NULL,NULL,NULL,NULL
s2553,International TV Shows, Reality TV,NULL,NULL,NULL,NULL,NULL,NULL
s2554,International TV Shows, TV Dramas,NULL,NULL,NULL,NULL,NULL,NULL
s2555,Kids' TV, TV Thrillers,NULL,NULL,NULL,NULL,NULL,NULL
s2556,International Movies, Sci-Fi & Fantasy,NULL,NULL,NULL,NULL,NULL,NULL
s2557,International Movies, Sci-Fi & Fantasy, Thrillers,NULL,NULL,NULL,NULL,NULL
s2558,International TV Shows, TV Action & Adventure, TV Comedies,NULL,NULL,NULL,NULL,NULL
s2559,Dramas, International Movies,NULL,NULL,NULL,NULL,NULL,NULL
s2560,Documentaries,NULL,NULL,NULL,NULL,NULL,NULL,NULL
s2561,Comedies, International Movies, Romantic Movies,NULL,NULL,NULL,NULL,NULL
s2562,Stand-Up Comedy,NULL,NULL,NULL,NULL,NULL,NULL,NULL
s2563,Children & Family Movies, Comedies,NULL,NULL,NULL,NULL,NULL,NULL
s2564,Children & Family Movies, Comedies, Music & Musicals,NULL,NULL,NULL,NULL,NULL
s2565,Dramas, International Movies,NULL,NULL,NULL,NULL,NULL,NULL
s2566,International TV Shows, Spanish-Language TV Shows, TV Comedies,NULL,NULL,NULL,NULL,NULL
s2567,Dramas, Sports Movies,NULL,NULL,NULL,NULL,NULL,NULL
s2568,Comedies, International Movies,NULL,NULL,NULL,NULL,NULL,NULL
s2569,Docuseries,NULL,NULL,NULL,NULL,NULL,NULL,NULL
s2570,Reality TV,NULL,NULL,NULL,NULL,NULL,NULL,NULL
s2571,Dramas, Sports Movies,NULL,NULL,NULL,NULL,NULL,NULL
s2572,Stand-Up Comedy,NULL,NULL,NULL,NULL,NULL,NULL,NULL
s2573,Children & Family Movies, Dramas, Romantic Movies,NULL,NULL,NULL,NULL,NULL
s2574,Dramas, Independent Movies, Thrillers,NULL,NULL,NULL,NULL,NULL
s2575,Docuseries, Science & Nature TV,NULL,NULL,NULL,NULL,NULL,NULL
s2576,Docuseries,NULL,NULL,NULL,NULL,NULL,NULL,NULL
s2577,Dramas, Independent Movies,NULL,NULL,NULL,NULL,NULL,NULL
s2578,Documentaries,NULL,NULL,NULL,NULL,NULL,NULL,NULL
s2579,International Movies, Thrillers,NULL,NULL,NULL,NULL,NULL,NULL
s2580,Children & Family Movies,NULL,NULL,NULL,NULL,NULL,NULL,NULL
s2581,TV Dramas,NULL,NULL,NULL,NULL,NULL,NULL,NULL
s2582,Documentaries, LGBTQ Movies,NULL,NULL,NULL,NULL,NULL,NULL
s2583,Children & Family Movies, Comedies,NULL,NULL,NULL,NULL,NULL,NULL
s2584,Kids' TV,NULL,NULL,NULL,NULL,NULL,NULL,NULL
s2585,Comedies, Dramas, International Movies,NULL,NULL,NULL,NULL,NULL
s2586,International TV Shows, TV Dramas,NULL,NULL,NULL,NULL,NULL,NULL
s2587,Anime Series, Romantic TV Shows,NULL,NULL,NULL,NULL,NULL,NULL
s2588,International Movies, Thrillers,NULL,NULL,NULL,NULL,NULL,NULL
s2589,Kids' TV, TV Comedies,NULL,NULL,NULL,NULL,NULL,NULL
s2590,Horror Movies, International Movies, Thrillers,NULL,NULL,NULL,NULL,NULL
s2591,Crime TV Shows, TV Dramas, TV Mysteries,NULL,NULL,NULL,NULL,NULL
s2592,Comedies, Dramas, LGBTQ Movies,NULL,NULL,NULL,NULL,NULL
s2593,Comedies, Romantic Movies,NULL,NULL,NULL,NULL,NULL,NULL
s2594,Children & Family Movies,NULL,NULL,NULL,NULL,NULL,NULL,NULL
s2595,Children & Family Movies,NULL,NULL,NULL,NULL,NULL,NULL,NULL
s2596,Children & Family Movies,NULL,NULL,NULL,NULL,NULL,NULL,NULL
s2597,Children & Family Movies, Comedies,NULL,NULL,NULL,NULL,NULL,NULL
s2598,Thrillers,NULL,NULL,NULL,NULL,NULL,NULL,NULL
s2599,Anime Series, International TV Shows,NULL,NULL,NULL,NULL,NULL,NULL
s2600,Crime TV Shows, International TV Shows, Spanish-Language TV Shows,NULL,NULL,NULL,NULL,NULL
s2601,TV Dramas, TV Sci-Fi & Fantasy,NULL,NULL,NULL,NULL,NULL,NULL
s2602,Comedies, International Movies, Romantic Movies,NULL,NULL,NULL,NULL,NULL
s2603,Crime TV Shows, International TV Shows, TV Dramas,NULL,NULL,NULL,NULL,NULL
s2604,Crime TV Shows, International TV Shows, TV Dramas,NULL,NULL,NULL,NULL,NULL
s2605,Documentaries, LGBTQ Movies,NULL,NULL,NULL,NULL,NULL,NULL
s2606,Dramas, International Movies,NULL,NULL,NULL,NULL,NULL,NULL
s2607,Crime TV Shows, International TV Shows, Korean TV Shows,NULL,NULL,NULL,NULL,NULL
s2608,Comedies, Dramas, International Movies,NULL,NULL,NULL,NULL,NULL
s2609,Documentaries,NULL,NULL,NULL,NULL,NULL,NULL,NULL
s2610,British TV Shows, International TV Shows, Reality TV,NULL,NULL,NULL,NULL,NULL
s2611,Action & Adventure, Comedies, Dramas,NULL,NULL,NULL,NULL,NULL
s2612,International TV Shows, TV Dramas,NULL,NULL,NULL,NULL,NULL,NULL
s2613,Comedies, Dramas, International Movies,NULL,NULL,NULL,NULL,NULL
s2614,Action & Adventure, Comedies, International Movies,NULL,NULL,NULL,NULL,NULL
s2615,Comedies, International Movies,NULL,NULL,NULL,NULL,NULL,NULL
s2616,Comedies, Dramas, International Movies,NULL,NULL,NULL,NULL,NULL
s2617,Comedies, International Movies, Music & Musicals,NULL,NULL,NULL,NULL,NULL
s2618,Dramas, Independent Movies, International Movies,NULL,NULL,NULL,NULL,NULL
s2619,Comedies, International Movies,NULL,NULL,NULL,NULL,NULL,NULL
s2620,Comedies, International Movies,NULL,NULL,NULL,NULL,NULL,NULL
s2621,Comedies, International Movies,NULL,NULL,NULL,NULL,NULL,NULL
s2622,Action & Adventure, Comedies, International Movies,NULL,NULL,NULL,NULL,NULL
s2623,Dramas, Faith & Spirituality,NULL,NULL,NULL,NULL,NULL,NULL
s2624,Action & Adventure, Comedies, International Movies,NULL,NULL,NULL,NULL,NULL
s2625,Comedies, International Movies,NULL,NULL,NULL,NULL,NULL,NULL
s2626,Dramas, International Movies, Romantic Movies,NULL,NULL,NULL,NULL,NULL
s2627,Dramas, Independent Movies, International Movies,NULL,NULL,NULL,NULL,NULL
s2628,Docuseries, Science & Nature TV,NULL,NULL,NULL,NULL,NULL,NULL
s2629,British TV Shows, International TV Shows, TV Action & Adventure,NULL,NULL,NULL,NULL,NULL
s2630,Action & Adventure, Comedies, International Movies,NULL,NULL,NULL,NULL,NULL
s2631,Comedies, Dramas, International Movies,NULL,NULL,NULL,NULL,NULL
s2632,International TV Shows, Korean TV Shows, Romantic TV Shows,NULL,NULL,NULL,NULL,NULL
s2633,Documentaries, Music & Musicals,NULL,NULL,NULL,NULL,NULL,NULL
s2634,Comedies, International Movies,NULL,NULL,NULL,NULL,NULL,NULL
s2635,Comedies, Dramas, Independent Movies,NULL,NULL,NULL,NULL,NULL
s2636,Action & Adventure, International Movies,NULL,NULL,NULL,NULL,NULL,NULL
s2637,Dramas, International Movies, Sports Movies,NULL,NULL,NULL,NULL,NULL
s2638,Dramas, International Movies,NULL,NULL,NULL,NULL,NULL,NULL
s2639,Comedies, Dramas, International Movies,NULL,NULL,NULL,NULL,NULL
s2640,International TV Shows, TV Dramas,NULL,NULL,NULL,NULL,NULL,NULL
s2641,British TV Shows, International TV Shows, TV Comedies,NULL,NULL,NULL,NULL,NULL
s2642,Kids' TV, TV Comedies,NULL,NULL,NULL,NULL,NULL,NULL
s2643,International Movies, Thrillers,NULL,NULL,NULL,NULL,NULL,NULL
s2644,International TV Shows, TV Dramas, Teen TV Shows,NULL,NULL,NULL,NULL,NULL
s2645,Stand-Up Comedy,NULL,NULL,NULL,NULL,NULL,NULL,NULL
s2646,Anime Series, Crime TV Shows, International TV Shows,NULL,NULL,NULL,NULL,NULL
s2647,Comedies, International Movies,NULL,NULL,NULL,NULL,NULL,NULL
s2648,Comedies, International Movies,NULL,NULL,NULL,NULL,NULL,NULL
s2649,International TV Shows, Spanish-Language TV Shows, TV Comedies,NULL,NULL,NULL,NULL,NULL
s2650,Dramas, International Movies,NULL,NULL,NULL,NULL,NULL,NULL
s2651,International Movies, Thrillers,NULL,NULL,NULL,NULL,NULL,NULL
s2652,Docuseries, Science & Nature TV, TV Comedies,NULL,NULL,NULL,NULL,NULL
s2653,Documentaries, LGBTQ Movies,NULL,NULL,NULL,NULL,NULL,NULL
s2654,International Movies, Thrillers,NULL,NULL,NULL,NULL,NULL,NULL
s2655,Dramas, International Movies,NULL,NULL,NULL,NULL,NULL,NULL
s2656,International Movies, Thrillers,NULL,NULL,NULL,NULL,NULL,NULL
s2657,Children & Family Movies, Comedies,NULL,NULL,NULL,NULL,NULL,NULL
s2658,British TV Shows, International TV Shows, Reality TV,NULL,NULL,NULL,NULL,NULL
s2659,Anime Series, International TV Shows,NULL,NULL,NULL,NULL,NULL,NULL
s2660,TV Comedies,NULL,NULL,NULL,NULL,NULL,NULL,NULL
s2661,Crime TV Shows, International TV Shows, Spanish-Language TV Shows,NULL,NULL,NULL,NULL,NULL
s2662,Reality TV,NULL,NULL,NULL,NULL,NULL,NULL,NULL
s2663,TV Comedies,NULL,NULL,NULL,NULL,NULL,NULL,NULL
s2664,Comedies, Dramas, International Movies,NULL,NULL,NULL,NULL,NULL
s2665,Kids' TV,NULL,NULL,NULL,NULL,NULL,NULL,NULL
s2666,Crime TV Shows, International TV Shows, Korean TV Shows,NULL,NULL,NULL,NULL,NULL
s2667,TV Comedies,NULL,NULL,NULL,NULL,NULL,NULL,NULL
s2668,Comedies, International Movies,NULL,NULL,NULL,NULL,NULL,NULL
s2669,Dramas, International Movies, Thrillers,NULL,NULL,NULL,NULL,NULL
s2670,Crime TV Shows, International TV Shows, Spanish-Language TV Shows,NULL,NULL,NULL,NULL,NULL
s2671,Crime TV Shows, International TV Shows, TV Comedies,NULL,NULL,NULL,NULL,NULL
s2672,Dramas, International Movies,NULL,NULL,NULL,NULL,NULL,NULL
s2673,Dramas, Independent Movies,NULL,NULL,NULL,NULL,NULL,NULL
s2674,International Movies, Thrillers,NULL,NULL,NULL,NULL,NULL,NULL
s2675,Comedies, Dramas, International Movies,NULL,NULL,NULL,NULL,NULL
s2676,International TV Shows, Stand-Up Comedy & Talk Shows, TV Comedies,NULL,NULL,NULL,NULL,NULL
s2677,Crime TV Shows, International TV Shows, TV Action & Adventure,NULL,NULL,NULL,NULL,NULL
s2678,Comedies,NULL,NULL,NULL,NULL,NULL,NULL,NULL
s2679,Children & Family Movies, Dramas, Music & Musicals,NULL,NULL,NULL,NULL,NULL
s2680,Stand-Up Comedy,NULL,NULL,NULL,NULL,NULL,NULL,NULL
s2681,Comedies,NULL,NULL,NULL,NULL,NULL,NULL,NULL
s2682,Children & Family Movies, Comedies, International Movies,NULL,NULL,NULL,NULL,NULL
s2683,Dramas, International Movies, Romantic Movies,NULL,NULL,NULL,NULL,NULL
s2684,Comedies, Dramas, Independent Movies,NULL,NULL,NULL,NULL,NULL
s2685,Crime TV Shows, Docuseries,NULL,NULL,NULL,NULL,NULL,NULL
s2686,Dramas, International Movies, Romantic Movies,NULL,NULL,NULL,NULL,NULL
s2687,Stand-Up Comedy,NULL,NULL,NULL,NULL,NULL,NULL,NULL
s2688,Dramas, International Movies,NULL,NULL,NULL,NULL,NULL,NULL
s2689,Comedies, Dramas, International Movies,NULL,NULL,NULL,NULL,NULL
s2690,Documentaries,NULL,NULL,NULL,NULL,NULL,NULL,NULL
s2691,Action & Adventure, Independent Movies, International Movies,NULL,NULL,NULL,NULL,NULL
s2692,TV Comedies,NULL,NULL,NULL,NULL,NULL,NULL,NULL
s2693,Documentaries, International Movies, Music & Musicals,NULL,NULL,NULL,NULL,NULL
s2694,Comedies, International Movies, Romantic Movies,NULL,NULL,NULL,NULL,NULL
s2695,Comedies, Dramas, International Movies,NULL,NULL,NULL,NULL,NULL
s2696,Children & Family Movies, Comedies, Sports Movies,NULL,NULL,NULL,NULL,NULL
s2697,Crime TV Shows, International TV Shows, TV Dramas,NULL,NULL,NULL,NULL,NULL
s2698,Dramas,NULL,NULL,NULL,NULL,NULL,NULL,NULL
s2699,Anime Series, International TV Shows, Romantic TV Shows,NULL,NULL,NULL,NULL,NULL
s2700,International TV Shows, Reality TV,NULL,NULL,NULL,NULL,NULL,NULL
s2701,Comedies, Dramas, International Movies,NULL,NULL,NULL,NULL,NULL
s2702,Action & Adventure, Children & Family Movies, Sci-Fi & Fantasy,NULL,NULL,NULL,NULL,NULL
s2703,Stand-Up Comedy,NULL,NULL,NULL,NULL,NULL,NULL,NULL
s2704,Dramas, Independent Movies,NULL,NULL,NULL,NULL,NULL,NULL
s2705,Dramas, Independent Movies,NULL,NULL,NULL,NULL,NULL,NULL
s2706,Horror Movies, Independent Movies, Sci-Fi & Fantasy,NULL,NULL,NULL,NULL,NULL
s2707,Dramas, Independent Movies, Thrillers,NULL,NULL,NULL,NULL,NULL
s2708,Action & Adventure,NULL,NULL,NULL,NULL,NULL,NULL,NULL
s2709,International TV Shows, Spanish-Language TV Shows, TV Dramas,NULL,NULL,NULL,NULL,NULL
s2710,Action & Adventure, Comedies,NULL,NULL,NULL,NULL,NULL,NULL
s2711,TV Dramas, TV Sci-Fi & Fantasy, Teen TV Shows,NULL,NULL,NULL,NULL,NULL
s2712,Documentaries, International Movies,NULL,NULL,NULL,NULL,NULL,NULL
s2713,Comedies, Dramas, Independent Movies,NULL,NULL,NULL,NULL,NULL
s2714,Action & Adventure, Anime Features, International Movies,NULL,NULL,NULL,NULL,NULL
s2715,Anime Features, International Movies, Sci-Fi & Fantasy,NULL,NULL,NULL,NULL,NULL
s2716,Dramas, International Movies,NULL,NULL,NULL,NULL,NULL,NULL
s2717,Action & Adventure, Dramas, International Movies,NULL,NULL,NULL,NULL,NULL
s2718,Children & Family Movies,NULL,NULL,NULL,NULL,NULL,NULL,NULL
s2719,TV Comedies,NULL,NULL,NULL,NULL,NULL,NULL,NULL
s2720,Stand-Up Comedy,NULL,NULL,NULL,NULL,NULL,NULL,NULL
s2721,Comedies, Dramas, International Movies,NULL,NULL,NULL,NULL,NULL
s2722,Action & Adventure, Dramas, International Movies,NULL,NULL,NULL,NULL,NULL
s2723,Comedies, Dramas, International Movies,NULL,NULL,NULL,NULL,NULL
s2724,Action & Adventure, Dramas, International Movies,NULL,NULL,NULL,NULL,NULL
s2725,Comedies, Dramas, International Movies,NULL,NULL,NULL,NULL,NULL
s2726,Action & Adventure, Dramas, International Movies,NULL,NULL,NULL,NULL,NULL
s2727,Comedies, Dramas, International Movies,NULL,NULL,NULL,NULL,NULL
s2728,Crime TV Shows, Docuseries,NULL,NULL,NULL,NULL,NULL,NULL
s2729,Comedies, International Movies, Romantic Movies,NULL,NULL,NULL,NULL,NULL
s2730,Horror Movies, International Movies, Thrillers,NULL,NULL,NULL,NULL,NULL
s2731,Dramas, International Movies, Romantic Movies,NULL,NULL,NULL,NULL,NULL
s2732,Dramas, International Movies,NULL,NULL,NULL,NULL,NULL,NULL
s2733,Comedies, Dramas, International Movies,NULL,NULL,NULL,NULL,NULL
s2734,Comedies, Dramas, International Movies,NULL,NULL,NULL,NULL,NULL
s2735,Comedies, Dramas, International Movies,NULL,NULL,NULL,NULL,NULL
s2736,Comedies, International Movies, Romantic Movies,NULL,NULL,NULL,NULL,NULL
s2737,British TV Shows, International TV Shows, TV Comedies,NULL,NULL,NULL,NULL,NULL
s2738,Children & Family Movies, Sports Movies,NULL,NULL,NULL,NULL,NULL,NULL
s2739,Action & Adventure, Comedies, Dramas,NULL,NULL,NULL,NULL,NULL
s2740,Anime Series, Kids' TV,NULL,NULL,NULL,NULL,NULL,NULL
s2741,Anime Series,NULL,NULL,NULL,NULL,NULL,NULL,NULL
s2742,Dramas, Independent Movies, International Movies,NULL,NULL,NULL,NULL,NULL
s2743,British TV Shows, Docuseries, International TV Shows,NULL,NULL,NULL,NULL,NULL
s2744,TV Comedies,NULL,NULL,NULL,NULL,NULL,NULL,NULL
s2745,Children & Family Movies,NULL,NULL,NULL,NULL,NULL,NULL,NULL
s2746,Dramas, Independent Movies, Music & Musicals,NULL,NULL,NULL,NULL,NULL
s2747,British TV Shows, International TV Shows, TV Comedies,NULL,NULL,NULL,NULL,NULL
s2748,Comedies, Dramas, International Movies,NULL,NULL,NULL,NULL,NULL
s2749,International TV Shows, Romantic TV Shows, TV Comedies,NULL,NULL,NULL,NULL,NULL
s2750,Horror Movies, Independent Movies, Sci-Fi & Fantasy,NULL,NULL,NULL,NULL,NULL
s2751,Children & Family Movies,NULL,NULL,NULL,NULL,NULL,NULL,NULL
s2752,Kids' TV, TV Comedies, TV Dramas,NULL,NULL,NULL,NULL,NULL
s2753,Kids' TV,NULL,NULL,NULL,NULL,NULL,NULL,NULL
s2754,Stand-Up Comedy,NULL,NULL,NULL,NULL,NULL,NULL,NULL
s2755,Children & Family Movies, Dramas, Sports Movies,NULL,NULL,NULL,NULL,NULL
s2756,Dramas, Independent Movies, Sports Movies,NULL,NULL,NULL,NULL,NULL
s2757,Dramas, Independent Movies, International Movies,NULL,NULL,NULL,NULL,NULL
s2758,Thrillers,NULL,NULL,NULL,NULL,NULL,NULL,NULL
s2759,Documentaries, Sports Movies,NULL,NULL,NULL,NULL,NULL,NULL
s2760,Kids' TV,NULL,NULL,NULL,NULL,NULL,NULL,NULL
s2761,Comedies, Dramas, International Movies,NULL,NULL,NULL,NULL,NULL
s2762,Crime TV Shows, International TV Shows, Korean TV Shows,NULL,NULL,NULL,NULL,NULL
s2763,Action & Adventure,NULL,NULL,NULL,NULL,NULL,NULL,NULL
s2764,Children & Family Movies, Comedies,NULL,NULL,NULL,NULL,NULL,NULL
s2765,Crime TV Shows, TV Action & Adventure, TV Comedies,NULL,NULL,NULL,NULL,NULL
s2766,International TV Shows, Stand-Up Comedy & Talk Shows, TV Comedies,NULL,NULL,NULL,NULL,NULL
s2767,Comedies, Dramas, International Movies,NULL,NULL,NULL,NULL,NULL
s2768,Crime TV Shows, TV Dramas, TV Thrillers,NULL,NULL,NULL,NULL,NULL
s2769,Action & Adventure, International Movies,NULL,NULL,NULL,NULL,NULL,NULL
s2770,Documentaries, International Movies,NULL,NULL,NULL,NULL,NULL,NULL
s2771,Children & Family Movies,NULL,NULL,NULL,NULL,NULL,NULL,NULL
s2772,Dramas, Independent Movies,NULL,NULL,NULL,NULL,NULL,NULL
s2773,International TV Shows, Korean TV Shows, Reality TV,NULL,NULL,NULL,NULL,NULL
s2774,Children & Family Movies,NULL,NULL,NULL,NULL,NULL,NULL,NULL
s2775,Anime Series, International TV Shows,NULL,NULL,NULL,NULL,NULL,NULL
s2776,Dramas, International Movies, Romantic Movies,NULL,NULL,NULL,NULL,NULL
s2777,Documentaries, International Movies,NULL,NULL,NULL,NULL,NULL,NULL
s2778,International TV Shows, TV Dramas,NULL,NULL,NULL,NULL,NULL,NULL
s2779,Children & Family Movies, Documentaries, Sports Movies,NULL,NULL,NULL,NULL,NULL
s2780,Documentaries,NULL,NULL,NULL,NULL,NULL,NULL,NULL
s2781,Dramas, International Movies,NULL,NULL,NULL,NULL,NULL,NULL
s2782,Independent Movies, International Movies, Thrillers,NULL,NULL,NULL,NULL,NULL
s2783,Stand-Up Comedy,NULL,NULL,NULL,NULL,NULL,NULL,NULL
s2784,Crime TV Shows, International TV Shows, TV Dramas,NULL,NULL,NULL,NULL,NULL
s2785,International TV Shows, Reality TV,NULL,NULL,NULL,NULL,NULL,NULL
s2786,Kids' TV,NULL,NULL,NULL,NULL,NULL,NULL,NULL
s2787,Documentaries, International Movies, Sports Movies,NULL,NULL,NULL,NULL,NULL
s2788,Kids' TV, TV Comedies,NULL,NULL,NULL,NULL,NULL,NULL
s2789,Anime Series, Kids' TV,NULL,NULL,NULL,NULL,NULL,NULL
s2790,Dramas, Independent Movies, International Movies,NULL,NULL,NULL,NULL,NULL
s2791,Kids' TV, TV Dramas, Teen TV Shows,NULL,NULL,NULL,NULL,NULL
s2792,TV Dramas,NULL,NULL,NULL,NULL,NULL,NULL,NULL
s2793,Crime TV Shows, International TV Shows, TV Dramas,NULL,NULL,NULL,NULL,NULL
s2794,British TV Shows, International TV Shows, TV Dramas,NULL,NULL,NULL,NULL,NULL
s2795,British TV Shows, International TV Shows, TV Action & Adventure,NULL,NULL,NULL,NULL,NULL
s2796,Crime TV Shows, Docuseries,NULL,NULL,NULL,NULL,NULL,NULL
s2797,Dramas, International Movies, Sports Movies,NULL,NULL,NULL,NULL,NULL
s2798,International TV Shows, TV Dramas, TV Horror,NULL,NULL,NULL,NULL,NULL
s2799,Independent Movies, Sci-Fi & Fantasy, Thrillers,NULL,NULL,NULL,NULL,NULL
s2800,Action & Adventure, Anime Features, International Movies,NULL,NULL,NULL,NULL,NULL
s2801,Comedies, International Movies,NULL,NULL,NULL,NULL,NULL,NULL
s2802,Dramas, Romantic Movies,NULL,NULL,NULL,NULL,NULL,NULL
s2803,International TV Shows, TV Dramas,NULL,NULL,NULL,NULL,NULL,NULL
s2804,Anime Features, Music & Musicals, Sci-Fi & Fantasy,NULL,NULL,NULL,NULL,NULL
s2805,Crime TV Shows, International TV Shows, TV Dramas,NULL,NULL,NULL,NULL,NULL
s2806,Documentaries, Sports Movies,NULL,NULL,NULL,NULL,NULL,NULL
s2807,Stand-Up Comedy,NULL,NULL,NULL,NULL,NULL,NULL,NULL
s2808,British TV Shows, Kids' TV, TV Comedies,NULL,NULL,NULL,NULL,NULL
s2809,Docuseries,NULL,NULL,NULL,NULL,NULL,NULL,NULL
s2810,Comedies,NULL,NULL,NULL,NULL,NULL,NULL,NULL
s2811,International Movies, Thrillers,NULL,NULL,NULL,NULL,NULL,NULL
s2812,Children & Family Movies,NULL,NULL,NULL,NULL,NULL,NULL,NULL
s2813,Children & Family Movies,NULL,NULL,NULL,NULL,NULL,NULL,NULL
s2814,Docuseries,NULL,NULL,NULL,NULL,NULL,NULL,NULL
s2815,Children & Family Movies,NULL,NULL,NULL,NULL,NULL,NULL,NULL
s2816,Comedies, International Movies, Romantic Movies,NULL,NULL,NULL,NULL,NULL
s2817,Docuseries, Science & Nature TV,NULL,NULL,NULL,NULL,NULL,NULL
s2818,Comedies, Dramas, International Movies,NULL,NULL,NULL,NULL,NULL
s2819,International TV Shows, TV Horror, TV Mysteries,NULL,NULL,NULL,NULL,NULL
s2820,Children & Family Movies, Dramas,NULL,NULL,NULL,NULL,NULL,NULL
s2821,Dramas, Independent Movies,NULL,NULL,NULL,NULL,NULL,NULL
s2822,International TV Shows, Korean TV Shows, TV Action & Adventure,NULL,NULL,NULL,NULL,NULL
s2823,Dramas,NULL,NULL,NULL,NULL,NULL,NULL,NULL
s2824,Dramas, International Movies,NULL,NULL,NULL,NULL,NULL,NULL
s2825,Crime TV Shows, International TV Shows, TV Dramas,NULL,NULL,NULL,NULL,NULL
s2826,Crime TV Shows, Docuseries,NULL,NULL,NULL,NULL,NULL,NULL
s2827,Romantic TV Shows, TV Comedies, TV Dramas,NULL,NULL,NULL,NULL,NULL
s2828,International TV Shows, Reality TV,NULL,NULL,NULL,NULL,NULL,NULL
s2829,Children & Family Movies,NULL,NULL,NULL,NULL,NULL,NULL,NULL
s2830,Stand-Up Comedy,NULL,NULL,NULL,NULL,NULL,NULL,NULL
s2831,Children & Family Movies, Dramas,NULL,NULL,NULL,NULL,NULL,NULL
s2832,Comedies, International Movies,NULL,NULL,NULL,NULL,NULL,NULL
s2833,Dramas, International Movies, Romantic Movies,NULL,NULL,NULL,NULL,NULL
s2834,Dramas, International Movies,NULL,NULL,NULL,NULL,NULL,NULL
s2835,Dramas, Independent Movies, International Movies,NULL,NULL,NULL,NULL,NULL
s2836,Documentaries, Music & Musicals,NULL,NULL,NULL,NULL,NULL,NULL
s2837,Action & Adventure, Comedies,NULL,NULL,NULL,NULL,NULL,NULL
s2838,International Movies, Thrillers,NULL,NULL,NULL,NULL,NULL,NULL
s2839,Docuseries,NULL,NULL,NULL,NULL,NULL,NULL,NULL
s2840,Dramas, International Movies, Thrillers,NULL,NULL,NULL,NULL,NULL
s2841,Action & Adventure, Comedies, Dramas,NULL,NULL,NULL,NULL,NULL
s2842,Kids' TV, TV Comedies,NULL,NULL,NULL,NULL,NULL,NULL
s2843,Comedies, International Movies, LGBTQ Movies,NULL,NULL,NULL,NULL,NULL
s2844,Dramas, International Movies,NULL,NULL,NULL,NULL,NULL,NULL
s2845,Documentaries, Music & Musicals,NULL,NULL,NULL,NULL,NULL,NULL
s2846,Dramas, International Movies,NULL,NULL,NULL,NULL,NULL,NULL
s2847,International TV Shows, Romantic TV Shows, Spanish-Language TV Shows,NULL,NULL,NULL,NULL,NULL
s2848,Independent Movies, Sci-Fi & Fantasy, Thrillers,NULL,NULL,NULL,NULL,NULL
s2849,Children & Family Movies, Comedies, Music & Musicals,NULL,NULL,NULL,NULL,NULL
s2850,Stand-Up Comedy,NULL,NULL,NULL,NULL,NULL,NULL,NULL
s2851,Dramas, Independent Movies, International Movies,NULL,NULL,NULL,NULL,NULL
s2852,Dramas, International Movies,NULL,NULL,NULL,NULL,NULL,NULL
s2853,Dramas, Romantic Movies,NULL,NULL,NULL,NULL,NULL,NULL
s2854,Stand-Up Comedy,NULL,NULL,NULL,NULL,NULL,NULL,NULL
s2855,Anime Series, Crime TV Shows, International TV Shows,NULL,NULL,NULL,NULL,NULL
s2856,Crime TV Shows, International TV Shows, TV Dramas,NULL,NULL,NULL,NULL,NULL
s2857,Comedies, Dramas, International Movies,NULL,NULL,NULL,NULL,NULL
s2858,Kids' TV,NULL,NULL,NULL,NULL,NULL,NULL,NULL
s2859,Children & Family Movies,NULL,NULL,NULL,NULL,NULL,NULL,NULL
s2860,Dramas, Thrillers,NULL,NULL,NULL,NULL,NULL,NULL
s2861,Children & Family Movies, Dramas,NULL,NULL,NULL,NULL,NULL,NULL
s2862,Comedies, Dramas, Music & Musicals,NULL,NULL,NULL,NULL,NULL
s2863,Dramas, International Movies, Romantic Movies,NULL,NULL,NULL,NULL,NULL
s2864,Dramas, Independent Movies,NULL,NULL,NULL,NULL,NULL,NULL
s2865,Dramas, International Movies, Romantic Movies,NULL,NULL,NULL,NULL,NULL
s2866,Documentaries, International Movies,NULL,NULL,NULL,NULL,NULL,NULL
s2867,Documentaries, Music & Musicals,NULL,NULL,NULL,NULL,NULL,NULL
s2868,Dramas, Romantic Movies,NULL,NULL,NULL,NULL,NULL,NULL
s2869,International TV Shows, Spanish-Language TV Shows, TV Comedies,NULL,NULL,NULL,NULL,NULL
s2870,Stand-Up Comedy,NULL,NULL,NULL,NULL,NULL,NULL,NULL
s2871,International TV Shows, TV Action & Adventure, TV Dramas,NULL,NULL,NULL,NULL,NULL
s2872,Crime TV Shows, International TV Shows, Spanish-Language TV Shows,NULL,NULL,NULL,NULL,NULL
s2873,International TV Shows, Spanish-Language TV Shows, TV Dramas,NULL,NULL,NULL,NULL,NULL
s2874,Action & Adventure, Comedies, Dramas,NULL,NULL,NULL,NULL,NULL
s2875,Crime TV Shows, TV Action & Adventure, TV Dramas,NULL,NULL,NULL,NULL,NULL
s2876,International TV Shows, TV Dramas,NULL,NULL,NULL,NULL,NULL,NULL
s2877,Anime Features, Children & Family Movies,NULL,NULL,NULL,NULL,NULL,NULL
s2878,TV Shows,NULL,NULL,NULL,NULL,NULL,NULL,NULL
s2879,Dramas, International Movies, Romantic Movies,NULL,NULL,NULL,NULL,NULL
s2880,Dramas, International Movies,NULL,NULL,NULL,NULL,NULL,NULL
s2881,TV Comedies, TV Dramas, TV Sci-Fi & Fantasy,NULL,NULL,NULL,NULL,NULL
s2882,Comedies, Dramas, Independent Movies,NULL,NULL,NULL,NULL,NULL
s2883,Dramas, International Movies,NULL,NULL,NULL,NULL,NULL,NULL
s2884,Crime TV Shows, Docuseries,NULL,NULL,NULL,NULL,NULL,NULL
s2885,Dramas, Independent Movies, International Movies,NULL,NULL,NULL,NULL,NULL
s2886,International Movies, Romantic Movies,NULL,NULL,NULL,NULL,NULL,NULL
s2887,Stand-Up Comedy,NULL,NULL,NULL,NULL,NULL,NULL,NULL
s2888,Children & Family Movies, Dramas, Faith & Spirituality,NULL,NULL,NULL,NULL,NULL
s2889,International TV Shows, Korean TV Shows, Romantic TV Shows,NULL,NULL,NULL,NULL,NULL
s2890,Horror Movies,NULL,NULL,NULL,NULL,NULL,NULL,NULL
s2891,Crime TV Shows, Docuseries,NULL,NULL,NULL,NULL,NULL,NULL
s2892,TV Comedies, TV Dramas,NULL,NULL,NULL,NULL,NULL,NULL
s2893,International TV Shows, Korean TV Shows, Romantic TV Shows,NULL,NULL,NULL,NULL,NULL
s2894,International TV Shows, Reality TV,NULL,NULL,NULL,NULL,NULL,NULL
s2895,Crime TV Shows, International TV Shows, Spanish-Language TV Shows,NULL,NULL,NULL,NULL,NULL
s2896,Dramas, Independent Movies, International Movies,NULL,NULL,NULL,NULL,NULL
s2897,International Movies, Thrillers,NULL,NULL,NULL,NULL,NULL,NULL
s2898,Dramas, Thrillers,NULL,NULL,NULL,NULL,NULL,NULL
s2899,Dramas, International Movies,NULL,NULL,NULL,NULL,NULL,NULL
s2900,Comedies, International Movies, Music & Musicals,NULL,NULL,NULL,NULL,NULL
s2901,International TV Shows, TV Horror, TV Mysteries,NULL,NULL,NULL,NULL,NULL
s2902,Children & Family Movies, Documentaries, International Movies,NULL,NULL,NULL,NULL,NULL
s2903,Kids' TV, TV Action & Adventure, TV Comedies,NULL,NULL,NULL,NULL,NULL
s2904,Dramas, Romantic Movies,NULL,NULL,NULL,NULL,NULL,NULL
s2905,Dramas, Independent Movies,NULL,NULL,NULL,NULL,NULL,NULL
s2906,Action & Adventure, Comedies, Romantic Movies,NULL,NULL,NULL,NULL,NULL
s2907,International TV Shows, TV Dramas,NULL,NULL,NULL,NULL,NULL,NULL
s2908,Dramas, Thrillers,NULL,NULL,NULL,NULL,NULL,NULL
s2909,Horror Movies, Independent Movies,NULL,NULL,NULL,NULL,NULL,NULL
s2910,Movies,NULL,NULL,NULL,NULL,NULL,NULL,NULL
s2911,Kids' TV, TV Comedies,NULL,NULL,NULL,NULL,NULL,NULL
s2912,Children & Family Movies, Comedies,NULL,NULL,NULL,NULL,NULL,NULL
s2913,Dramas, International Movies, Romantic Movies,NULL,NULL,NULL,NULL,NULL
s2914,Comedies, Dramas, Independent Movies,NULL,NULL,NULL,NULL,NULL
s2915,Comedies, International Movies, Romantic Movies,NULL,NULL,NULL,NULL,NULL
s2916,Comedies, International Movies, Music & Musicals,NULL,NULL,NULL,NULL,NULL
s2917,Dramas, International Movies, Romantic Movies,NULL,NULL,NULL,NULL,NULL
s2918,International TV Shows, Romantic TV Shows, TV Comedies,NULL,NULL,NULL,NULL,NULL
s2919,Comedies, International Movies,NULL,NULL,NULL,NULL,NULL,NULL
s2920,Action & Adventure, Anime Features, Children & Family Movies,NULL,NULL,NULL,NULL,NULL
s2921,Reality TV, Romantic TV Shows,NULL,NULL,NULL,NULL,NULL,NULL
s2922,Crime TV Shows, TV Action & Adventure, TV Dramas,NULL,NULL,NULL,NULL,NULL
s2923,International TV Shows, Reality TV, Spanish-Language TV Shows,NULL,NULL,NULL,NULL,NULL
s2924,Crime TV Shows, International TV Shows, TV Dramas,NULL,NULL,NULL,NULL,NULL
s2925,Comedies, International Movies, Romantic Movies,NULL,NULL,NULL,NULL,NULL
s2926,Comedies, Romantic Movies,NULL,NULL,NULL,NULL,NULL,NULL
s2927,Kids' TV, TV Comedies,NULL,NULL,NULL,NULL,NULL,NULL
s2928,Children & Family Movies, Comedies,NULL,NULL,NULL,NULL,NULL,NULL
s2929,Dramas, Independent Movies, Thrillers,NULL,NULL,NULL,NULL,NULL
s2930,Documentaries, International Movies,NULL,NULL,NULL,NULL,NULL,NULL
s2931,Dramas, International Movies, Romantic Movies,NULL,NULL,NULL,NULL,NULL
s2932,Crime TV Shows, TV Comedies, TV Dramas,NULL,NULL,NULL,NULL,NULL
s2933,Dramas, Independent Movies, Thrillers,NULL,NULL,NULL,NULL,NULL
s2934,Horror Movies,NULL,NULL,NULL,NULL,NULL,NULL,NULL
s2935,Dramas, International Movies, Thrillers,NULL,NULL,NULL,NULL,NULL
s2936,Comedies, Dramas, International Movies,NULL,NULL,NULL,NULL,NULL
s2937,Dramas, International Movies,NULL,NULL,NULL,NULL,NULL,NULL
s2938,Kids' TV, TV Comedies,NULL,NULL,NULL,NULL,NULL,NULL
s2939,International TV Shows, Romantic TV Shows, TV Dramas,NULL,NULL,NULL,NULL,NULL
s2940,Dramas, Independent Movies,NULL,NULL,NULL,NULL,NULL,NULL
s2941,Dramas, International Movies, Sports Movies,NULL,NULL,NULL,NULL,NULL
s2942,TV Action & Adventure, TV Dramas, TV Mysteries,NULL,NULL,NULL,NULL,NULL
s2943,International TV Shows, Korean TV Shows, Romantic TV Shows,NULL,NULL,NULL,NULL,NULL
s2944,Dramas,NULL,NULL,NULL,NULL,NULL,NULL,NULL
s2945,Crime TV Shows, Docuseries,NULL,NULL,NULL,NULL,NULL,NULL
s2946,Anime Series, International TV Shows,NULL,NULL,NULL,NULL,NULL,NULL
s2947,Documentaries,NULL,NULL,NULL,NULL,NULL,NULL,NULL
s2948,Crime TV Shows, TV Action & Adventure,NULL,NULL,NULL,NULL,NULL,NULL
s2949,Crime TV Shows, Docuseries,NULL,NULL,NULL,NULL,NULL,NULL
s2950,Documentaries, Sports Movies,NULL,NULL,NULL,NULL,NULL,NULL
s2951,Action & Adventure, Sci-Fi & Fantasy,NULL,NULL,NULL,NULL,NULL,NULL
s2952,Comedies, Faith & Spirituality, Romantic Movies,NULL,NULL,NULL,NULL,NULL
s2953,Stand-Up Comedy,NULL,NULL,NULL,NULL,NULL,NULL,NULL
s2954,Kids' TV, TV Comedies,NULL,NULL,NULL,NULL,NULL,NULL
s2955,International Movies, Thrillers,NULL,NULL,NULL,NULL,NULL,NULL
s2956,Dramas, International Movies, Thrillers,NULL,NULL,NULL,NULL,NULL
s2957,Comedies, Dramas, Independent Movies,NULL,NULL,NULL,NULL,NULL
s2958,Classic Movies, Dramas, International Movies,NULL,NULL,NULL,NULL,NULL
s2959,Anime Series, International TV Shows,NULL,NULL,NULL,NULL,NULL,NULL
s2960,International TV Shows, Korean TV Shows, TV Dramas,NULL,NULL,NULL,NULL,NULL
s2961,Movies,NULL,NULL,NULL,NULL,NULL,NULL,NULL
s2962,Comedies, International Movies, Romantic Movies,NULL,NULL,NULL,NULL,NULL
s2963,Kids' TV, TV Action & Adventure,NULL,NULL,NULL,NULL,NULL,NULL
s2964,Children & Family Movies, Comedies, International Movies,NULL,NULL,NULL,NULL,NULL
s2965,Movies,NULL,NULL,NULL,NULL,NULL,NULL,NULL
s2966,Anime Series, International TV Shows,NULL,NULL,NULL,NULL,NULL,NULL
s2967,Anime Series, International TV Shows,NULL,NULL,NULL,NULL,NULL,NULL
s2968,Kids' TV,NULL,NULL,NULL,NULL,NULL,NULL,NULL
s2969,Action & Adventure, Horror Movies, Sci-Fi & Fantasy,NULL,NULL,NULL,NULL,NULL
s2970,Dramas, International Movies, Music & Musicals,NULL,NULL,NULL,NULL,NULL
s2971,Dramas, International Movies,NULL,NULL,NULL,NULL,NULL,NULL
s2972,International TV Shows, Spanish-Language TV Shows, TV Action & Adventure,NULL,NULL,NULL,NULL,NULL
s2973,Dramas, International Movies,NULL,NULL,NULL,NULL,NULL,NULL
s2974,Comedies, Dramas, Independent Movies,NULL,NULL,NULL,NULL,NULL
s2975,International TV Shows, Romantic TV Shows, TV Dramas,NULL,NULL,NULL,NULL,NULL
s2976,Documentaries, Music & Musicals,NULL,NULL,NULL,NULL,NULL,NULL
s2977,Crime TV Shows, International TV Shows, Spanish-Language TV Shows,NULL,NULL,NULL,NULL,NULL
s2978,International TV Shows, Reality TV, Romantic TV Shows,NULL,NULL,NULL,NULL,NULL
s2979,Stand-Up Comedy,NULL,NULL,NULL,NULL,NULL,NULL,NULL
s2980,British TV Shows, Crime TV Shows, International TV Shows,NULL,NULL,NULL,NULL,NULL
s2981,International TV Shows, Reality TV, Romantic TV Shows,NULL,NULL,NULL,NULL,NULL
s2982,Dramas, International Movies,NULL,NULL,NULL,NULL,NULL,NULL
s2983,International TV Shows, Romantic TV Shows, TV Comedies,NULL,NULL,NULL,NULL,NULL
s2984,Docuseries, Science & Nature TV,NULL,NULL,NULL,NULL,NULL,NULL
s2985,International TV Shows, TV Dramas, TV Sci-Fi & Fantasy,NULL,NULL,NULL,NULL,NULL
s2986,Comedies, International Movies, Romantic Movies,NULL,NULL,NULL,NULL,NULL
s2987,Comedies, Dramas, Independent Movies,NULL,NULL,NULL,NULL,NULL
s2988,Stand-Up Comedy,NULL,NULL,NULL,NULL,NULL,NULL,NULL
s2989,Dramas, Independent Movies,NULL,NULL,NULL,NULL,NULL,NULL
s2990,Dramas, Independent Movies, International Movies,NULL,NULL,NULL,NULL,NULL
s2991,International Movies, Thrillers,NULL,NULL,NULL,NULL,NULL,NULL
s2992,Docuseries,NULL,NULL,NULL,NULL,NULL,NULL,NULL
s2993,International TV Shows, TV Dramas,NULL,NULL,NULL,NULL,NULL,NULL
s2994,Reality TV,NULL,NULL,NULL,NULL,NULL,NULL,NULL
s2995,TV Comedies, TV Dramas,NULL,NULL,NULL,NULL,NULL,NULL
s2996,Comedies, International Movies, Romantic Movies,NULL,NULL,NULL,NULL,NULL
s2997,Stand-Up Comedy,NULL,NULL,NULL,NULL,NULL,NULL,NULL
s2998,TV Action & Adventure, TV Dramas, TV Horror,NULL,NULL,NULL,NULL,NULL
s2999,Anime Series, International TV Shows,NULL,NULL,NULL,NULL,NULL,NULL
s3000,International TV Shows, TV Dramas, TV Mysteries,NULL,NULL,NULL,NULL,NULL
s3001,Docuseries, Science & Nature TV,NULL,NULL,NULL,NULL,NULL,NULL
s3002,International TV Shows, Romantic TV Shows, Spanish-Language TV Shows,NULL,NULL,NULL,NULL,NULL
s3003,Comedies, Dramas, International Movies,NULL,NULL,NULL,NULL,NULL
s3004,Stand-Up Comedy,NULL,NULL,NULL,NULL,NULL,NULL,NULL
s3005,Comedies, Dramas, Independent Movies,NULL,NULL,NULL,NULL,NULL
s3006,Kids' TV, TV Action & Adventure, TV Sci-Fi & Fantasy,NULL,NULL,NULL,NULL,NULL
s3007,Comedies, Dramas, International Movies,NULL,NULL,NULL,NULL,NULL
s3008,Dramas, Independent Movies,NULL,NULL,NULL,NULL,NULL,NULL
s3009,Dramas, Independent Movies,NULL,NULL,NULL,NULL,NULL,NULL
s3010,Dramas, Thrillers,NULL,NULL,NULL,NULL,NULL,NULL
s3011,International TV Shows, TV Dramas, TV Horror,NULL,NULL,NULL,NULL,NULL
s3012,Docuseries, International TV Shows,NULL,NULL,NULL,NULL,NULL,NULL
s3013,International TV Shows, Reality TV,NULL,NULL,NULL,NULL,NULL,NULL
s3014,Reality TV,NULL,NULL,NULL,NULL,NULL,NULL,NULL
s3015,Horror Movies,NULL,NULL,NULL,NULL,NULL,NULL,NULL
s3016,International TV Shows, TV Dramas, TV Sci-Fi & Fantasy,NULL,NULL,NULL,NULL,NULL
s3017,Children & Family Movies, Comedies,NULL,NULL,NULL,NULL,NULL,NULL
s3018,Dramas, Independent Movies,NULL,NULL,NULL,NULL,NULL,NULL
s3019,Dramas, International Movies, Thrillers,NULL,NULL,NULL,NULL,NULL
s3020,Action & Adventure, Anime Features, Children & Family Movies,NULL,NULL,NULL,NULL,NULL
s3021,Anime Series, International TV Shows,NULL,NULL,NULL,NULL,NULL,NULL
s3022,Dramas,NULL,NULL,NULL,NULL,NULL,NULL,NULL
s3023,Dramas, Independent Movies, International Movies,NULL,NULL,NULL,NULL,NULL
s3024,Dramas, International Movies, Thrillers,NULL,NULL,NULL,NULL,NULL
s3025,Crime TV Shows, Docuseries,NULL,NULL,NULL,NULL,NULL,NULL
s3026,International Movies, Sci-Fi & Fantasy, Thrillers,NULL,NULL,NULL,NULL,NULL
s3027,Action & Adventure, Independent Movies,NULL,NULL,NULL,NULL,NULL,NULL
s3028,Stand-Up Comedy,NULL,NULL,NULL,NULL,NULL,NULL,NULL
s3029,Kids' TV,NULL,NULL,NULL,NULL,NULL,NULL,NULL
s3030,Action & Adventure, Dramas, International Movies,NULL,NULL,NULL,NULL,NULL
s3031,Kids' TV, TV Comedies, TV Dramas,NULL,NULL,NULL,NULL,NULL
s3032,Documentaries,NULL,NULL,NULL,NULL,NULL,NULL,NULL
s3033,Comedies, Dramas, International Movies,NULL,NULL,NULL,NULL,NULL
s3034,TV Comedies, TV Dramas,NULL,NULL,NULL,NULL,NULL,NULL
s3035,British TV Shows, Crime TV Shows, International TV Shows,NULL,NULL,NULL,NULL,NULL
s3036,Kids' TV, TV Comedies,NULL,NULL,NULL,NULL,NULL,NULL
s3037,Crime TV Shows, International TV Shows, TV Dramas,NULL,NULL,NULL,NULL,NULL
s3038,Crime TV Shows, TV Action & Adventure, TV Comedies,NULL,NULL,NULL,NULL,NULL
s3039,Action & Adventure, Dramas, Independent Movies,NULL,NULL,NULL,NULL,NULL
s3040,Kids' TV, TV Comedies,NULL,NULL,NULL,NULL,NULL,NULL
s3041,International TV Shows, Reality TV, TV Comedies,NULL,NULL,NULL,NULL,NULL
s3042,Action & Adventure, Comedies,NULL,NULL,NULL,NULL,NULL,NULL
s3043,Docuseries, Reality TV, Teen TV Shows,NULL,NULL,NULL,NULL,NULL
s3044,Dramas, Independent Movies,NULL,NULL,NULL,NULL,NULL,NULL
s3045,Comedies, Dramas, International Movies,NULL,NULL,NULL,NULL,NULL
s3046,British TV Shows, International TV Shows, TV Dramas,NULL,NULL,NULL,NULL,NULL
s3047,Comedies, International Movies, Romantic Movies,NULL,NULL,NULL,NULL,NULL
s3048,International TV Shows, TV Dramas, Teen TV Shows,NULL,NULL,NULL,NULL,NULL
s3049,Dramas, International Movies, Romantic Movies,NULL,NULL,NULL,NULL,NULL
s3050,Docuseries, Science & Nature TV,NULL,NULL,NULL,NULL,NULL,NULL
s3051,International TV Shows, TV Action & Adventure, TV Dramas,NULL,NULL,NULL,NULL,NULL
s3052,Dramas, International Movies,NULL,NULL,NULL,NULL,NULL,NULL
s3053,International TV Shows, Korean TV Shows, Romantic TV Shows,NULL,NULL,NULL,NULL,NULL
s3054,Crime TV Shows, International TV Shows, Reality TV,NULL,NULL,NULL,NULL,NULL
s3055,Comedies, International Movies,NULL,NULL,NULL,NULL,NULL,NULL
s3056,Anime Series, Teen TV Shows,NULL,NULL,NULL,NULL,NULL,NULL
s3057,Kids' TV,NULL,NULL,NULL,NULL,NULL,NULL,NULL
s3058,Children & Family Movies, Comedies,NULL,NULL,NULL,NULL,NULL,NULL
s3059,Children & Family Movies, Comedies,NULL,NULL,NULL,NULL,NULL,NULL
s3060,Children & Family Movies, Comedies,NULL,NULL,NULL,NULL,NULL,NULL
s3061,Horror Movies, International Movies, Thrillers,NULL,NULL,NULL,NULL,NULL
s3062,Stand-Up Comedy,NULL,NULL,NULL,NULL,NULL,NULL,NULL
s3063,Children & Family Movies, Comedies, Sci-Fi & Fantasy,NULL,NULL,NULL,NULL,NULL
s3064,International TV Shows, Korean TV Shows, Romantic TV Shows,NULL,NULL,NULL,NULL,NULL
s3065,Children & Family Movies, Comedies, Music & Musicals,NULL,NULL,NULL,NULL,NULL
s3066,TV Dramas, TV Thrillers,NULL,NULL,NULL,NULL,NULL,NULL
s3067,Kids' TV,NULL,NULL,NULL,NULL,NULL,NULL,NULL
s3068,Crime TV Shows, Docuseries, International TV Shows,NULL,NULL,NULL,NULL,NULL
s3069,Dramas, International Movies, Sci-Fi & Fantasy,NULL,NULL,NULL,NULL,NULL
s3070,Anime Features, Children & Family Movies,NULL,NULL,NULL,NULL,NULL,NULL
s3071,Dramas, International Movies, Romantic Movies,NULL,NULL,NULL,NULL,NULL
s3072,International TV Shows, Korean TV Shows, Romantic TV Shows,NULL,NULL,NULL,NULL,NULL
s3073,Action & Adventure,NULL,NULL,NULL,NULL,NULL,NULL,NULL
s3074,Comedies,NULL,NULL,NULL,NULL,NULL,NULL,NULL
s3075,International TV Shows, Korean TV Shows, TV Dramas,NULL,NULL,NULL,NULL,NULL
s3076,TV Dramas,NULL,NULL,NULL,NULL,NULL,NULL,NULL
s3077,International TV Shows, Korean TV Shows, Romantic TV Shows,NULL,NULL,NULL,NULL,NULL
s3078,Horror Movies, International Movies, Thrillers,NULL,NULL,NULL,NULL,NULL
s3079,Dramas, Independent Movies, International Movies,NULL,NULL,NULL,NULL,NULL
s3080,Docuseries, International TV Shows,NULL,NULL,NULL,NULL,NULL,NULL
s3081,Comedies, Sports Movies,NULL,NULL,NULL,NULL,NULL,NULL
s3082,Comedies,NULL,NULL,NULL,NULL,NULL,NULL,NULL
s3083,International TV Shows, TV Dramas, TV Thrillers,NULL,NULL,NULL,NULL,NULL
s3084,Kids' TV, Korean TV Shows,NULL,NULL,NULL,NULL,NULL,NULL
s3085,Kids' TV,NULL,NULL,NULL,NULL,NULL,NULL,NULL
s3086,Kids' TV, Korean TV Shows,NULL,NULL,NULL,NULL,NULL,NULL
s3087,Stand-Up Comedy & Talk Shows, TV Comedies,NULL,NULL,NULL,NULL,NULL,NULL
s3088,International TV Shows, TV Dramas,NULL,NULL,NULL,NULL,NULL,NULL
s3089,Anime Series, International TV Shows,NULL,NULL,NULL,NULL,NULL,NULL
s3090,Dramas, International Movies,NULL,NULL,NULL,NULL,NULL,NULL
s3091,Action & Adventure, Comedies, International Movies,NULL,NULL,NULL,NULL,NULL
s3092,Documentaries, International Movies,NULL,NULL,NULL,NULL,NULL,NULL
s3093,Docuseries,NULL,NULL,NULL,NULL,NULL,NULL,NULL
s3094,Comedies, International Movies,NULL,NULL,NULL,NULL,NULL,NULL
s3095,Dramas, Independent Movies, International Movies,NULL,NULL,NULL,NULL,NULL
s3096,International TV Shows, TV Dramas,NULL,NULL,NULL,NULL,NULL,NULL
s3097,Crime TV Shows, Romantic TV Shows, TV Dramas,NULL,NULL,NULL,NULL,NULL
s3098,Action & Adventure, Horror Movies, Sci-Fi & Fantasy,NULL,NULL,NULL,NULL,NULL
s3099,Anime Features, Romantic Movies,NULL,NULL,NULL,NULL,NULL,NULL
s3100,Children & Family Movies, Comedies,NULL,NULL,NULL,NULL,NULL,NULL
s3101,Action & Adventure, Dramas,NULL,NULL,NULL,NULL,NULL,NULL
s3102,Action & Adventure, Comedies, International Movies,NULL,NULL,NULL,NULL,NULL
s3103,Horror Movies, Sci-Fi & Fantasy, Thrillers,NULL,NULL,NULL,NULL,NULL
s3104,Anime Series, International TV Shows, Teen TV Shows,NULL,NULL,NULL,NULL,NULL
s3105,Comedies, International Movies, Music & Musicals,NULL,NULL,NULL,NULL,NULL
s3106,Children & Family Movies, Comedies,NULL,NULL,NULL,NULL,NULL,NULL
s3107,TV Action & Adventure, TV Dramas, TV Sci-Fi & Fantasy,NULL,NULL,NULL,NULL,NULL
s3108,Thrillers,NULL,NULL,NULL,NULL,NULL,NULL,NULL
s3109,TV Comedies, TV Dramas,NULL,NULL,NULL,NULL,NULL,NULL
s3110,Children & Family Movies, Sports Movies,NULL,NULL,NULL,NULL,NULL,NULL
s3111,Comedies, International Movies,NULL,NULL,NULL,NULL,NULL,NULL
s3112,International TV Shows, TV Dramas,NULL,NULL,NULL,NULL,NULL,NULL
s3113,Dramas, International Movies, Romantic Movies,NULL,NULL,NULL,NULL,NULL
s3114,International Movies, Music & Musicals,NULL,NULL,NULL,NULL,NULL,NULL
s3115,Dramas, International Movies, Romantic Movies,NULL,NULL,NULL,NULL,NULL
s3116,Dramas, International Movies,NULL,NULL,NULL,NULL,NULL,NULL
s3117,Dramas,NULL,NULL,NULL,NULL,NULL,NULL,NULL
s3118,International TV Shows, TV Action & Adventure, TV Dramas,NULL,NULL,NULL,NULL,NULL
s3119,Documentaries, International Movies,NULL,NULL,NULL,NULL,NULL,NULL
s3120,International TV Shows, Romantic TV Shows, TV Dramas,NULL,NULL,NULL,NULL,NULL
s3121,Crime TV Shows, International TV Shows, TV Dramas,NULL,NULL,NULL,NULL,NULL
s3122,Crime TV Shows, Docuseries,NULL,NULL,NULL,NULL,NULL,NULL
s3123,Romantic TV Shows, TV Dramas,NULL,NULL,NULL,NULL,NULL,NULL
s3124,Stand-Up Comedy,NULL,NULL,NULL,NULL,NULL,NULL,NULL
s3125,Comedies, Dramas, Independent Movies,NULL,NULL,NULL,NULL,NULL
s3126,Dramas, Independent Movies, International Movies,NULL,NULL,NULL,NULL,NULL
s3127,Comedies, Dramas, International Movies,NULL,NULL,NULL,NULL,NULL
s3128,International TV Shows, Korean TV Shows, Romantic TV Shows,NULL,NULL,NULL,NULL,NULL
s3129,Kids' TV, Korean TV Shows,NULL,NULL,NULL,NULL,NULL,NULL
s3130,International TV Shows, Korean TV Shows, Romantic TV Shows,NULL,NULL,NULL,NULL,NULL
s3131,International TV Shows, TV Dramas,NULL,NULL,NULL,NULL,NULL,NULL
s3132,Comedies, Dramas, International Movies,NULL,NULL,NULL,NULL,NULL
s3133,Comedies, Dramas, International Movies,NULL,NULL,NULL,NULL,NULL
s3134,Action & Adventure, International Movies,NULL,NULL,NULL,NULL,NULL,NULL
s3135,Action & Adventure, International Movies, Music & Musicals,NULL,NULL,NULL,NULL,NULL
s3136,Action & Adventure, Comedies, Dramas,NULL,NULL,NULL,NULL,NULL
s3137,International Movies, Thrillers,NULL,NULL,NULL,NULL,NULL,NULL
s3138,Anime Series, International TV Shows,NULL,NULL,NULL,NULL,NULL,NULL
s3139,Children & Family Movies, Comedies, International Movies,NULL,NULL,NULL,NULL,NULL
s3140,Comedies, Dramas, International Movies,NULL,NULL,NULL,NULL,NULL
s3141,Comedies, International Movies, Romantic Movies,NULL,NULL,NULL,NULL,NULL
s3142,Dramas, International Movies, Thrillers,NULL,NULL,NULL,NULL,NULL
s3143,Action & Adventure, Dramas, International Movies,NULL,NULL,NULL,NULL,NULL
s3144,Dramas, International Movies, Romantic Movies,NULL,NULL,NULL,NULL,NULL
s3145,Comedies, Dramas, International Movies,NULL,NULL,NULL,NULL,NULL
s3146,Dramas, International Movies, Music & Musicals,NULL,NULL,NULL,NULL,NULL
s3147,Kids' TV, TV Comedies,NULL,NULL,NULL,NULL,NULL,NULL
s3148,Dramas, International Movies, Thrillers,NULL,NULL,NULL,NULL,NULL
s3149,Kids' TV, TV Comedies,NULL,NULL,NULL,NULL,NULL,NULL
s3150,Comedies, Dramas, International Movies,NULL,NULL,NULL,NULL,NULL
s3151,Action & Adventure, Dramas,NULL,NULL,NULL,NULL,NULL,NULL
s3152,Comedies, International Movies,NULL,NULL,NULL,NULL,NULL,NULL
s3153,Comedies, International Movies, Romantic Movies,NULL,NULL,NULL,NULL,NULL
s3154,Comedies, International Movies, Romantic Movies,NULL,NULL,NULL,NULL,NULL
s3155,Dramas, International Movies, Romantic Movies,NULL,NULL,NULL,NULL,NULL
s3156,International Movies, Thrillers,NULL,NULL,NULL,NULL,NULL,NULL
s3157,International Movies, Thrillers,NULL,NULL,NULL,NULL,NULL,NULL
s3158,Stand-Up Comedy,NULL,NULL,NULL,NULL,NULL,NULL,NULL
s3159,Dramas, International Movies,NULL,NULL,NULL,NULL,NULL,NULL
s3160,Comedies, International Movies,NULL,NULL,NULL,NULL,NULL,NULL
s3161,Stand-Up Comedy,NULL,NULL,NULL,NULL,NULL,NULL,NULL
s3162,Children & Family Movies, Comedies,NULL,NULL,NULL,NULL,NULL,NULL
s3163,Horror Movies, Independent Movies,NULL,NULL,NULL,NULL,NULL,NULL
s3164,Action & Adventure, International Movies,NULL,NULL,NULL,NULL,NULL,NULL
s3165,Dramas, Faith & Spirituality, International Movies,NULL,NULL,NULL,NULL,NULL
s3166,TV Comedies,NULL,NULL,NULL,NULL,NULL,NULL,NULL
s3167,Comedies, International Movies,NULL,NULL,NULL,NULL,NULL,NULL
s3168,Dramas, International Movies,NULL,NULL,NULL,NULL,NULL,NULL
s3169,TV Comedies,NULL,NULL,NULL,NULL,NULL,NULL,NULL
s3170,Dramas,NULL,NULL,NULL,NULL,NULL,NULL,NULL
s3171,Action & Adventure, Anime Features, International Movies,NULL,NULL,NULL,NULL,NULL
s3172,Dramas, International Movies,NULL,NULL,NULL,NULL,NULL,NULL
s3173,Children & Family Movies,NULL,NULL,NULL,NULL,NULL,NULL,NULL
s3174,Anime Series, International TV Shows, Romantic TV Shows,NULL,NULL,NULL,NULL,NULL
s3175,International TV Shows, TV Dramas, TV Mysteries,NULL,NULL,NULL,NULL,NULL
s3176,Crime TV Shows, Docuseries,NULL,NULL,NULL,NULL,NULL,NULL
s3177,International TV Shows, Spanish-Language TV Shows, TV Dramas,NULL,NULL,NULL,NULL,NULL
s3178,Crime TV Shows, International TV Shows, Romantic TV Shows,NULL,NULL,NULL,NULL,NULL
s3179,Comedies, Dramas, International Movies,NULL,NULL,NULL,NULL,NULL
s3180,Comedies, Dramas, International Movies,NULL,NULL,NULL,NULL,NULL
s3181,Children & Family Movies, Dramas, Romantic Movies,NULL,NULL,NULL,NULL,NULL
s3182,Documentaries,NULL,NULL,NULL,NULL,NULL,NULL,NULL
s3183,TV Action & Adventure, TV Dramas, TV Horror,NULL,NULL,NULL,NULL,NULL
s3184,TV Comedies,NULL,NULL,NULL,NULL,NULL,NULL,NULL
s3185,International TV Shows, TV Dramas, Teen TV Shows,NULL,NULL,NULL,NULL,NULL
s3186,International TV Shows, Romantic TV Shows, Spanish-Language TV Shows,NULL,NULL,NULL,NULL,NULL
s3187,Stand-Up Comedy,NULL,NULL,NULL,NULL,NULL,NULL,NULL
s3188,TV Horror, TV Mysteries, TV Sci-Fi & Fantasy,NULL,NULL,NULL,NULL,NULL
s3189,Children & Family Movies, Comedies, Music & Musicals,NULL,NULL,NULL,NULL,NULL
s3190,Comedies, International Movies, Romantic Movies,NULL,NULL,NULL,NULL,NULL
s3191,Dramas, Thrillers,NULL,NULL,NULL,NULL,NULL,NULL
s3192,Dramas, International Movies, Thrillers,NULL,NULL,NULL,NULL,NULL
s3193,TV Comedies, TV Dramas,NULL,NULL,NULL,NULL,NULL,NULL
s3194,Comedies, International Movies, Romantic Movies,NULL,NULL,NULL,NULL,NULL
s3195,Documentaries, International Movies,NULL,NULL,NULL,NULL,NULL,NULL
s3196,Dramas, International Movies, Romantic Movies,NULL,NULL,NULL,NULL,NULL
s3197,Dramas, International Movies, Romantic Movies,NULL,NULL,NULL,NULL,NULL
s3198,Comedies, Dramas, International Movies,NULL,NULL,NULL,NULL,NULL
s3199,Dramas, International Movies, Romantic Movies,NULL,NULL,NULL,NULL,NULL
s3200,Kids' TV, Korean TV Shows, TV Comedies,NULL,NULL,NULL,NULL,NULL
s3201,Children & Family Movies, Dramas, International Movies,NULL,NULL,NULL,NULL,NULL
s3202,Comedies, Dramas, International Movies,NULL,NULL,NULL,NULL,NULL
s3203,Documentaries, International Movies, Music & Musicals,NULL,NULL,NULL,NULL,NULL
s3204,Dramas, International Movies, Thrillers,NULL,NULL,NULL,NULL,NULL
s3205,International TV Shows, Korean TV Shows, Romantic TV Shows,NULL,NULL,NULL,NULL,NULL
s3206,Documentaries, International Movies,NULL,NULL,NULL,NULL,NULL,NULL
s3207,Comedies, Dramas, International Movies,NULL,NULL,NULL,NULL,NULL
s3208,Dramas, Independent Movies, International Movies,NULL,NULL,NULL,NULL,NULL
s3209,Kids' TV,NULL,NULL,NULL,NULL,NULL,NULL,NULL
s3210,Comedies, International Movies, Thrillers,NULL,NULL,NULL,NULL,NULL
s3211,Dramas, Independent Movies, International Movies,NULL,NULL,NULL,NULL,NULL
s3212,Dramas, International Movies,NULL,NULL,NULL,NULL,NULL,NULL
s3213,Crime TV Shows, International TV Shows, Spanish-Language TV Shows,NULL,NULL,NULL,NULL,NULL
s3214,Comedies, International Movies,NULL,NULL,NULL,NULL,NULL,NULL
s3215,Comedies, Independent Movies, International Movies,NULL,NULL,NULL,NULL,NULL
s3216,Action & Adventure, Comedies, International Movies,NULL,NULL,NULL,NULL,NULL
s3217,International TV Shows, Romantic TV Shows, TV Comedies,NULL,NULL,NULL,NULL,NULL
s3218,Dramas, International Movies, Thrillers,NULL,NULL,NULL,NULL,NULL
s3219,Children & Family Movies, Dramas,NULL,NULL,NULL,NULL,NULL,NULL
s3220,Anime Series, International TV Shows,NULL,NULL,NULL,NULL,NULL,NULL
s3221,International TV Shows, Stand-Up Comedy & Talk Shows, TV Comedies,NULL,NULL,NULL,NULL,NULL
s3222,TV Comedies,NULL,NULL,NULL,NULL,NULL,NULL,NULL
s3223,International TV Shows, TV Comedies, TV Dramas,NULL,NULL,NULL,NULL,NULL
s3224,Action & Adventure, Dramas,NULL,NULL,NULL,NULL,NULL,NULL
s3225,Comedies, International Movies, Romantic Movies,NULL,NULL,NULL,NULL,NULL
s3226,Children & Family Movies, Comedies,NULL,NULL,NULL,NULL,NULL,NULL
s3227,Dramas, Independent Movies,NULL,NULL,NULL,NULL,NULL,NULL
s3228,Dramas,NULL,NULL,NULL,NULL,NULL,NULL,NULL
s3229,Stand-Up Comedy,NULL,NULL,NULL,NULL,NULL,NULL,NULL
s3230,Children & Family Movies,NULL,NULL,NULL,NULL,NULL,NULL,NULL
s3231,Crime TV Shows, International TV Shows, TV Dramas,NULL,NULL,NULL,NULL,NULL
s3232,Children & Family Movies,NULL,NULL,NULL,NULL,NULL,NULL,NULL
s3233,International TV Shows, Spanish-Language TV Shows, Stand-Up Comedy & Talk Shows,NULL,NULL,NULL,NULL,NULL
s3234,Action & Adventure, Dramas, International Movies,NULL,NULL,NULL,NULL,NULL
s3235,Documentaries, International Movies,NULL,NULL,NULL,NULL,NULL,NULL
s3236,Dramas, Thrillers,NULL,NULL,NULL,NULL,NULL,NULL
s3237,International TV Shows, TV Comedies, TV Sci-Fi & Fantasy,NULL,NULL,NULL,NULL,NULL
s3238,Dramas, Independent Movies, International Movies,NULL,NULL,NULL,NULL,NULL
s3239,TV Dramas,NULL,NULL,NULL,NULL,NULL,NULL,NULL
s3240,Action & Adventure, Anime Features, International Movies,NULL,NULL,NULL,NULL,NULL
s3241,Stand-Up Comedy,NULL,NULL,NULL,NULL,NULL,NULL,NULL
s3242,Reality TV,NULL,NULL,NULL,NULL,NULL,NULL,NULL
s3243,Crime TV Shows, Docuseries,NULL,NULL,NULL,NULL,NULL,NULL
s3244,International TV Shows, TV Comedies, TV Dramas,NULL,NULL,NULL,NULL,NULL
s3245,Documentaries, Sports Movies,NULL,NULL,NULL,NULL,NULL,NULL
s3246,International TV Shows, Reality TV,NULL,NULL,NULL,NULL,NULL,NULL
s3247,Kids' TV, TV Action & Adventure, TV Sci-Fi & Fantasy,NULL,NULL,NULL,NULL,NULL
s3248,Kids' TV, TV Comedies,NULL,NULL,NULL,NULL,NULL,NULL
s3249,Children & Family Movies, Comedies, Romantic Movies,NULL,NULL,NULL,NULL,NULL
s3250,International TV Shows, TV Comedies, TV Dramas,NULL,NULL,NULL,NULL,NULL
s3251,Documentaries,NULL,NULL,NULL,NULL,NULL,NULL,NULL
s3252,Dramas, International Movies, Romantic Movies,NULL,NULL,NULL,NULL,NULL
s3253,International TV Shows, TV Dramas,NULL,NULL,NULL,NULL,NULL,NULL
s3254,Documentaries, International Movies, Sports Movies,NULL,NULL,NULL,NULL,NULL
s3255,Dramas, Independent Movies, International Movies,NULL,NULL,NULL,NULL,NULL
s3256,Crime TV Shows, Docuseries, International TV Shows,NULL,NULL,NULL,NULL,NULL
s3257,Stand-Up Comedy,NULL,NULL,NULL,NULL,NULL,NULL,NULL
s3258,International TV Shows, Romantic TV Shows, TV Comedies,NULL,NULL,NULL,NULL,NULL
s3259,International TV Shows, TV Dramas, Teen TV Shows,NULL,NULL,NULL,NULL,NULL
s3260,Action & Adventure, Comedies, International Movies,NULL,NULL,NULL,NULL,NULL
s3261,Stand-Up Comedy,NULL,NULL,NULL,NULL,NULL,NULL,NULL
s3262,Dramas, International Movies,NULL,NULL,NULL,NULL,NULL,NULL
s3263,Horror Movies, Independent Movies,NULL,NULL,NULL,NULL,NULL,NULL
s3264,International TV Shows, Romantic TV Shows,NULL,NULL,NULL,NULL,NULL,NULL
s3265,Dramas, Romantic Movies,NULL,NULL,NULL,NULL,NULL,NULL
s3266,Documentaries, International Movies,NULL,NULL,NULL,NULL,NULL,NULL
s3267,Children & Family Movies, Music & Musicals,NULL,NULL,NULL,NULL,NULL,NULL
s3268,Action & Adventure, Dramas, International Movies,NULL,NULL,NULL,NULL,NULL
s3269,Comedies, Independent Movies, International Movies,NULL,NULL,NULL,NULL,NULL
s3270,Reality TV,NULL,NULL,NULL,NULL,NULL,NULL,NULL
s3271,International TV Shows, Korean TV Shows, Romantic TV Shows,NULL,NULL,NULL,NULL,NULL
s3272,Anime Series, Teen TV Shows,NULL,NULL,NULL,NULL,NULL,NULL
s3273,Anime Features, Music & Musicals,NULL,NULL,NULL,NULL,NULL,NULL
s3274,Children & Family Movies, Comedies,NULL,NULL,NULL,NULL,NULL,NULL
s3275,International TV Shows, Romantic TV Shows,NULL,NULL,NULL,NULL,NULL,NULL
s3276,Kids' TV,NULL,NULL,NULL,NULL,NULL,NULL,NULL
s3277,International TV Shows, Romantic TV Shows, TV Dramas,NULL,NULL,NULL,NULL,NULL
s3278,International TV Shows, Korean TV Shows, Romantic TV Shows,NULL,NULL,NULL,NULL,NULL
s3279,Documentaries, International Movies,NULL,NULL,NULL,NULL,NULL,NULL
s3280,Crime TV Shows, International TV Shows, Spanish-Language TV Shows,NULL,NULL,NULL,NULL,NULL
s3281,Anime Features, International Movies, Romantic Movies,NULL,NULL,NULL,NULL,NULL
s3282,International TV Shows, TV Action & Adventure, TV Dramas,NULL,NULL,NULL,NULL,NULL
s3283,Docuseries, Reality TV,NULL,NULL,NULL,NULL,NULL,NULL
s3284,Crime TV Shows, International TV Shows, TV Dramas,NULL,NULL,NULL,NULL,NULL
s3285,International TV Shows, Romantic TV Shows, TV Action & Adventure,NULL,NULL,NULL,NULL,NULL
s3286,Stand-Up Comedy,NULL,NULL,NULL,NULL,NULL,NULL,NULL
s3287,International TV Shows, Romantic TV Shows, TV Comedies,NULL,NULL,NULL,NULL,NULL
s3288,Docuseries, Spanish-Language TV Shows,NULL,NULL,NULL,NULL,NULL,NULL
s3289,International TV Shows, Korean TV Shows, TV Dramas,NULL,NULL,NULL,NULL,NULL
s3290,Stand-Up Comedy,NULL,NULL,NULL,NULL,NULL,NULL,NULL
s3291,Dramas, Independent Movies, LGBTQ Movies,NULL,NULL,NULL,NULL,NULL
s3292,International TV Shows, Romantic TV Shows, Teen TV Shows,NULL,NULL,NULL,NULL,NULL
s3293,Documentaries,NULL,NULL,NULL,NULL,NULL,NULL,NULL
s3294,International TV Shows, Romantic TV Shows, TV Comedies,NULL,NULL,NULL,NULL,NULL
s3295,British TV Shows, Docuseries, International TV Shows,NULL,NULL,NULL,NULL,NULL
s3296,Kids' TV, TV Action & Adventure, TV Comedies,NULL,NULL,NULL,NULL,NULL
s3297,Comedies, Dramas, LGBTQ Movies,NULL,NULL,NULL,NULL,NULL
s3298,Action & Adventure, Dramas, International Movies,NULL,NULL,NULL,NULL,NULL
s3299,Crime TV Shows, International TV Shows, Spanish-Language TV Shows,NULL,NULL,NULL,NULL,NULL
s3300,International Movies, Thrillers,NULL,NULL,NULL,NULL,NULL,NULL
s3301,Dramas,NULL,NULL,NULL,NULL,NULL,NULL,NULL
s3302,Crime TV Shows, International TV Shows, TV Dramas,NULL,NULL,NULL,NULL,NULL
s3303,Action & Adventure, Dramas, International Movies,NULL,NULL,NULL,NULL,NULL
s3304,Children & Family Movies, Comedies, Music & Musicals,NULL,NULL,NULL,NULL,NULL
s3305,Kids' TV, TV Comedies,NULL,NULL,NULL,NULL,NULL,NULL
s3306,Stand-Up Comedy,NULL,NULL,NULL,NULL,NULL,NULL,NULL
s3307,British TV Shows, International TV Shows, TV Comedies,NULL,NULL,NULL,NULL,NULL
s3308,Comedies, Dramas, Independent Movies,NULL,NULL,NULL,NULL,NULL
s3309,Dramas, International Movies, Romantic Movies,NULL,NULL,NULL,NULL,NULL
s3310,Comedies,NULL,NULL,NULL,NULL,NULL,NULL,NULL
s3311,British TV Shows, International TV Shows, TV Comedies,NULL,NULL,NULL,NULL,NULL
s3312,Documentaries,NULL,NULL,NULL,NULL,NULL,NULL,NULL
s3313,Dramas, International Movies, Thrillers,NULL,NULL,NULL,NULL,NULL
s3314,Crime TV Shows, Docuseries,NULL,NULL,NULL,NULL,NULL,NULL
s3315,Movies,NULL,NULL,NULL,NULL,NULL,NULL,NULL
s3316,Children & Family Movies, Comedies,NULL,NULL,NULL,NULL,NULL,NULL
s3317,Kids' TV, TV Comedies,NULL,NULL,NULL,NULL,NULL,NULL
s3318,Children & Family Movies, Comedies, Music & Musicals,NULL,NULL,NULL,NULL,NULL
s3319,Children & Family Movies,NULL,NULL,NULL,NULL,NULL,NULL,NULL
s3320,Children & Family Movies, Comedies,NULL,NULL,NULL,NULL,NULL,NULL
s3321,Children & Family Movies, Comedies,NULL,NULL,NULL,NULL,NULL,NULL
s3322,Children & Family Movies,NULL,NULL,NULL,NULL,NULL,NULL,NULL
s3323,Children & Family Movies, Comedies,NULL,NULL,NULL,NULL,NULL,NULL
s3324,Children & Family Movies, Comedies,NULL,NULL,NULL,NULL,NULL,NULL
s3325,Children & Family Movies, Comedies,NULL,NULL,NULL,NULL,NULL,NULL
s3326,Kids' TV, TV Comedies,NULL,NULL,NULL,NULL,NULL,NULL
s3327,Comedies, International Movies,NULL,NULL,NULL,NULL,NULL,NULL
s3328,Docuseries, International TV Shows, Science & Nature TV,NULL,NULL,NULL,NULL,NULL
s3329,Crime TV Shows, International TV Shows, TV Dramas,NULL,NULL,NULL,NULL,NULL
s3330,Dramas,NULL,NULL,NULL,NULL,NULL,NULL,NULL
s3331,International TV Shows, Reality TV, TV Comedies,NULL,NULL,NULL,NULL,NULL
s3332,Dramas,NULL,NULL,NULL,NULL,NULL,NULL,NULL
s3333,Comedies,NULL,NULL,NULL,NULL,NULL,NULL,NULL
s3334,Anime Series, Teen TV Shows,NULL,NULL,NULL,NULL,NULL,NULL
s3335,Action & Adventure, International Movies,NULL,NULL,NULL,NULL,NULL,NULL
s3336,Documentaries,NULL,NULL,NULL,NULL,NULL,NULL,NULL
s3337,Anime Series, International TV Shows, Teen TV Shows,NULL,NULL,NULL,NULL,NULL
s3338,Children & Family Movies, Dramas, Romantic Movies,NULL,NULL,NULL,NULL,NULL
s3339,Children & Family Movies, Comedies, Romantic Movies,NULL,NULL,NULL,NULL,NULL
s3340,Anime Series, Romantic TV Shows, Teen TV Shows,NULL,NULL,NULL,NULL,NULL
s3341,Anime Series, Romantic TV Shows,NULL,NULL,NULL,NULL,NULL,NULL
s3342,Anime Series, International TV Shows,NULL,NULL,NULL,NULL,NULL,NULL
s3343,International TV Shows, Reality TV,NULL,NULL,NULL,NULL,NULL,NULL
s3344,Children & Family Movies, Comedies, Romantic Movies,NULL,NULL,NULL,NULL,NULL
s3345,Reality TV,NULL,NULL,NULL,NULL,NULL,NULL,NULL
s3346,Kids' TV,NULL,NULL,NULL,NULL,NULL,NULL,NULL
s3347,Movies,NULL,NULL,NULL,NULL,NULL,NULL,NULL
s3348,Dramas,NULL,NULL,NULL,NULL,NULL,NULL,NULL
s3349,Dramas, International Movies,NULL,NULL,NULL,NULL,NULL,NULL
s3350,Documentaries, International Movies,NULL,NULL,NULL,NULL,NULL,NULL
s3351,Children & Family Movies,NULL,NULL,NULL,NULL,NULL,NULL,NULL
s3352,International TV Shows, Spanish-Language TV Shows, TV Dramas,NULL,NULL,NULL,NULL,NULL
s3353,International TV Shows, TV Dramas, TV Mysteries,NULL,NULL,NULL,NULL,NULL
s3354,Documentaries, International Movies, Music & Musicals,NULL,NULL,NULL,NULL,NULL
s3355,Stand-Up Comedy,NULL,NULL,NULL,NULL,NULL,NULL,NULL
s3356,Anime Series, International TV Shows,NULL,NULL,NULL,NULL,NULL,NULL
s3357,Crime TV Shows, International TV Shows, TV Action & Adventure,NULL,NULL,NULL,NULL,NULL
s3358,Crime TV Shows, International TV Shows, TV Dramas,NULL,NULL,NULL,NULL,NULL
s3359,International TV Shows, Korean TV Shows, Romantic TV Shows,NULL,NULL,NULL,NULL,NULL
s3360,Dramas, International Movies, Romantic Movies,NULL,NULL,NULL,NULL,NULL
s3361,International TV Shows, Korean TV Shows, Romantic TV Shows,NULL,NULL,NULL,NULL,NULL
s3362,Crime TV Shows, International TV Shows, TV Dramas,NULL,NULL,NULL,NULL,NULL
s3363,Stand-Up Comedy,NULL,NULL,NULL,NULL,NULL,NULL,NULL
s3364,Docuseries, Stand-Up Comedy & Talk Shows,NULL,NULL,NULL,NULL,NULL,NULL
s3365,Documentaries, International Movies,NULL,NULL,NULL,NULL,NULL,NULL
s3366,Documentaries, International Movies,NULL,NULL,NULL,NULL,NULL,NULL
s3367,Documentaries, International Movies, Sports Movies,NULL,NULL,NULL,NULL,NULL
s3368,International TV Shows, Romantic TV Shows, Teen TV Shows,NULL,NULL,NULL,NULL,NULL
s3369,International TV Shows, Romantic TV Shows, Teen TV Shows,NULL,NULL,NULL,NULL,NULL
s3370,TV Comedies,NULL,NULL,NULL,NULL,NULL,NULL,NULL
s3371,Crime TV Shows, International TV Shows, TV Dramas,NULL,NULL,NULL,NULL,NULL
s3372,Dramas, International Movies, Thrillers,NULL,NULL,NULL,NULL,NULL
s3373,Comedies, Dramas,NULL,NULL,NULL,NULL,NULL,NULL
s3374,Crime TV Shows, International TV Shows, Spanish-Language TV Shows,NULL,NULL,NULL,NULL,NULL
s3375,Documentaries,NULL,NULL,NULL,NULL,NULL,NULL,NULL
s3376,Crime TV Shows, International TV Shows, Spanish-Language TV Shows,NULL,NULL,NULL,NULL,NULL
s3377,International Movies,NULL,NULL,NULL,NULL,NULL,NULL,NULL
s3378,International TV Shows, Reality TV,NULL,NULL,NULL,NULL,NULL,NULL
s3379,International TV Shows, Reality TV, Spanish-Language TV Shows,NULL,NULL,NULL,NULL,NULL
s3380,Horror Movies, Independent Movies, Thrillers,NULL,NULL,NULL,NULL,NULL
s3381,Comedies, Dramas, International Movies,NULL,NULL,NULL,NULL,NULL
s3382,International TV Shows, TV Action & Adventure, TV Mysteries,NULL,NULL,NULL,NULL,NULL
s3383,TV Action & Adventure, TV Comedies, TV Horror,NULL,NULL,NULL,NULL,NULL
s3384,Documentaries, Music & Musicals,NULL,NULL,NULL,NULL,NULL,NULL
s3385,Horror Movies, International Movies,NULL,NULL,NULL,NULL,NULL,NULL
s3386,Docuseries,NULL,NULL,NULL,NULL,NULL,NULL,NULL
s3387,Documentaries,NULL,NULL,NULL,NULL,NULL,NULL,NULL
s3388,Action & Adventure, International Movies,NULL,NULL,NULL,NULL,NULL,NULL
s3389,Documentaries, Stand-Up Comedy,NULL,NULL,NULL,NULL,NULL,NULL
s3390,Action & Adventure, Comedies, Independent Movies,NULL,NULL,NULL,NULL,NULL
s3391,Children & Family Movies, Comedies,NULL,NULL,NULL,NULL,NULL,NULL
s3392,Dramas, International Movies, Thrillers,NULL,NULL,NULL,NULL,NULL
s3393,Comedies, International Movies, Romantic Movies,NULL,NULL,NULL,NULL,NULL
s3394,Kids' TV,NULL,NULL,NULL,NULL,NULL,NULL,NULL
s3395,Children & Family Movies,NULL,NULL,NULL,NULL,NULL,NULL,NULL
s3396,Children & Family Movies,NULL,NULL,NULL,NULL,NULL,NULL,NULL
s3397,Children & Family Movies,NULL,NULL,NULL,NULL,NULL,NULL,NULL
s3398,Children & Family Movies,NULL,NULL,NULL,NULL,NULL,NULL,NULL
s3399,Horror Movies,NULL,NULL,NULL,NULL,NULL,NULL,NULL
s3400,Dramas, International Movies,NULL,NULL,NULL,NULL,NULL,NULL
s3401,British TV Shows, International TV Shows, Reality TV,NULL,NULL,NULL,NULL,NULL
s3402,British TV Shows, Kids' TV,NULL,NULL,NULL,NULL,NULL,NULL
s3403,Comedies, International Movies, Romantic Movies,NULL,NULL,NULL,NULL,NULL
s3404,Kids' TV, TV Comedies,NULL,NULL,NULL,NULL,NULL,NULL
s3405,Kids' TV, Korean TV Shows,NULL,NULL,NULL,NULL,NULL,NULL
s3406,Comedies, Dramas, International Movies,NULL,NULL,NULL,NULL,NULL
s3407,Kids' TV,NULL,NULL,NULL,NULL,NULL,NULL,NULL
s3408,Action & Adventure, Dramas, International Movies,NULL,NULL,NULL,NULL,NULL
s3409,Documentaries,NULL,NULL,NULL,NULL,NULL,NULL,NULL
s3410,Comedies, Dramas,NULL,NULL,NULL,NULL,NULL,NULL
s3411,International TV Shows, TV Comedies,NULL,NULL,NULL,NULL,NULL,NULL
s3412,Dramas, International Movies,NULL,NULL,NULL,NULL,NULL,NULL
s3413,Comedies, Dramas, International Movies,NULL,NULL,NULL,NULL,NULL
s3414,Dramas, Faith & Spirituality, International Movies,NULL,NULL,NULL,NULL,NULL
s3415,Crime TV Shows, International TV Shows, TV Action & Adventure,NULL,NULL,NULL,NULL,NULL
s3416,Kids' TV, TV Thrillers,NULL,NULL,NULL,NULL,NULL,NULL
s3417,International TV Shows, Korean TV Shows, Romantic TV Shows,NULL,NULL,NULL,NULL,NULL
s3418,Documentaries,NULL,NULL,NULL,NULL,NULL,NULL,NULL
s3419,Documentaries,NULL,NULL,NULL,NULL,NULL,NULL,NULL
s3420,Stand-Up Comedy,NULL,NULL,NULL,NULL,NULL,NULL,NULL
s3421,International TV Shows, Korean TV Shows, Romantic TV Shows,NULL,NULL,NULL,NULL,NULL
s3422,Horror Movies,NULL,NULL,NULL,NULL,NULL,NULL,NULL
s3423,Documentaries, Sports Movies,NULL,NULL,NULL,NULL,NULL,NULL
s3424,Crime TV Shows, International TV Shows, TV Dramas,NULL,NULL,NULL,NULL,NULL
s3425,Stand-Up Comedy,NULL,NULL,NULL,NULL,NULL,NULL,NULL
s3426,Dramas, International Movies,NULL,NULL,NULL,NULL,NULL,NULL
s3427,Crime TV Shows, International TV Shows, Korean TV Shows,NULL,NULL,NULL,NULL,NULL
s3428,Comedies, International Movies, Romantic Movies,NULL,NULL,NULL,NULL,NULL
s3429,Dramas, Thrillers,NULL,NULL,NULL,NULL,NULL,NULL
s3430,Thrillers,NULL,NULL,NULL,NULL,NULL,NULL,NULL
s3431,TV Comedies, TV Dramas, Teen TV Shows,NULL,NULL,NULL,NULL,NULL
s3432,Dramas, International Movies,NULL,NULL,NULL,NULL,NULL,NULL
s3433,Dramas, International Movies, Thrillers,NULL,NULL,NULL,NULL,NULL
s3434,International TV Shows, Romantic TV Shows, TV Comedies,NULL,NULL,NULL,NULL,NULL
s3435,Horror Movies, International Movies,NULL,NULL,NULL,NULL,NULL,NULL
s3436,Anime Series, Kids' TV,NULL,NULL,NULL,NULL,NULL,NULL
s3437,International Movies, Music & Musicals,NULL,NULL,NULL,NULL,NULL,NULL
s3438,Anime Series, International TV Shows,NULL,NULL,NULL,NULL,NULL,NULL
s3439,Dramas, Romantic Movies,NULL,NULL,NULL,NULL,NULL,NULL
s3440,Dramas, Thrillers,NULL,NULL,NULL,NULL,NULL,NULL
s3441,Reality TV,NULL,NULL,NULL,NULL,NULL,NULL,NULL
s3442,Stand-Up Comedy,NULL,NULL,NULL,NULL,NULL,NULL,NULL
s3443,Children & Family Movies, Comedies,NULL,NULL,NULL,NULL,NULL,NULL
s3444,Dramas, International Movies, Romantic Movies,NULL,NULL,NULL,NULL,NULL
s3445,Kids' TV, Spanish-Language TV Shows,NULL,NULL,NULL,NULL,NULL,NULL
s3446,International TV Shows, Korean TV Shows, TV Action & Adventure,NULL,NULL,NULL,NULL,NULL
s3447,Dramas, Independent Movies, International Movies,NULL,NULL,NULL,NULL,NULL
s3448,Documentaries,NULL,NULL,NULL,NULL,NULL,NULL,NULL
s3449,Comedies, International Movies, Romantic Movies,NULL,NULL,NULL,NULL,NULL
s3450,British TV Shows, Kids' TV, TV Thrillers,NULL,NULL,NULL,NULL,NULL
s3451,Horror Movies, Thrillers,NULL,NULL,NULL,NULL,NULL,NULL
s3452,Children & Family Movies, Comedies,NULL,NULL,NULL,NULL,NULL,NULL
s3453,British TV Shows, Crime TV Shows, International TV Shows,NULL,NULL,NULL,NULL,NULL
s3454,Kids' TV, TV Action & Adventure, TV Dramas,NULL,NULL,NULL,NULL,NULL
s3455,Docuseries, Science & Nature TV,NULL,NULL,NULL,NULL,NULL,NULL
s3456,Kids' TV,NULL,NULL,NULL,NULL,NULL,NULL,NULL
s3457,Children & Family Movies,NULL,NULL,NULL,NULL,NULL,NULL,NULL
s3458,Anime Series, Crime TV Shows,NULL,NULL,NULL,NULL,NULL,NULL
s3459,Docuseries,NULL,NULL,NULL,NULL,NULL,NULL,NULL
s3460,Comedies, International Movies, Romantic Movies,NULL,NULL,NULL,NULL,NULL
s3461,Documentaries,NULL,NULL,NULL,NULL,NULL,NULL,NULL
s3462,International TV Shows, Korean TV Shows, Romantic TV Shows,NULL,NULL,NULL,NULL,NULL
s3463,International TV Shows, Korean TV Shows, Romantic TV Shows,NULL,NULL,NULL,NULL,NULL
s3464,International TV Shows, Romantic TV Shows, TV Comedies,NULL,NULL,NULL,NULL,NULL
s3465,International TV Shows, TV Comedies,NULL,NULL,NULL,NULL,NULL,NULL
s3466,Dramas, International Movies, Romantic Movies,NULL,NULL,NULL,NULL,NULL
s3467,International TV Shows, TV Comedies, TV Dramas,NULL,NULL,NULL,NULL,NULL
s3468,International TV Shows, TV Comedies,NULL,NULL,NULL,NULL,NULL,NULL
s3469,Documentaries, International Movies, Sports Movies,NULL,NULL,NULL,NULL,NULL
s3470,Children & Family Movies,NULL,NULL,NULL,NULL,NULL,NULL,NULL
s3471,Kids' TV, Korean TV Shows,NULL,NULL,NULL,NULL,NULL,NULL
s3472,Stand-Up Comedy,NULL,NULL,NULL,NULL,NULL,NULL,NULL
s3473,Children & Family Movies, Comedies,NULL,NULL,NULL,NULL,NULL,NULL
s3474,International TV Shows, Korean TV Shows, Romantic TV Shows,NULL,NULL,NULL,NULL,NULL
s3475,International TV Shows, Korean TV Shows, Romantic TV Shows,NULL,NULL,NULL,NULL,NULL
s3476,Children & Family Movies, Comedies,NULL,NULL,NULL,NULL,NULL,NULL
s3477,Comedies, Dramas, Independent Movies,NULL,NULL,NULL,NULL,NULL
s3478,Crime TV Shows, TV Action & Adventure, TV Dramas,NULL,NULL,NULL,NULL,NULL
s3479,Stand-Up Comedy,NULL,NULL,NULL,NULL,NULL,NULL,NULL
s3480,Documentaries, International Movies,NULL,NULL,NULL,NULL,NULL,NULL
s3481,Dramas, International Movies,NULL,NULL,NULL,NULL,NULL,NULL
s3482,International TV Shows, TV Action & Adventure, TV Dramas,NULL,NULL,NULL,NULL,NULL
s3483,Comedies, International Movies,NULL,NULL,NULL,NULL,NULL,NULL
s3484,Crime TV Shows, International TV Shows, Spanish-Language TV Shows,NULL,NULL,NULL,NULL,NULL
s3485,Dramas, Sci-Fi & Fantasy, Thrillers,NULL,NULL,NULL,NULL,NULL
s3486,Anime Features, Music & Musicals, Sci-Fi & Fantasy,NULL,NULL,NULL,NULL,NULL
s3487,Dramas, International Movies, Romantic Movies,NULL,NULL,NULL,NULL,NULL
s3488,Action & Adventure, Dramas, International Movies,NULL,NULL,NULL,NULL,NULL
s3489,Crime TV Shows, International TV Shows, Spanish-Language TV Shows,NULL,NULL,NULL,NULL,NULL
s3490,Docuseries,NULL,NULL,NULL,NULL,NULL,NULL,NULL
s3491,Documentaries, International Movies,NULL,NULL,NULL,NULL,NULL,NULL
s3492,International TV Shows, TV Dramas, TV Horror,NULL,NULL,NULL,NULL,NULL
s3493,Comedies, International Movies, Music & Musicals,NULL,NULL,NULL,NULL,NULL
s3494,Comedies, International Movies, Music & Musicals,NULL,NULL,NULL,NULL,NULL
s3495,Action & Adventure,NULL,NULL,NULL,NULL,NULL,NULL,NULL
s3496,Stand-Up Comedy,NULL,NULL,NULL,NULL,NULL,NULL,NULL
s3497,Comedies, Dramas, International Movies,NULL,NULL,NULL,NULL,NULL
s3498,Comedies, Independent Movies, International Movies,NULL,NULL,NULL,NULL,NULL
s3499,Dramas, Independent Movies, International Movies,NULL,NULL,NULL,NULL,NULL
s3500,International TV Shows, Korean TV Shows, TV Action & Adventure,NULL,NULL,NULL,NULL,NULL
s3501,Comedies,NULL,NULL,NULL,NULL,NULL,NULL,NULL
s3502,Crime TV Shows, International TV Shows, TV Dramas,NULL,NULL,NULL,NULL,NULL
s3503,British TV Shows, Crime TV Shows, International TV Shows,NULL,NULL,NULL,NULL,NULL
s3504,British TV Shows, Crime TV Shows, International TV Shows,NULL,NULL,NULL,NULL,NULL
s3505,Reality TV,NULL,NULL,NULL,NULL,NULL,NULL,NULL
s3506,Docuseries, Science & Nature TV,NULL,NULL,NULL,NULL,NULL,NULL
s3507,International TV Shows, TV Comedies, TV Dramas,NULL,NULL,NULL,NULL,NULL
s3508,Comedies, International Movies,NULL,NULL,NULL,NULL,NULL,NULL
s3509,Children & Family Movies,NULL,NULL,NULL,NULL,NULL,NULL,NULL
s3510,Dramas, International Movies, Romantic Movies,NULL,NULL,NULL,NULL,NULL
s3511,International TV Shows, Korean TV Shows, Romantic TV Shows,NULL,NULL,NULL,NULL,NULL
s3512,Action & Adventure,NULL,NULL,NULL,NULL,NULL,NULL,NULL
s3513,Stand-Up Comedy,NULL,NULL,NULL,NULL,NULL,NULL,NULL
s3514,Documentaries, International Movies, Music & Musicals,NULL,NULL,NULL,NULL,NULL
s3515,Documentaries,NULL,NULL,NULL,NULL,NULL,NULL,NULL
s3516,Crime TV Shows, Docuseries,NULL,NULL,NULL,NULL,NULL,NULL
s3517,Comedies, International Movies, Music & Musicals,NULL,NULL,NULL,NULL,NULL
s3518,Documentaries, International Movies,NULL,NULL,NULL,NULL,NULL,NULL
s3519,Documentaries,NULL,NULL,NULL,NULL,NULL,NULL,NULL
s3520,Anime Series, International TV Shows, TV Horror,NULL,NULL,NULL,NULL,NULL
s3521,Comedies, International Movies,NULL,NULL,NULL,NULL,NULL,NULL
s3522,International TV Shows, TV Dramas, TV Horror,NULL,NULL,NULL,NULL,NULL
s3523,Dramas, International Movies, Romantic Movies,NULL,NULL,NULL,NULL,NULL
s3524,Children & Family Movies, Comedies, Romantic Movies,NULL,NULL,NULL,NULL,NULL
s3525,British TV Shows, Crime TV Shows, International TV Shows,NULL,NULL,NULL,NULL,NULL
s3526,Crime TV Shows, TV Dramas,NULL,NULL,NULL,NULL,NULL,NULL
s3527,TV Action & Adventure, TV Dramas, TV Sci-Fi & Fantasy,NULL,NULL,NULL,NULL,NULL
s3528,Docuseries, Science & Nature TV,NULL,NULL,NULL,NULL,NULL,NULL
s3529,Stand-Up Comedy,NULL,NULL,NULL,NULL,NULL,NULL,NULL
s3530,Documentaries, International Movies,NULL,NULL,NULL,NULL,NULL,NULL
s3531,Dramas, International Movies, Thrillers,NULL,NULL,NULL,NULL,NULL
s3532,Comedies, Dramas, Independent Movies,NULL,NULL,NULL,NULL,NULL
s3533,Comedies, Independent Movies, International Movies,NULL,NULL,NULL,NULL,NULL
s3534,Comedies, International Movies, Romantic Movies,NULL,NULL,NULL,NULL,NULL
s3535,International TV Shows, TV Dramas, TV Thrillers,NULL,NULL,NULL,NULL,NULL
s3536,Documentaries,NULL,NULL,NULL,NULL,NULL,NULL,NULL
s3537,Dramas, Independent Movies, International Movies,NULL,NULL,NULL,NULL,NULL
s3538,Comedies, Dramas, International Movies,NULL,NULL,NULL,NULL,NULL
s3539,Documentaries, International Movies,NULL,NULL,NULL,NULL,NULL,NULL
s3540,Kids' TV,NULL,NULL,NULL,NULL,NULL,NULL,NULL
s3541,Docuseries, Science & Nature TV,NULL,NULL,NULL,NULL,NULL,NULL
s3542,Anime Series, International TV Shows,NULL,NULL,NULL,NULL,NULL,NULL
s3543,Dramas, Independent Movies, International Movies,NULL,NULL,NULL,NULL,NULL
s3544,British TV Shows, Crime TV Shows, Docuseries,NULL,NULL,NULL,NULL,NULL
s3545,Children & Family Movies,NULL,NULL,NULL,NULL,NULL,NULL,NULL
s3546,Comedies, International Movies,NULL,NULL,NULL,NULL,NULL,NULL
s3547,British TV Shows, Kids' TV,NULL,NULL,NULL,NULL,NULL,NULL
s3548,Comedies, International Movies,NULL,NULL,NULL,NULL,NULL,NULL
s3549,Comedies, International Movies,NULL,NULL,NULL,NULL,NULL,NULL
s3550,Children & Family Movies, Comedies, Dramas,NULL,NULL,NULL,NULL,NULL
s3551,Reality TV,NULL,NULL,NULL,NULL,NULL,NULL,NULL
s3552,TV Action & Adventure, TV Dramas, TV Sci-Fi & Fantasy,NULL,NULL,NULL,NULL,NULL
s3553,Crime TV Shows, International TV Shows, Spanish-Language TV Shows,NULL,NULL,NULL,NULL,NULL
s3554,Kids' TV,NULL,NULL,NULL,NULL,NULL,NULL,NULL
s3555,International Movies, Thrillers,NULL,NULL,NULL,NULL,NULL,NULL
s3556,Comedies, Romantic Movies,NULL,NULL,NULL,NULL,NULL,NULL
s3557,Dramas, Faith & Spirituality, International Movies,NULL,NULL,NULL,NULL,NULL
s3558,Documentaries, Music & Musicals,NULL,NULL,NULL,NULL,NULL,NULL
s3559,British TV Shows, International TV Shows, Reality TV,NULL,NULL,NULL,NULL,NULL
s3560,Stand-Up Comedy,NULL,NULL,NULL,NULL,NULL,NULL,NULL
s3561,Comedies, International Movies,NULL,NULL,NULL,NULL,NULL,NULL
s3562,Crime TV Shows, Docuseries,NULL,NULL,NULL,NULL,NULL,NULL
s3563,Anime Series, Crime TV Shows, International TV Shows,NULL,NULL,NULL,NULL,NULL
s3564,Comedies, Dramas, International Movies,NULL,NULL,NULL,NULL,NULL
s3565,Comedies, International Movies,NULL,NULL,NULL,NULL,NULL,NULL
s3566,International Movies, Music & Musicals,NULL,NULL,NULL,NULL,NULL,NULL
s3567,Dramas, Independent Movies, International Movies,NULL,NULL,NULL,NULL,NULL
s3568,Documentaries,NULL,NULL,NULL,NULL,NULL,NULL,NULL
s3569,Horror Movies, International Movies, Thrillers,NULL,NULL,NULL,NULL,NULL
s3570,Horror Movies, International Movies, Thrillers,NULL,NULL,NULL,NULL,NULL
s3571,Horror Movies, International Movies, Thrillers,NULL,NULL,NULL,NULL,NULL
s3572,Reality TV,NULL,NULL,NULL,NULL,NULL,NULL,NULL
s3573,International Movies, Romantic Movies,NULL,NULL,NULL,NULL,NULL,NULL
s3574,Documentaries,NULL,NULL,NULL,NULL,NULL,NULL,NULL
s3575,Stand-Up Comedy,NULL,NULL,NULL,NULL,NULL,NULL,NULL
s3576,International TV Shows, Romantic TV Shows, Spanish-Language TV Shows,NULL,NULL,NULL,NULL,NULL
s3577,Crime TV Shows, International TV Shows, Spanish-Language TV Shows,NULL,NULL,NULL,NULL,NULL
s3578,Crime TV Shows, International TV Shows, TV Dramas,NULL,NULL,NULL,NULL,NULL
s3579,Docuseries, Science & Nature TV,NULL,NULL,NULL,NULL,NULL,NULL
s3580,Crime TV Shows, International TV Shows, Spanish-Language TV Shows,NULL,NULL,NULL,NULL,NULL
s3581,Children & Family Movies, Comedies, Sci-Fi & Fantasy,NULL,NULL,NULL,NULL,NULL
s3582,Crime TV Shows, TV Dramas, TV Mysteries,NULL,NULL,NULL,NULL,NULL
s3583,Sci-Fi & Fantasy, Thrillers,NULL,NULL,NULL,NULL,NULL,NULL
s3584,Comedies,NULL,NULL,NULL,NULL,NULL,NULL,NULL
s3585,Children & Family Movies,NULL,NULL,NULL,NULL,NULL,NULL,NULL
s3586,International TV Shows, TV Action & Adventure, TV Dramas,NULL,NULL,NULL,NULL,NULL
s3587,Comedies, International Movies,NULL,NULL,NULL,NULL,NULL,NULL
s3588,International TV Shows, Spanish-Language TV Shows, TV Action & Adventure,NULL,NULL,NULL,NULL,NULL
s3589,Anime Series, International TV Shows,NULL,NULL,NULL,NULL,NULL,NULL
s3590,Crime TV Shows, International TV Shows, TV Dramas,NULL,NULL,NULL,NULL,NULL
s3591,International TV Shows, TV Dramas, TV Thrillers,NULL,NULL,NULL,NULL,NULL
s3592,Stand-Up Comedy,NULL,NULL,NULL,NULL,NULL,NULL,NULL
s3593,Crime TV Shows, Docuseries,NULL,NULL,NULL,NULL,NULL,NULL
s3594,Dramas, International Movies,NULL,NULL,NULL,NULL,NULL,NULL
s3595,Comedies, International Movies, Music & Musicals,NULL,NULL,NULL,NULL,NULL
s3596,Documentaries, Sports Movies,NULL,NULL,NULL,NULL,NULL,NULL
s3597,Documentaries, International Movies,NULL,NULL,NULL,NULL,NULL,NULL
s3598,TV Dramas,NULL,NULL,NULL,NULL,NULL,NULL,NULL
s3599,Kids' TV,NULL,NULL,NULL,NULL,NULL,NULL,NULL
s3600,Stand-Up Comedy,NULL,NULL,NULL,NULL,NULL,NULL,NULL
s3601,TV Comedies, TV Dramas,NULL,NULL,NULL,NULL,NULL,NULL
s3602,TV Comedies, TV Dramas, TV Horror,NULL,NULL,NULL,NULL,NULL
s3603,Dramas, Independent Movies, International Movies,NULL,NULL,NULL,NULL,NULL
s3604,Children & Family Movies, Comedies, LGBTQ Movies,NULL,NULL,NULL,NULL,NULL
s3605,Crime TV Shows, International TV Shows, TV Dramas,NULL,NULL,NULL,NULL,NULL
s3606,Docuseries,NULL,NULL,NULL,NULL,NULL,NULL,NULL
s3607,Crime TV Shows, International TV Shows, Korean TV Shows,NULL,NULL,NULL,NULL,NULL
s3608,International TV Shows, TV Dramas,NULL,NULL,NULL,NULL,NULL,NULL
s3609,Romantic TV Shows, TV Comedies, TV Dramas,NULL,NULL,NULL,NULL,NULL
s3610,International TV Shows, Korean TV Shows, Romantic TV Shows,NULL,NULL,NULL,NULL,NULL
s3611,International TV Shows, Korean TV Shows, Romantic TV Shows,NULL,NULL,NULL,NULL,NULL
s3612,International TV Shows, Korean TV Shows, TV Dramas,NULL,NULL,NULL,NULL,NULL
s3613,International TV Shows, Korean TV Shows, Romantic TV Shows,NULL,NULL,NULL,NULL,NULL
s3614,International TV Shows, Korean TV Shows, Romantic TV Shows,NULL,NULL,NULL,NULL,NULL
s3615,International TV Shows, Korean TV Shows, Romantic TV Shows,NULL,NULL,NULL,NULL,NULL
s3616,TV Action & Adventure, TV Sci-Fi & Fantasy,NULL,NULL,NULL,NULL,NULL,NULL
s3617,International Movies, Thrillers,NULL,NULL,NULL,NULL,NULL,NULL
s3618,Stand-Up Comedy,NULL,NULL,NULL,NULL,NULL,NULL,NULL
s3619,Comedies, Dramas, International Movies,NULL,NULL,NULL,NULL,NULL
s3620,Stand-Up Comedy,NULL,NULL,NULL,NULL,NULL,NULL,NULL
s3621,Stand-Up Comedy,NULL,NULL,NULL,NULL,NULL,NULL,NULL
s3622,Documentaries, Sports Movies,NULL,NULL,NULL,NULL,NULL,NULL
s3623,Stand-Up Comedy,NULL,NULL,NULL,NULL,NULL,NULL,NULL
s3624,Documentaries, International Movies,NULL,NULL,NULL,NULL,NULL,NULL
s3625,Kids' TV, TV Comedies, TV Dramas,NULL,NULL,NULL,NULL,NULL
s3626,Dramas, International Movies,NULL,NULL,NULL,NULL,NULL,NULL
s3627,Children & Family Movies, Comedies, International Movies,NULL,NULL,NULL,NULL,NULL
s3628,Docuseries, Reality TV,NULL,NULL,NULL,NULL,NULL,NULL
s3629,Documentaries,NULL,NULL,NULL,NULL,NULL,NULL,NULL
s3630,Comedies,NULL,NULL,NULL,NULL,NULL,NULL,NULL
s3631,Dramas, International Movies,NULL,NULL,NULL,NULL,NULL,NULL
s3632,Dramas, Independent Movies, International Movies,NULL,NULL,NULL,NULL,NULL
s3633,International TV Shows, TV Mysteries, TV Thrillers,NULL,NULL,NULL,NULL,NULL
s3634,International TV Shows, TV Comedies, TV Dramas,NULL,NULL,NULL,NULL,NULL
s3635,Dramas, Thrillers,NULL,NULL,NULL,NULL,NULL,NULL
s3636,Stand-Up Comedy,NULL,NULL,NULL,NULL,NULL,NULL,NULL
s3637,Kids' TV,NULL,NULL,NULL,NULL,NULL,NULL,NULL
s3638,Dramas, Independent Movies, International Movies,NULL,NULL,NULL,NULL,NULL
s3639,Horror Movies, International Movies,NULL,NULL,NULL,NULL,NULL,NULL
s3640,Comedies, Horror Movies, International Movies,NULL,NULL,NULL,NULL,NULL
s3641,International TV Shows, Korean TV Shows, Romantic TV Shows,NULL,NULL,NULL,NULL,NULL
s3642,Dramas, Independent Movies, International Movies,NULL,NULL,NULL,NULL,NULL
s3643,British TV Shows, International TV Shows, TV Action & Adventure,NULL,NULL,NULL,NULL,NULL
s3644,Documentaries,NULL,NULL,NULL,NULL,NULL,NULL,NULL
s3645,Kids' TV,NULL,NULL,NULL,NULL,NULL,NULL,NULL
s3646,Stand-Up Comedy,NULL,NULL,NULL,NULL,NULL,NULL,NULL
s3647,Stand-Up Comedy,NULL,NULL,NULL,NULL,NULL,NULL,NULL
s3648,Action & Adventure, Cult Movies, International Movies,NULL,NULL,NULL,NULL,NULL
s3649,Comedies, International Movies,NULL,NULL,NULL,NULL,NULL,NULL
s3650,Action & Adventure, Comedies, International Movies,NULL,NULL,NULL,NULL,NULL
s3651,Action & Adventure, International Movies,NULL,NULL,NULL,NULL,NULL,NULL
s3652,International TV Shows, Romantic TV Shows, TV Dramas,NULL,NULL,NULL,NULL,NULL
s3653,Comedies, International Movies,NULL,NULL,NULL,NULL,NULL,NULL
s3654,Stand-Up Comedy & Talk Shows, TV Comedies,NULL,NULL,NULL,NULL,NULL,NULL
s3655,Kids' TV, TV Comedies,NULL,NULL,NULL,NULL,NULL,NULL
s3656,International TV Shows, TV Horror, TV Mysteries,NULL,NULL,NULL,NULL,NULL
s3657,International TV Shows, Korean TV Shows, Romantic TV Shows,NULL,NULL,NULL,NULL,NULL
s3658,Thrillers,NULL,NULL,NULL,NULL,NULL,NULL,NULL
s3659,Action & Adventure, Dramas, International Movies,NULL,NULL,NULL,NULL,NULL
s3660,Kids' TV, TV Comedies,NULL,NULL,NULL,NULL,NULL,NULL
s3661,International TV Shows, Romantic TV Shows, TV Dramas,NULL,NULL,NULL,NULL,NULL
s3662,Dramas, International Movies,NULL,NULL,NULL,NULL,NULL,NULL
s3663,Comedies,NULL,NULL,NULL,NULL,NULL,NULL,NULL
s3664,Anime Series, International TV Shows,NULL,NULL,NULL,NULL,NULL,NULL
s3665,Anime Series, International TV Shows, Teen TV Shows,NULL,NULL,NULL,NULL,NULL
s3666,Anime Series, International TV Shows,NULL,NULL,NULL,NULL,NULL,NULL
s3667,Anime Series, International TV Shows,NULL,NULL,NULL,NULL,NULL,NULL
s3668,Kids' TV, TV Action & Adventure, TV Sci-Fi & Fantasy,NULL,NULL,NULL,NULL,NULL
s3669,Comedies, Dramas, Independent Movies,NULL,NULL,NULL,NULL,NULL
s3670,International TV Shows, TV Dramas,NULL,NULL,NULL,NULL,NULL,NULL
s3671,Dramas, Independent Movies, International Movies,NULL,NULL,NULL,NULL,NULL
s3672,International TV Shows, Reality TV,NULL,NULL,NULL,NULL,NULL,NULL
s3673,Dramas, International Movies, Thrillers,NULL,NULL,NULL,NULL,NULL
s3674,International TV Shows, Korean TV Shows, Romantic TV Shows,NULL,NULL,NULL,NULL,NULL
s3675,International TV Shows, TV Action & Adventure, TV Sci-Fi & Fantasy,NULL,NULL,NULL,NULL,NULL
s3676,Action & Adventure,NULL,NULL,NULL,NULL,NULL,NULL,NULL
s3677,Documentaries, International Movies,NULL,NULL,NULL,NULL,NULL,NULL
s3678,Kids' TV,NULL,NULL,NULL,NULL,NULL,NULL,NULL
s3679,Documentaries, International Movies, Music & Musicals,NULL,NULL,NULL,NULL,NULL
s3680,Stand-Up Comedy,NULL,NULL,NULL,NULL,NULL,NULL,NULL
s3681,British TV Shows, Kids' TV, TV Dramas,NULL,NULL,NULL,NULL,NULL
s3682,Documentaries, International Movies, Sports Movies,NULL,NULL,NULL,NULL,NULL
s3683,International TV Shows, Romantic TV Shows, TV Dramas,NULL,NULL,NULL,NULL,NULL
s3684,Documentaries,NULL,NULL,NULL,NULL,NULL,NULL,NULL
s3685,International TV Shows, TV Dramas, TV Thrillers,NULL,NULL,NULL,NULL,NULL
s3686,TV Horror, TV Mysteries, TV Sci-Fi & Fantasy,NULL,NULL,NULL,NULL,NULL
s3687,Docuseries, TV Dramas,NULL,NULL,NULL,NULL,NULL,NULL
s3688,International TV Shows, Reality TV,NULL,NULL,NULL,NULL,NULL,NULL
s3689,International TV Shows, Romantic TV Shows, TV Dramas,NULL,NULL,NULL,NULL,NULL
s3690,International TV Shows, Romantic TV Shows, TV Dramas,NULL,NULL,NULL,NULL,NULL
s3691,International TV Shows, Korean TV Shows, TV Dramas,NULL,NULL,NULL,NULL,NULL
s3692,Kids' TV, TV Action & Adventure, TV Comedies,NULL,NULL,NULL,NULL,NULL
s3693,Kids' TV,NULL,NULL,NULL,NULL,NULL,NULL,NULL
s3694,Stand-Up Comedy,NULL,NULL,NULL,NULL,NULL,NULL,NULL
s3695,Kids' TV,NULL,NULL,NULL,NULL,NULL,NULL,NULL
s3696,Kids' TV, TV Comedies,NULL,NULL,NULL,NULL,NULL,NULL
s3697,Anime Series, International TV Shows,NULL,NULL,NULL,NULL,NULL,NULL
s3698,Documentaries, International Movies,NULL,NULL,NULL,NULL,NULL,NULL
s3699,Horror Movies, International Movies, Romantic Movies,NULL,NULL,NULL,NULL,NULL
s3700,Dramas, International Movies, Thrillers,NULL,NULL,NULL,NULL,NULL
s3701,Reality TV, TV Comedies, TV Horror,NULL,NULL,NULL,NULL,NULL
s3702,Comedies, Dramas, International Movies,NULL,NULL,NULL,NULL,NULL
s3703,Crime TV Shows, Docuseries,NULL,NULL,NULL,NULL,NULL,NULL
s3704,Documentaries, International Movies,NULL,NULL,NULL,NULL,NULL,NULL
s3705,Crime TV Shows, Docuseries, Science & Nature TV,NULL,NULL,NULL,NULL,NULL
s3706,International TV Shows, Reality TV,NULL,NULL,NULL,NULL,NULL,NULL
s3707,Action & Adventure, International Movies, Sci-Fi & Fantasy,NULL,NULL,NULL,NULL,NULL
s3708,Kids' TV, TV Sci-Fi & Fantasy,NULL,NULL,NULL,NULL,NULL,NULL
s3709,International TV Shows, Spanish-Language TV Shows, TV Comedies,NULL,NULL,NULL,NULL,NULL
s3710,Dramas, Independent Movies, Music & Musicals,NULL,NULL,NULL,NULL,NULL
s3711,Crime TV Shows, International TV Shows, TV Comedies,NULL,NULL,NULL,NULL,NULL
s3712,Stand-Up Comedy,NULL,NULL,NULL,NULL,NULL,NULL,NULL
s3713,International Movies, Music & Musicals,NULL,NULL,NULL,NULL,NULL,NULL
s3714,International Movies, Music & Musicals, Thrillers,NULL,NULL,NULL,NULL,NULL
s3715,Documentaries, International Movies,NULL,NULL,NULL,NULL,NULL,NULL
s3716,Stand-Up Comedy,NULL,NULL,NULL,NULL,NULL,NULL,NULL
s3717,Anime Series, International TV Shows,NULL,NULL,NULL,NULL,NULL,NULL
s3718,Action & Adventure, International Movies,NULL,NULL,NULL,NULL,NULL,NULL
s3719,Dramas, Independent Movies, International Movies,NULL,NULL,NULL,NULL,NULL
s3720,International TV Shows, Romantic TV Shows, Spanish-Language TV Shows,NULL,NULL,NULL,NULL,NULL
s3721,Action & Adventure, Anime Features, International Movies,NULL,NULL,NULL,NULL,NULL
s3722,Docuseries, Reality TV,NULL,NULL,NULL,NULL,NULL,NULL
s3723,Kids' TV, Spanish-Language TV Shows, Teen TV Shows,NULL,NULL,NULL,NULL,NULL
s3724,Anime Series, International TV Shows,NULL,NULL,NULL,NULL,NULL,NULL
s3725,Anime Series, International TV Shows,NULL,NULL,NULL,NULL,NULL,NULL
s3726,Crime TV Shows, TV Action & Adventure, TV Dramas,NULL,NULL,NULL,NULL,NULL
s3727,International TV Shows, Reality TV,NULL,NULL,NULL,NULL,NULL,NULL
s3728,Crime TV Shows, Docuseries,NULL,NULL,NULL,NULL,NULL,NULL
s3729,Action & Adventure, Anime Features, International Movies,NULL,NULL,NULL,NULL,NULL
s3730,Horror Movies, Independent Movies, International Movies,NULL,NULL,NULL,NULL,NULL
s3731,Dramas, International Movies, Thrillers,NULL,NULL,NULL,NULL,NULL
s3732,Dramas, Independent Movies, Music & Musicals,NULL,NULL,NULL,NULL,NULL
s3733,Documentaries, International Movies,NULL,NULL,NULL,NULL,NULL,NULL
s3734,Stand-Up Comedy,NULL,NULL,NULL,NULL,NULL,NULL,NULL
s3735,Thrillers,NULL,NULL,NULL,NULL,NULL,NULL,NULL
s3736,Comedies, Dramas, Independent Movies,NULL,NULL,NULL,NULL,NULL
s3737,Anime Series, International TV Shows,NULL,NULL,NULL,NULL,NULL,NULL
s3738,Anime Series, International TV Shows,NULL,NULL,NULL,NULL,NULL,NULL
s3739,Documentaries,NULL,NULL,NULL,NULL,NULL,NULL,NULL
s3740,Comedies, International Movies, Romantic Movies,NULL,NULL,NULL,NULL,NULL
s3741,Dramas, Independent Movies, International Movies,NULL,NULL,NULL,NULL,NULL
s3742,Anime Series, International TV Shows,NULL,NULL,NULL,NULL,NULL,NULL
s3743,International TV Shows, Romantic TV Shows, TV Comedies,NULL,NULL,NULL,NULL,NULL
s3744,Crime TV Shows, Docuseries, International TV Shows,NULL,NULL,NULL,NULL,NULL
s3745,Crime TV Shows, International TV Shows, TV Dramas,NULL,NULL,NULL,NULL,NULL
s3746,Reality TV,NULL,NULL,NULL,NULL,NULL,NULL,NULL
s3747,Crime TV Shows, International TV Shows, TV Dramas,NULL,NULL,NULL,NULL,NULL
s3748,Children & Family Movies, Comedies,NULL,NULL,NULL,NULL,NULL,NULL
s3749,Crime TV Shows, International TV Shows, Spanish-Language TV Shows,NULL,NULL,NULL,NULL,NULL
s3750,TV Comedies, TV Dramas,NULL,NULL,NULL,NULL,NULL,NULL
s3751,British TV Shows, International TV Shows, TV Dramas,NULL,NULL,NULL,NULL,NULL
s3752,TV Comedies,NULL,NULL,NULL,NULL,NULL,NULL,NULL
s3753,Crime TV Shows, TV Action & Adventure, TV Dramas,NULL,NULL,NULL,NULL,NULL
s3754,Comedies,NULL,NULL,NULL,NULL,NULL,NULL,NULL
s3755,Crime TV Shows, International TV Shows, Spanish-Language TV Shows,NULL,NULL,NULL,NULL,NULL
s3756,International TV Shows, TV Dramas, TV Mysteries,NULL,NULL,NULL,NULL,NULL
s3757,Documentaries,NULL,NULL,NULL,NULL,NULL,NULL,NULL
s3758,Horror Movies, International Movies,NULL,NULL,NULL,NULL,NULL,NULL
s3759,Stand-Up Comedy,NULL,NULL,NULL,NULL,NULL,NULL,NULL
s3760,Documentaries, Music & Musicals,NULL,NULL,NULL,NULL,NULL,NULL
s3761,Kids' TV,NULL,NULL,NULL,NULL,NULL,NULL,NULL
s3762,Dramas, Independent Movies, International Movies,NULL,NULL,NULL,NULL,NULL
s3763,Crime TV Shows, TV Dramas, TV Thrillers,NULL,NULL,NULL,NULL,NULL
s3764,Dramas, International Movies, LGBTQ Movies,NULL,NULL,NULL,NULL,NULL
s3765,International Movies, Sci-Fi & Fantasy, Thrillers,NULL,NULL,NULL,NULL,NULL
s3766,Comedies, International Movies, Romantic Movies,NULL,NULL,NULL,NULL,NULL
s3767,Children & Family Movies,NULL,NULL,NULL,NULL,NULL,NULL,NULL
s3768,Children & Family Movies, Dramas, International Movies,NULL,NULL,NULL,NULL,NULL
s3769,Comedies, Horror Movies, Independent Movies,NULL,NULL,NULL,NULL,NULL
s3770,Kids' TV,NULL,NULL,NULL,NULL,NULL,NULL,NULL
s3771,TV Dramas,NULL,NULL,NULL,NULL,NULL,NULL,NULL
s3772,Documentaries, Music & Musicals,NULL,NULL,NULL,NULL,NULL,NULL
s3773,Dramas, International Movies,NULL,NULL,NULL,NULL,NULL,NULL
s3774,Anime Features, International Movies,NULL,NULL,NULL,NULL,NULL,NULL
s3775,British TV Shows, International TV Shows, TV Dramas,NULL,NULL,NULL,NULL,NULL
s3776,Dramas, International Movies, Sci-Fi & Fantasy,NULL,NULL,NULL,NULL,NULL
s3777,Stand-Up Comedy,NULL,NULL,NULL,NULL,NULL,NULL,NULL
s3778,Children & Family Movies, Sci-Fi & Fantasy,NULL,NULL,NULL,NULL,NULL,NULL
s3779,TV Comedies,NULL,NULL,NULL,NULL,NULL,NULL,NULL
s3780,Kids' TV, TV Action & Adventure, TV Comedies,NULL,NULL,NULL,NULL,NULL
s3781,International TV Shows, Korean TV Shows, TV Action & Adventure,NULL,NULL,NULL,NULL,NULL
s3782,Dramas, International Movies,NULL,NULL,NULL,NULL,NULL,NULL
s3783,International TV Shows, TV Dramas,NULL,NULL,NULL,NULL,NULL,NULL
s3784,Dramas, Independent Movies, International Movies,NULL,NULL,NULL,NULL,NULL
s3785,Anime Series, International TV Shows, Teen TV Shows,NULL,NULL,NULL,NULL,NULL
s3786,Comedies, International Movies,NULL,NULL,NULL,NULL,NULL,NULL
s3787,Action & Adventure, International Movies, Sports Movies,NULL,NULL,NULL,NULL,NULL
s3788,Crime TV Shows, TV Dramas,NULL,NULL,NULL,NULL,NULL,NULL
s3789,Comedies, Dramas, Independent Movies,NULL,NULL,NULL,NULL,NULL
s3790,Crime TV Shows, Docuseries, International TV Shows,NULL,NULL,NULL,NULL,NULL
s3791,Dramas, International Movies,NULL,NULL,NULL,NULL,NULL,NULL
s3792,Comedies, Dramas, International Movies,NULL,NULL,NULL,NULL,NULL
s3793,Crime TV Shows, TV Dramas,NULL,NULL,NULL,NULL,NULL,NULL
s3794,International Movies, Thrillers,NULL,NULL,NULL,NULL,NULL,NULL
s3795,Stand-Up Comedy & Talk Shows, TV Comedies,NULL,NULL,NULL,NULL,NULL,NULL
s3796,Documentaries,NULL,NULL,NULL,NULL,NULL,NULL,NULL
s3797,Docuseries, International TV Shows,NULL,NULL,NULL,NULL,NULL,NULL
s3798,Dramas, Independent Movies, International Movies,NULL,NULL,NULL,NULL,NULL
s3799,Action & Adventure, Independent Movies, Sci-Fi & Fantasy,NULL,NULL,NULL,NULL,NULL
s3800,Romantic TV Shows, TV Comedies, TV Dramas,NULL,NULL,NULL,NULL,NULL
s3801,Horror Movies, LGBTQ Movies, Music & Musicals,NULL,NULL,NULL,NULL,NULL
s3802,TV Dramas, TV Thrillers,NULL,NULL,NULL,NULL,NULL,NULL
s3803,Comedies, Music & Musicals, Sports Movies,NULL,NULL,NULL,NULL,NULL
s3804,Documentaries, International Movies,NULL,NULL,NULL,NULL,NULL,NULL
s3805,Action & Adventure, Comedies, International Movies,NULL,NULL,NULL,NULL,NULL
s3806,Stand-Up Comedy,NULL,NULL,NULL,NULL,NULL,NULL,NULL
s3807,Kids' TV, TV Comedies,NULL,NULL,NULL,NULL,NULL,NULL
s3808,Crime TV Shows, International TV Shows, Spanish-Language TV Shows,NULL,NULL,NULL,NULL,NULL
s3809,Crime TV Shows, Docuseries, International TV Shows,NULL,NULL,NULL,NULL,NULL
s3810,Documentaries, International Movies,NULL,NULL,NULL,NULL,NULL,NULL
s3811,Documentaries, International Movies,NULL,NULL,NULL,NULL,NULL,NULL
s3812,Documentaries, International Movies,NULL,NULL,NULL,NULL,NULL,NULL
s3813,TV Comedies,NULL,NULL,NULL,NULL,NULL,NULL,NULL
s3814,Action & Adventure, International Movies,NULL,NULL,NULL,NULL,NULL,NULL
s3815,Documentaries, Music & Musicals,NULL,NULL,NULL,NULL,NULL,NULL
s3816,Stand-Up Comedy,NULL,NULL,NULL,NULL,NULL,NULL,NULL
s3817,Dramas, Sci-Fi & Fantasy, Thrillers,NULL,NULL,NULL,NULL,NULL
s3818,British TV Shows, International TV Shows, TV Comedies,NULL,NULL,NULL,NULL,NULL
s3819,Children & Family Movies, Dramas,NULL,NULL,NULL,NULL,NULL,NULL
s3820,Dramas, Independent Movies, International Movies,NULL,NULL,NULL,NULL,NULL
s3821,Children & Family Movies, Comedies,NULL,NULL,NULL,NULL,NULL,NULL
s3822,British TV Shows, Kids' TV, TV Comedies,NULL,NULL,NULL,NULL,NULL
s3823,Dramas, Independent Movies, International Movies,NULL,NULL,NULL,NULL,NULL
s3824,Kids' TV, Spanish-Language TV Shows,NULL,NULL,NULL,NULL,NULL,NULL
s3825,International TV Shows, Romantic TV Shows, TV Dramas,NULL,NULL,NULL,NULL,NULL
s3826,Action & Adventure, Dramas,NULL,NULL,NULL,NULL,NULL,NULL
s3827,Anime Series, International TV Shows,NULL,NULL,NULL,NULL,NULL,NULL
s3828,Comedies,NULL,NULL,NULL,NULL,NULL,NULL,NULL
s3829,Documentaries,NULL,NULL,NULL,NULL,NULL,NULL,NULL
s3830,Children & Family Movies, Comedies,NULL,NULL,NULL,NULL,NULL,NULL
s3831,Documentaries,NULL,NULL,NULL,NULL,NULL,NULL,NULL
s3832,Crime TV Shows, International TV Shows, TV Dramas,NULL,NULL,NULL,NULL,NULL
s3833,Dramas, Independent Movies, International Movies,NULL,NULL,NULL,NULL,NULL
s3834,Dramas, Independent Movies, International Movies,NULL,NULL,NULL,NULL,NULL
s3835,Action & Adventure, Comedies, Dramas,NULL,NULL,NULL,NULL,NULL
s3836,TV Comedies, TV Dramas,NULL,NULL,NULL,NULL,NULL,NULL
s3837,Comedies, Dramas, International Movies,NULL,NULL,NULL,NULL,NULL
s3838,Docuseries, Reality TV,NULL,NULL,NULL,NULL,NULL,NULL
s3839,Crime TV Shows, International TV Shows, TV Dramas,NULL,NULL,NULL,NULL,NULL
s3840,International TV Shows, Romantic TV Shows, TV Dramas,NULL,NULL,NULL,NULL,NULL
s3841,TV Dramas, Teen TV Shows,NULL,NULL,NULL,NULL,NULL,NULL
s3842,Comedies,NULL,NULL,NULL,NULL,NULL,NULL,NULL
s3843,Action & Adventure, Dramas, International Movies,NULL,NULL,NULL,NULL,NULL
s3844,International TV Shows, TV Dramas,NULL,NULL,NULL,NULL,NULL,NULL
s3845,International TV Shows, TV Comedies,NULL,NULL,NULL,NULL,NULL,NULL
s3846,International TV Shows, Romantic TV Shows, TV Dramas,NULL,NULL,NULL,NULL,NULL
s3847,International TV Shows, Romantic TV Shows, TV Dramas,NULL,NULL,NULL,NULL,NULL
s3848,International TV Shows, Romantic TV Shows, TV Dramas,NULL,NULL,NULL,NULL,NULL
s3849,International TV Shows, TV Dramas,NULL,NULL,NULL,NULL,NULL,NULL
s3850,International TV Shows, Romantic TV Shows, TV Comedies,NULL,NULL,NULL,NULL,NULL
s3851,International TV Shows, TV Dramas,NULL,NULL,NULL,NULL,NULL,NULL
s3852,International TV Shows, TV Dramas, TV Sci-Fi & Fantasy,NULL,NULL,NULL,NULL,NULL
s3853,Crime TV Shows, International TV Shows, Korean TV Shows,NULL,NULL,NULL,NULL,NULL
s3854,International TV Shows, TV Comedies, TV Dramas,NULL,NULL,NULL,NULL,NULL
s3855,International TV Shows, TV Dramas,NULL,NULL,NULL,NULL,NULL,NULL
s3856,Crime TV Shows, International TV Shows, TV Dramas,NULL,NULL,NULL,NULL,NULL
s3857,International TV Shows, TV Dramas,NULL,NULL,NULL,NULL,NULL,NULL
s3858,Documentaries, International Movies,NULL,NULL,NULL,NULL,NULL,NULL
s3859,International Movies, Sci-Fi & Fantasy,NULL,NULL,NULL,NULL,NULL,NULL
s3860,Documentaries, LGBTQ Movies,NULL,NULL,NULL,NULL,NULL,NULL
s3861,Crime TV Shows, International TV Shows, Spanish-Language TV Shows,NULL,NULL,NULL,NULL,NULL
s3862,Kids' TV, TV Comedies,NULL,NULL,NULL,NULL,NULL,NULL
s3863,Comedies, International Movies, Romantic Movies,NULL,NULL,NULL,NULL,NULL
s3864,Dramas, Independent Movies,NULL,NULL,NULL,NULL,NULL,NULL
s3865,Reality TV,NULL,NULL,NULL,NULL,NULL,NULL,NULL
s3866,Dramas, International Movies, Thrillers,NULL,NULL,NULL,NULL,NULL
s3867,Comedies, Romantic Movies,NULL,NULL,NULL,NULL,NULL,NULL
s3868,TV Comedies,NULL,NULL,NULL,NULL,NULL,NULL,NULL
s3869,Comedies, Dramas, International Movies,NULL,NULL,NULL,NULL,NULL
s3870,Action & Adventure,NULL,NULL,NULL,NULL,NULL,NULL,NULL
s3871,Anime Series, International TV Shows,NULL,NULL,NULL,NULL,NULL,NULL
s3872,Documentaries, Music & Musicals,NULL,NULL,NULL,NULL,NULL,NULL
s3873,Documentaries,NULL,NULL,NULL,NULL,NULL,NULL,NULL
s3874,Horror Movies, International Movies,NULL,NULL,NULL,NULL,NULL,NULL
s3875,Comedies, Dramas, International Movies,NULL,NULL,NULL,NULL,NULL
s3876,Comedies, International Movies,NULL,NULL,NULL,NULL,NULL,NULL
s3877,International TV Shows, TV Action & Adventure, TV Comedies,NULL,NULL,NULL,NULL,NULL
s3878,Stand-Up Comedy,NULL,NULL,NULL,NULL,NULL,NULL,NULL
s3879,International TV Shows, TV Comedies, TV Dramas,NULL,NULL,NULL,NULL,NULL
s3880,Anime Series, Crime TV Shows, International TV Shows,NULL,NULL,NULL,NULL,NULL
s3881,International TV Shows, TV Comedies, TV Dramas,NULL,NULL,NULL,NULL,NULL
s3882,International TV Shows, TV Comedies, TV Sci-Fi & Fantasy,NULL,NULL,NULL,NULL,NULL
s3883,International TV Shows, TV Comedies, TV Dramas,NULL,NULL,NULL,NULL,NULL
s3884,Crime TV Shows, International TV Shows, Romantic TV Shows,NULL,NULL,NULL,NULL,NULL
s3885,TV Action & Adventure, TV Comedies, TV Horror,NULL,NULL,NULL,NULL,NULL
s3886,Dramas, Independent Movies, International Movies,NULL,NULL,NULL,NULL,NULL
s3887,Crime TV Shows, International TV Shows, Spanish-Language TV Shows,NULL,NULL,NULL,NULL,NULL
s3888,TV Horror, TV Mysteries, Teen TV Shows,NULL,NULL,NULL,NULL,NULL
s3889,Comedies, International Movies, Romantic Movies,NULL,NULL,NULL,NULL,NULL
s3890,Comedies, Dramas, International Movies,NULL,NULL,NULL,NULL,NULL
s3891,Comedies, Dramas, International Movies,NULL,NULL,NULL,NULL,NULL
s3892,Documentaries, Music & Musicals,NULL,NULL,NULL,NULL,NULL,NULL
s3893,Docuseries,NULL,NULL,NULL,NULL,NULL,NULL,NULL
s3894,TV Shows,NULL,NULL,NULL,NULL,NULL,NULL,NULL
s3895,Dramas, International Movies,NULL,NULL,NULL,NULL,NULL,NULL
s3896,Documentaries, Music & Musicals,NULL,NULL,NULL,NULL,NULL,NULL
s3897,Documentaries,NULL,NULL,NULL,NULL,NULL,NULL,NULL
s3898,International TV Shows, TV Action & Adventure, TV Comedies,NULL,NULL,NULL,NULL,NULL
s3899,International TV Shows, TV Comedies,NULL,NULL,NULL,NULL,NULL,NULL
s3900,Dramas, Independent Movies, International Movies,NULL,NULL,NULL,NULL,NULL
s3901,International TV Shows, Romantic TV Shows,NULL,NULL,NULL,NULL,NULL,NULL
s3902,Anime Series, International TV Shows,NULL,NULL,NULL,NULL,NULL,NULL
s3903,International TV Shows, TV Comedies,NULL,NULL,NULL,NULL,NULL,NULL
s3904,Comedies, Romantic Movies,NULL,NULL,NULL,NULL,NULL,NULL
s3905,Dramas, International Movies,NULL,NULL,NULL,NULL,NULL,NULL
s3906,Dramas, Independent Movies, International Movies,NULL,NULL,NULL,NULL,NULL
s3907,Stand-Up Comedy,NULL,NULL,NULL,NULL,NULL,NULL,NULL
s3908,Documentaries, Music & Musicals,NULL,NULL,NULL,NULL,NULL,NULL
s3909,Comedies, Dramas, International Movies,NULL,NULL,NULL,NULL,NULL
s3910,Children & Family Movies,NULL,NULL,NULL,NULL,NULL,NULL,NULL
s3911,Comedies, Dramas, International Movies,NULL,NULL,NULL,NULL,NULL
s3912,International Movies, Music & Musicals, Thrillers,NULL,NULL,NULL,NULL,NULL
s3913,Documentaries, Sports Movies,NULL,NULL,NULL,NULL,NULL,NULL
s3914,Dramas, International Movies, Romantic Movies,NULL,NULL,NULL,NULL,NULL
s3915,Comedies, International Movies, Music & Musicals,NULL,NULL,NULL,NULL,NULL
s3916,Comedies, International Movies, Romantic Movies,NULL,NULL,NULL,NULL,NULL
s3917,Dramas, International Movies, Sci-Fi & Fantasy,NULL,NULL,NULL,NULL,NULL
s3918,Dramas, International Movies, Romantic Movies,NULL,NULL,NULL,NULL,NULL
s3919,Action & Adventure, Comedies, Dramas,NULL,NULL,NULL,NULL,NULL
s3920,Horror Movies,NULL,NULL,NULL,NULL,NULL,NULL,NULL
s3921,Romantic TV Shows, TV Comedies,NULL,NULL,NULL,NULL,NULL,NULL
s3922,Dramas, International Movies,NULL,NULL,NULL,NULL,NULL,NULL
s3923,Horror Movies, International Movies,NULL,NULL,NULL,NULL,NULL,NULL
s3924,Horror Movies, International Movies,NULL,NULL,NULL,NULL,NULL,NULL
s3925,Stand-Up Comedy,NULL,NULL,NULL,NULL,NULL,NULL,NULL
s3926,TV Comedies,NULL,NULL,NULL,NULL,NULL,NULL,NULL
s3927,Comedies, Romantic Movies,NULL,NULL,NULL,NULL,NULL,NULL
s3928,Romantic TV Shows, TV Comedies,NULL,NULL,NULL,NULL,NULL,NULL
s3929,International TV Shows, Korean TV Shows, TV Dramas,NULL,NULL,NULL,NULL,NULL
s3930,Stand-Up Comedy,NULL,NULL,NULL,NULL,NULL,NULL,NULL
s3931,Horror Movies, Thrillers,NULL,NULL,NULL,NULL,NULL,NULL
s3932,Kids' TV, Reality TV, Science & Nature TV,NULL,NULL,NULL,NULL,NULL
s3933,Dramas, International Movies, Music & Musicals,NULL,NULL,NULL,NULL,NULL
s3934,Action & Adventure, Comedies, Dramas,NULL,NULL,NULL,NULL,NULL
s3935,Docuseries,NULL,NULL,NULL,NULL,NULL,NULL,NULL
s3936,Action & Adventure, Sci-Fi & Fantasy,NULL,NULL,NULL,NULL,NULL,NULL
s3937,British TV Shows, International TV Shows, TV Comedies,NULL,NULL,NULL,NULL,NULL
s3938,Crime TV Shows, International TV Shows, TV Comedies,NULL,NULL,NULL,NULL,NULL
s3939,Docuseries, Science & Nature TV,NULL,NULL,NULL,NULL,NULL,NULL
s3940,Action & Adventure, Comedies, Dramas,NULL,NULL,NULL,NULL,NULL
s3941,Crime TV Shows, International TV Shows, TV Dramas,NULL,NULL,NULL,NULL,NULL
s3942,Kids' TV,NULL,NULL,NULL,NULL,NULL,NULL,NULL
s3943,Docuseries,NULL,NULL,NULL,NULL,NULL,NULL,NULL
s3944,Kids' TV,NULL,NULL,NULL,NULL,NULL,NULL,NULL
s3945,Crime TV Shows, International TV Shows, Spanish-Language TV Shows,NULL,NULL,NULL,NULL,NULL
s3946,Comedies, Dramas, Independent Movies,NULL,NULL,NULL,NULL,NULL
s3947,Crime TV Shows, International TV Shows, Korean TV Shows,NULL,NULL,NULL,NULL,NULL
s3948,Stand-Up Comedy,NULL,NULL,NULL,NULL,NULL,NULL,NULL
s3949,Horror Movies, International Movies,NULL,NULL,NULL,NULL,NULL,NULL
s3950,International TV Shows, Romantic TV Shows, TV Dramas,NULL,NULL,NULL,NULL,NULL
s3951,Comedies, Dramas, International Movies,NULL,NULL,NULL,NULL,NULL
s3952,Dramas, International Movies,NULL,NULL,NULL,NULL,NULL,NULL
s3953,Stand-Up Comedy,NULL,NULL,NULL,NULL,NULL,NULL,NULL
s3954,Kids' TV, TV Comedies,NULL,NULL,NULL,NULL,NULL,NULL
s3955,International Movies, Romantic Movies, Sci-Fi & Fantasy,NULL,NULL,NULL,NULL,NULL
s3956,Dramas, Independent Movies, International Movies,NULL,NULL,NULL,NULL,NULL
s3957,International TV Shows, Korean TV Shows, Romantic TV Shows,NULL,NULL,NULL,NULL,NULL
s3958,Comedies,NULL,NULL,NULL,NULL,NULL,NULL,NULL
s3959,Anime Series, International TV Shows,NULL,NULL,NULL,NULL,NULL,NULL
s3960,Horror Movies,NULL,NULL,NULL,NULL,NULL,NULL,NULL
s3961,Dramas, Independent Movies, International Movies,NULL,NULL,NULL,NULL,NULL
s3962,British TV Shows, Kids' TV,NULL,NULL,NULL,NULL,NULL,NULL
s3963,Comedies, Dramas, Independent Movies,NULL,NULL,NULL,NULL,NULL
s3964,Dramas, International Movies, Sports Movies,NULL,NULL,NULL,NULL,NULL
s3965,International TV Shows, TV Dramas, TV Mysteries,NULL,NULL,NULL,NULL,NULL
s3966,TV Comedies, TV Horror, TV Thrillers,NULL,NULL,NULL,NULL,NULL
s3967,Dramas,NULL,NULL,NULL,NULL,NULL,NULL,NULL
s3968,Documentaries,NULL,NULL,NULL,NULL,NULL,NULL,NULL
s3969,International TV Shows, TV Dramas,NULL,NULL,NULL,NULL,NULL,NULL
s3970,British TV Shows, International TV Shows, TV Dramas,NULL,NULL,NULL,NULL,NULL
s3971,International TV Shows, TV Dramas,NULL,NULL,NULL,NULL,NULL,NULL
s3972,International TV Shows, Reality TV, Romantic TV Shows,NULL,NULL,NULL,NULL,NULL
s3973,Horror Movies, International Movies,NULL,NULL,NULL,NULL,NULL,NULL
s3974,Dramas, International Movies, Romantic Movies,NULL,NULL,NULL,NULL,NULL
s3975,Stand-Up Comedy,NULL,NULL,NULL,NULL,NULL,NULL,NULL
s3976,Action & Adventure, Comedies, Dramas,NULL,NULL,NULL,NULL,NULL
s3977,Crime TV Shows, International TV Shows, TV Action & Adventure,NULL,NULL,NULL,NULL,NULL
s3978,Action & Adventure, Comedies, International Movies,NULL,NULL,NULL,NULL,NULL
s3979,Action & Adventure, Comedies, International Movies,NULL,NULL,NULL,NULL,NULL
s3980,Kids' TV,NULL,NULL,NULL,NULL,NULL,NULL,NULL
s3981,Crime TV Shows, International TV Shows, Spanish-Language TV Shows,NULL,NULL,NULL,NULL,NULL
s3982,Crime TV Shows, International TV Shows, TV Dramas,NULL,NULL,NULL,NULL,NULL
s3983,Dramas, International Movies, Sci-Fi & Fantasy,NULL,NULL,NULL,NULL,NULL
s3984,Documentaries, Music & Musicals,NULL,NULL,NULL,NULL,NULL,NULL
s3985,International TV Shows, TV Dramas,NULL,NULL,NULL,NULL,NULL,NULL
s3986,Comedies, Dramas, Music & Musicals,NULL,NULL,NULL,NULL,NULL
s3987,TV Dramas, TV Mysteries, TV Sci-Fi & Fantasy,NULL,NULL,NULL,NULL,NULL
s3988,Documentaries, International Movies, Sports Movies,NULL,NULL,NULL,NULL,NULL
s3989,Kids' TV,NULL,NULL,NULL,NULL,NULL,NULL,NULL
s3990,International TV Shows, TV Comedies, TV Dramas,NULL,NULL,NULL,NULL,NULL
s3991,Action & Adventure, Comedies, International Movies,NULL,NULL,NULL,NULL,NULL
s3992,Action & Adventure, Comedies, International Movies,NULL,NULL,NULL,NULL,NULL
s3993,Comedies, Dramas, International Movies,NULL,NULL,NULL,NULL,NULL
s3994,Dramas, International Movies, Romantic Movies,NULL,NULL,NULL,NULL,NULL
s3995,International Movies, Romantic Movies,NULL,NULL,NULL,NULL,NULL,NULL
s3996,Documentaries, International Movies, Sports Movies,NULL,NULL,NULL,NULL,NULL
s3997,International TV Shows, TV Dramas,NULL,NULL,NULL,NULL,NULL,NULL
s3998,Dramas, Independent Movies, International Movies,NULL,NULL,NULL,NULL,NULL
s3999,International TV Shows, Romantic TV Shows, TV Dramas,NULL,NULL,NULL,NULL,NULL
s4000,Stand-Up Comedy,NULL,NULL,NULL,NULL,NULL,NULL,NULL
s4001,Comedies, Dramas, Independent Movies,NULL,NULL,NULL,NULL,NULL
s4002,International TV Shows, Romantic TV Shows, TV Comedies,NULL,NULL,NULL,NULL,NULL
s4003,Comedies, Dramas, International Movies,NULL,NULL,NULL,NULL,NULL
s4004,Action & Adventure, International Movies,NULL,NULL,NULL,NULL,NULL,NULL
s4005,Stand-Up Comedy,NULL,NULL,NULL,NULL,NULL,NULL,NULL
s4006,Dramas, International Movies, LGBTQ Movies,NULL,NULL,NULL,NULL,NULL
s4007,International TV Shows, Romantic TV Shows, TV Dramas,NULL,NULL,NULL,NULL,NULL
s4008,Stand-Up Comedy,NULL,NULL,NULL,NULL,NULL,NULL,NULL
s4009,Stand-Up Comedy,NULL,NULL,NULL,NULL,NULL,NULL,NULL
s4010,Stand-Up Comedy,NULL,NULL,NULL,NULL,NULL,NULL,NULL
s4011,Stand-Up Comedy,NULL,NULL,NULL,NULL,NULL,NULL,NULL
s4012,Documentaries, Sports Movies,NULL,NULL,NULL,NULL,NULL,NULL
s4013,International TV Shows, TV Dramas,NULL,NULL,NULL,NULL,NULL,NULL
s4014,Action & Adventure, Dramas, International Movies,NULL,NULL,NULL,NULL,NULL
s4015,British TV Shows, Kids' TV,NULL,NULL,NULL,NULL,NULL,NULL
s4016,Crime TV Shows, Docuseries,NULL,NULL,NULL,NULL,NULL,NULL
s4017,British TV Shows, International TV Shows, TV Comedies,NULL,NULL,NULL,NULL,NULL
s4018,Dramas, International Movies, Romantic Movies,NULL,NULL,NULL,NULL,NULL
s4019,Dramas, International Movies, Romantic Movies,NULL,NULL,NULL,NULL,NULL
s4020,Comedies, Dramas, International Movies,NULL,NULL,NULL,NULL,NULL
s4021,International Movies, Romantic Movies,NULL,NULL,NULL,NULL,NULL,NULL
s4022,Comedies, Dramas, International Movies,NULL,NULL,NULL,NULL,NULL
s4023,International TV Shows, TV Dramas, TV Mysteries,NULL,NULL,NULL,NULL,NULL
s4024,International TV Shows, TV Comedies, TV Sci-Fi & Fantasy,NULL,NULL,NULL,NULL,NULL
s4025,Action & Adventure,NULL,NULL,NULL,NULL,NULL,NULL,NULL
s4026,Stand-Up Comedy,NULL,NULL,NULL,NULL,NULL,NULL,NULL
s4027,International TV Shows, Romantic TV Shows, TV Dramas,NULL,NULL,NULL,NULL,NULL
s4028,International TV Shows, TV Dramas,NULL,NULL,NULL,NULL,NULL,NULL
s4029,TV Action & Adventure,NULL,NULL,NULL,NULL,NULL,NULL,NULL
s4030,International TV Shows, Romantic TV Shows, TV Dramas,NULL,NULL,NULL,NULL,NULL
s4031,International TV Shows, TV Dramas, TV Mysteries,NULL,NULL,NULL,NULL,NULL
s4032,Action & Adventure, Comedies, International Movies,NULL,NULL,NULL,NULL,NULL
s4033,International TV Shows, TV Dramas, TV Horror,NULL,NULL,NULL,NULL,NULL
s4034,Dramas, Independent Movies, Romantic Movies,NULL,NULL,NULL,NULL,NULL
s4035,Dramas, Independent Movies, International Movies,NULL,NULL,NULL,NULL,NULL
s4036,International TV Shows, TV Dramas,NULL,NULL,NULL,NULL,NULL,NULL
s4037,Children & Family Movies, Dramas,NULL,NULL,NULL,NULL,NULL,NULL
s4038,Comedies, Dramas, Romantic Movies,NULL,NULL,NULL,NULL,NULL
s4039,Comedies, International Movies,NULL,NULL,NULL,NULL,NULL,NULL
s4040,Dramas, International Movies, Romantic Movies,NULL,NULL,NULL,NULL,NULL
s4041,Dramas, International Movies, Romantic Movies,NULL,NULL,NULL,NULL,NULL
s4042,Dramas, International Movies, Romantic Movies,NULL,NULL,NULL,NULL,NULL
s4043,Crime TV Shows, TV Dramas,NULL,NULL,NULL,NULL,NULL,NULL
s4044,International TV Shows, TV Dramas, TV Mysteries,NULL,NULL,NULL,NULL,NULL
s4045,International TV Shows, Korean TV Shows, Romantic TV Shows,NULL,NULL,NULL,NULL,NULL
s4046,Action & Adventure,NULL,NULL,NULL,NULL,NULL,NULL,NULL
s4047,Dramas, International Movies, Romantic Movies,NULL,NULL,NULL,NULL,NULL
s4048,Dramas, International Movies, Romantic Movies,NULL,NULL,NULL,NULL,NULL
s4049,Dramas, International Movies,NULL,NULL,NULL,NULL,NULL,NULL
s4050,Action & Adventure, Dramas, International Movies,NULL,NULL,NULL,NULL,NULL
s4051,Documentaries, International Movies,NULL,NULL,NULL,NULL,NULL,NULL
s4052,Documentaries, International Movies, Sports Movies,NULL,NULL,NULL,NULL,NULL
s4053,Documentaries, International Movies, Music & Musicals,NULL,NULL,NULL,NULL,NULL
s4054,Comedies, International Movies,NULL,NULL,NULL,NULL,NULL,NULL
s4055,Docuseries, International TV Shows,NULL,NULL,NULL,NULL,NULL,NULL
s4056,Kids' TV, Korean TV Shows, TV Comedies,NULL,NULL,NULL,NULL,NULL
s4057,Docuseries,NULL,NULL,NULL,NULL,NULL,NULL,NULL
s4058,TV Dramas,NULL,NULL,NULL,NULL,NULL,NULL,NULL
s4059,Children & Family Movies, Comedies,NULL,NULL,NULL,NULL,NULL,NULL
s4060,Horror Movies, International Movies, Thrillers,NULL,NULL,NULL,NULL,NULL
s4061,Children & Family Movies, Comedies,NULL,NULL,NULL,NULL,NULL,NULL
s4062,Dramas, International Movies, Music & Musicals,NULL,NULL,NULL,NULL,NULL
s4063,Children & Family Movies, Dramas, Independent Movies,NULL,NULL,NULL,NULL,NULL
s4064,Anime Series, International TV Shows, Teen TV Shows,NULL,NULL,NULL,NULL,NULL
s4065,Action & Adventure, International Movies,NULL,NULL,NULL,NULL,NULL,NULL
s4066,Children & Family Movies,NULL,NULL,NULL,NULL,NULL,NULL,NULL
s4067,Dramas, International Movies, Thrillers,NULL,NULL,NULL,NULL,NULL
s4068,Dramas, Independent Movies, International Movies,NULL,NULL,NULL,NULL,NULL
s4069,Dramas, International Movies, Romantic Movies,NULL,NULL,NULL,NULL,NULL
s4070,Action & Adventure, Comedies, International Movies,NULL,NULL,NULL,NULL,NULL
s4071,Comedies, International Movies, Romantic Movies,NULL,NULL,NULL,NULL,NULL
s4072,Comedies, Dramas, International Movies,NULL,NULL,NULL,NULL,NULL
s4073,Dramas, Independent Movies, International Movies,NULL,NULL,NULL,NULL,NULL
s4074,Comedies, Dramas, International Movies,NULL,NULL,NULL,NULL,NULL
s4075,Comedies, International Movies, Romantic Movies,NULL,NULL,NULL,NULL,NULL
s4076,Comedies, Dramas, International Movies,NULL,NULL,NULL,NULL,NULL
s4077,Dramas, International Movies, Romantic Movies,NULL,NULL,NULL,NULL,NULL
s4078,Dramas, International Movies, Music & Musicals,NULL,NULL,NULL,NULL,NULL
s4079,Dramas, International Movies, Romantic Movies,NULL,NULL,NULL,NULL,NULL
s4080,Crime TV Shows, TV Dramas,NULL,NULL,NULL,NULL,NULL,NULL
s4081,Stand-Up Comedy,NULL,NULL,NULL,NULL,NULL,NULL,NULL
s4082,Dramas, Independent Movies, International Movies,NULL,NULL,NULL,NULL,NULL
s4083,Dramas, International Movies,NULL,NULL,NULL,NULL,NULL,NULL
s4084,Stand-Up Comedy,NULL,NULL,NULL,NULL,NULL,NULL,NULL
s4085,Docuseries, Reality TV,NULL,NULL,NULL,NULL,NULL,NULL
s4086,Dramas, International Movies,NULL,NULL,NULL,NULL,NULL,NULL
s4087,Comedies, Dramas, Independent Movies,NULL,NULL,NULL,NULL,NULL
s4088,Dramas, Independent Movies, International Movies,NULL,NULL,NULL,NULL,NULL
s4089,Dramas, Independent Movies, International Movies,NULL,NULL,NULL,NULL,NULL
s4090,British TV Shows, International TV Shows, Reality TV,NULL,NULL,NULL,NULL,NULL
s4091,Kids' TV,NULL,NULL,NULL,NULL,NULL,NULL,NULL
s4092,Dramas, International Movies, Thrillers,NULL,NULL,NULL,NULL,NULL
s4093,Stand-Up Comedy,NULL,NULL,NULL,NULL,NULL,NULL,NULL
s4094,Documentaries, LGBTQ Movies,NULL,NULL,NULL,NULL,NULL,NULL
s4095,Dramas, Independent Movies, International Movies,NULL,NULL,NULL,NULL,NULL
s4096,Action & Adventure, Dramas, International Movies,NULL,NULL,NULL,NULL,NULL
s4097,Documentaries,NULL,NULL,NULL,NULL,NULL,NULL,NULL
s4098,Dramas, International Movies, Sci-Fi & Fantasy,NULL,NULL,NULL,NULL,NULL
s4099,Dramas, Independent Movies, International Movies,NULL,NULL,NULL,NULL,NULL
s4100,Documentaries,NULL,NULL,NULL,NULL,NULL,NULL,NULL
s4101,Comedies, Dramas, Independent Movies,NULL,NULL,NULL,NULL,NULL
s4102,Dramas, Independent Movies, International Movies,NULL,NULL,NULL,NULL,NULL
s4103,Dramas, International Movies,NULL,NULL,NULL,NULL,NULL,NULL
s4104,Comedies, Dramas, International Movies,NULL,NULL,NULL,NULL,NULL
s4105,International TV Shows, TV Comedies, TV Dramas,NULL,NULL,NULL,NULL,NULL
s4106,Docuseries, TV Comedies,NULL,NULL,NULL,NULL,NULL,NULL
s4107,Dramas, International Movies, Romantic Movies,NULL,NULL,NULL,NULL,NULL
s4108,Comedies, International Movies, Romantic Movies,NULL,NULL,NULL,NULL,NULL
s4109,Dramas, International Movies,NULL,NULL,NULL,NULL,NULL,NULL
s4110,Crime TV Shows, Docuseries, International TV Shows,NULL,NULL,NULL,NULL,NULL
s4111,Comedies, Independent Movies, International Movies,NULL,NULL,NULL,NULL,NULL
s4112,International TV Shows, Spanish-Language TV Shows, TV Horror,NULL,NULL,NULL,NULL,NULL
s4113,Comedies, International Movies, Romantic Movies,NULL,NULL,NULL,NULL,NULL
s4114,Comedies, International Movies,NULL,NULL,NULL,NULL,NULL,NULL
s4115,Kids' TV,NULL,NULL,NULL,NULL,NULL,NULL,NULL
s4116,Stand-Up Comedy,NULL,NULL,NULL,NULL,NULL,NULL,NULL
s4117,International TV Shows, Romantic TV Shows, Spanish-Language TV Shows,NULL,NULL,NULL,NULL,NULL
s4118,Documentaries,NULL,NULL,NULL,NULL,NULL,NULL,NULL
s4119,International TV Shows, Romantic TV Shows, TV Dramas,NULL,NULL,NULL,NULL,NULL
s4120,Crime TV Shows, International TV Shows, TV Dramas,NULL,NULL,NULL,NULL,NULL
s4121,Dramas, Sports Movies,NULL,NULL,NULL,NULL,NULL,NULL
s4122,Children & Family Movies, Comedies,NULL,NULL,NULL,NULL,NULL,NULL
s4123,TV Comedies,NULL,NULL,NULL,NULL,NULL,NULL,NULL
s4124,Documentaries, Music & Musicals,NULL,NULL,NULL,NULL,NULL,NULL
s4125,Dramas, Independent Movies, International Movies,NULL,NULL,NULL,NULL,NULL
s4126,International TV Shows, TV Comedies,NULL,NULL,NULL,NULL,NULL,NULL
s4127,Crime TV Shows, International TV Shows, TV Dramas,NULL,NULL,NULL,NULL,NULL
s4128,Crime TV Shows, International TV Shows, Korean TV Shows,NULL,NULL,NULL,NULL,NULL
s4129,Stand-Up Comedy,NULL,NULL,NULL,NULL,NULL,NULL,NULL
s4130,British TV Shows, Crime TV Shows, International TV Shows,NULL,NULL,NULL,NULL,NULL
s4131,International TV Shows, TV Dramas,NULL,NULL,NULL,NULL,NULL,NULL
s4132,Anime Series, International TV Shows, Romantic TV Shows,NULL,NULL,NULL,NULL,NULL
s4133,International TV Shows, Korean TV Shows, Romantic TV Shows,NULL,NULL,NULL,NULL,NULL
s4134,Horror Movies, Sci-Fi & Fantasy,NULL,NULL,NULL,NULL,NULL,NULL
s4135,Dramas, Independent Movies, International Movies,NULL,NULL,NULL,NULL,NULL
s4136,Documentaries,NULL,NULL,NULL,NULL,NULL,NULL,NULL
s4137,Comedies, Dramas, International Movies,NULL,NULL,NULL,NULL,NULL
s4138,Children & Family Movies, Dramas,NULL,NULL,NULL,NULL,NULL,NULL
s4139,Movies,NULL,NULL,NULL,NULL,NULL,NULL,NULL
s4140,Children & Family Movies,NULL,NULL,NULL,NULL,NULL,NULL,NULL
s4141,Children & Family Movies,NULL,NULL,NULL,NULL,NULL,NULL,NULL
s4142,Kids' TV,NULL,NULL,NULL,NULL,NULL,NULL,NULL
s4143,TV Comedies, TV Dramas,NULL,NULL,NULL,NULL,NULL,NULL
s4144,Crime TV Shows, International TV Shows, TV Dramas,NULL,NULL,NULL,NULL,NULL
s4145,Anime Series, International TV Shows,NULL,NULL,NULL,NULL,NULL,NULL
s4146,Children & Family Movies,NULL,NULL,NULL,NULL,NULL,NULL,NULL
s4147,Dramas, Thrillers,NULL,NULL,NULL,NULL,NULL,NULL
s4148,Comedies, Horror Movies, International Movies,NULL,NULL,NULL,NULL,NULL
s4149,Comedies, Dramas, International Movies,NULL,NULL,NULL,NULL,NULL
s4150,Kids' TV,NULL,NULL,NULL,NULL,NULL,NULL,NULL
s4151,Dramas, International Movies,NULL,NULL,NULL,NULL,NULL,NULL
s4152,Dramas, International Movies, Music & Musicals,NULL,NULL,NULL,NULL,NULL
s4153,Dramas, Independent Movies, International Movies,NULL,NULL,NULL,NULL,NULL
s4154,Stand-Up Comedy,NULL,NULL,NULL,NULL,NULL,NULL,NULL
s4155,Dramas, International Movies,NULL,NULL,NULL,NULL,NULL,NULL
s4156,Dramas, International Movies, Sci-Fi & Fantasy,NULL,NULL,NULL,NULL,NULL
s4157,Documentaries,NULL,NULL,NULL,NULL,NULL,NULL,NULL
s4158,Dramas, International Movies, Romantic Movies,NULL,NULL,NULL,NULL,NULL
s4159,Dramas, Independent Movies, International Movies,NULL,NULL,NULL,NULL,NULL
s4160,Dramas, International Movies,NULL,NULL,NULL,NULL,NULL,NULL
s4161,Dramas, Faith & Spirituality, International Movies,NULL,NULL,NULL,NULL,NULL
s4162,Dramas, Faith & Spirituality, International Movies,NULL,NULL,NULL,NULL,NULL
s4163,International TV Shows, TV Dramas,NULL,NULL,NULL,NULL,NULL,NULL
s4164,TV Action & Adventure, TV Comedies, TV Horror,NULL,NULL,NULL,NULL,NULL
s4165,Dramas, International Movies,NULL,NULL,NULL,NULL,NULL,NULL
s4166,Horror Movies, International Movies,NULL,NULL,NULL,NULL,NULL,NULL
s4167,British TV Shows, International TV Shows, TV Dramas,NULL,NULL,NULL,NULL,NULL
s4168,International TV Shows, Spanish-Language TV Shows, TV Comedies,NULL,NULL,NULL,NULL,NULL
s4169,Crime TV Shows, Docuseries, International TV Shows,NULL,NULL,NULL,NULL,NULL
s4170,Comedies, International Movies,NULL,NULL,NULL,NULL,NULL,NULL
s4171,Action & Adventure, International Movies,NULL,NULL,NULL,NULL,NULL,NULL
s4172,International TV Shows, Romantic TV Shows, TV Comedies,NULL,NULL,NULL,NULL,NULL
s4173,Crime TV Shows, Docuseries,NULL,NULL,NULL,NULL,NULL,NULL
s4174,Dramas, International Movies, Music & Musicals,NULL,NULL,NULL,NULL,NULL
s4175,Crime TV Shows, International TV Shows, TV Dramas,NULL,NULL,NULL,NULL,NULL
s4176,Action & Adventure, International Movies,NULL,NULL,NULL,NULL,NULL,NULL
s4177,Documentaries,NULL,NULL,NULL,NULL,NULL,NULL,NULL
s4178,Dramas, Sci-Fi & Fantasy,NULL,NULL,NULL,NULL,NULL,NULL
s4179,Crime TV Shows, TV Action & Adventure, TV Thrillers,NULL,NULL,NULL,NULL,NULL
s4180,International TV Shows, Romantic TV Shows, TV Dramas,NULL,NULL,NULL,NULL,NULL
s4181,Documentaries, International Movies,NULL,NULL,NULL,NULL,NULL,NULL
s4182,Documentaries, International Movies,NULL,NULL,NULL,NULL,NULL,NULL
s4183,Dramas, Independent Movies, International Movies,NULL,NULL,NULL,NULL,NULL
s4184,British TV Shows, Docuseries, International TV Shows,NULL,NULL,NULL,NULL,NULL
s4185,Docuseries, Stand-Up Comedy & Talk Shows,NULL,NULL,NULL,NULL,NULL,NULL
s4186,Documentaries,NULL,NULL,NULL,NULL,NULL,NULL,NULL
s4187,Dramas, International Movies,NULL,NULL,NULL,NULL,NULL,NULL
s4188,Comedies, Independent Movies, International Movies,NULL,NULL,NULL,NULL,NULL
s4189,International Movies, Thrillers,NULL,NULL,NULL,NULL,NULL,NULL
s4190,International TV Shows, Romantic TV Shows, TV Dramas,NULL,NULL,NULL,NULL,NULL
s4191,Action & Adventure, Dramas, International Movies,NULL,NULL,NULL,NULL,NULL
s4192,Horror Movies, International Movies,NULL,NULL,NULL,NULL,NULL,NULL
s4193,Action & Adventure, International Movies,NULL,NULL,NULL,NULL,NULL,NULL
s4194,Stand-Up Comedy,NULL,NULL,NULL,NULL,NULL,NULL,NULL
s4195,Horror Movies, International Movies,NULL,NULL,NULL,NULL,NULL,NULL
s4196,Horror Movies, International Movies,NULL,NULL,NULL,NULL,NULL,NULL
s4197,International TV Shows, TV Dramas,NULL,NULL,NULL,NULL,NULL,NULL
s4198,Dramas, International Movies,NULL,NULL,NULL,NULL,NULL,NULL
s4199,Comedies, Dramas, International Movies,NULL,NULL,NULL,NULL,NULL
s4200,International TV Shows, Reality TV, Romantic TV Shows,NULL,NULL,NULL,NULL,NULL
s4201,Romantic TV Shows, TV Comedies,NULL,NULL,NULL,NULL,NULL,NULL
s4202,TV Comedies,NULL,NULL,NULL,NULL,NULL,NULL,NULL
s4203,British TV Shows, Kids' TV, TV Comedies,NULL,NULL,NULL,NULL,NULL
s4204,Documentaries, Music & Musicals,NULL,NULL,NULL,NULL,NULL,NULL
s4205,Dramas, Independent Movies, International Movies,NULL,NULL,NULL,NULL,NULL
s4206,Comedies, Dramas,NULL,NULL,NULL,NULL,NULL,NULL
s4207,Kids' TV, Spanish-Language TV Shows,NULL,NULL,NULL,NULL,NULL,NULL
s4208,International TV Shows, TV Action & Adventure, TV Dramas,NULL,NULL,NULL,NULL,NULL
s4209,Action & Adventure, Anime Features, International Movies,NULL,NULL,NULL,NULL,NULL
s4210,Comedies, Dramas, International Movies,NULL,NULL,NULL,NULL,NULL
s4211,Dramas, Independent Movies, International Movies,NULL,NULL,NULL,NULL,NULL
s4212,Horror Movies, International Movies, Romantic Movies,NULL,NULL,NULL,NULL,NULL
s4213,Dramas, Independent Movies, International Movies,NULL,NULL,NULL,NULL,NULL
s4214,Dramas, International Movies, Music & Musicals,NULL,NULL,NULL,NULL,NULL
s4215,Comedies, Dramas, Independent Movies,NULL,NULL,NULL,NULL,NULL
s4216,International TV Shows, Romantic TV Shows, TV Dramas,NULL,NULL,NULL,NULL,NULL
s4217,International TV Shows, Romantic TV Shows, TV Dramas,NULL,NULL,NULL,NULL,NULL
s4218,Action & Adventure, Classic Movies, Comedies,NULL,NULL,NULL,NULL,NULL
s4219,Kids' TV, TV Action & Adventure, TV Comedies,NULL,NULL,NULL,NULL,NULL
s4220,Comedies, International Movies, Music & Musicals,NULL,NULL,NULL,NULL,NULL
s4221,Stand-Up Comedy & Talk Shows, TV Comedies,NULL,NULL,NULL,NULL,NULL,NULL
s4222,Dramas, Independent Movies, International Movies,NULL,NULL,NULL,NULL,NULL
s4223,Stand-Up Comedy,NULL,NULL,NULL,NULL,NULL,NULL,NULL
s4224,Anime Features, Children & Family Movies,NULL,NULL,NULL,NULL,NULL,NULL
s4225,International Movies, Thrillers,NULL,NULL,NULL,NULL,NULL,NULL
s4226,Dramas, Independent Movies, International Movies,NULL,NULL,NULL,NULL,NULL
s4227,International TV Shows, TV Dramas,NULL,NULL,NULL,NULL,NULL,NULL
s4228,Reality TV,NULL,NULL,NULL,NULL,NULL,NULL,NULL
s4229,Stand-Up Comedy,NULL,NULL,NULL,NULL,NULL,NULL,NULL
s4230,Stand-Up Comedy,NULL,NULL,NULL,NULL,NULL,NULL,NULL
s4231,Documentaries,NULL,NULL,NULL,NULL,NULL,NULL,NULL
s4232,Stand-Up Comedy,NULL,NULL,NULL,NULL,NULL,NULL,NULL
s4233,Stand-Up Comedy,NULL,NULL,NULL,NULL,NULL,NULL,NULL
s4234,Stand-Up Comedy,NULL,NULL,NULL,NULL,NULL,NULL,NULL
s4235,Stand-Up Comedy,NULL,NULL,NULL,NULL,NULL,NULL,NULL
s4236,Stand-Up Comedy,NULL,NULL,NULL,NULL,NULL,NULL,NULL
s4237,Documentaries, International Movies, Music & Musicals,NULL,NULL,NULL,NULL,NULL
s4238,Stand-Up Comedy,NULL,NULL,NULL,NULL,NULL,NULL,NULL
s4239,Stand-Up Comedy,NULL,NULL,NULL,NULL,NULL,NULL,NULL
s4240,Stand-Up Comedy,NULL,NULL,NULL,NULL,NULL,NULL,NULL
s4241,Documentaries,NULL,NULL,NULL,NULL,NULL,NULL,NULL
s4242,Comedies, Horror Movies, International Movies,NULL,NULL,NULL,NULL,NULL
s4243,Music & Musicals,NULL,NULL,NULL,NULL,NULL,NULL,NULL
s4244,Action & Adventure, Anime Features, International Movies,NULL,NULL,NULL,NULL,NULL
s4245,Stand-Up Comedy,NULL,NULL,NULL,NULL,NULL,NULL,NULL
s4246,Stand-Up Comedy,NULL,NULL,NULL,NULL,NULL,NULL,NULL
s4247,Music & Musicals, Stand-Up Comedy,NULL,NULL,NULL,NULL,NULL,NULL
s4248,Music & Musicals, Stand-Up Comedy,NULL,NULL,NULL,NULL,NULL,NULL
s4249,Stand-Up Comedy,NULL,NULL,NULL,NULL,NULL,NULL,NULL
s4250,Stand-Up Comedy,NULL,NULL,NULL,NULL,NULL,NULL,NULL
s4251,TV Shows,NULL,NULL,NULL,NULL,NULL,NULL,NULL
s4252,Crime TV Shows, International TV Shows, TV Dramas,NULL,NULL,NULL,NULL,NULL
s4253,Dramas, International Movies,NULL,NULL,NULL,NULL,NULL,NULL
s4254,Dramas, International Movies, Sci-Fi & Fantasy,NULL,NULL,NULL,NULL,NULL
s4255,Crime TV Shows, International TV Shows, TV Comedies,NULL,NULL,NULL,NULL,NULL
s4256,Action & Adventure, Comedies, Dramas,NULL,NULL,NULL,NULL,NULL
s4257,Crime TV Shows, Docuseries,NULL,NULL,NULL,NULL,NULL,NULL
s4258,International TV Shows, TV Dramas, Teen TV Shows,NULL,NULL,NULL,NULL,NULL
s4259,Documentaries, International Movies,NULL,NULL,NULL,NULL,NULL,NULL
s4260,Dramas, International Movies, Thrillers,NULL,NULL,NULL,NULL,NULL
s4261,Stand-Up Comedy & Talk Shows, TV Comedies,NULL,NULL,NULL,NULL,NULL,NULL
s4262,International TV Shows, Romantic TV Shows, TV Comedies,NULL,NULL,NULL,NULL,NULL
s4263,British TV Shows, International TV Shows, TV Action & Adventure,NULL,NULL,NULL,NULL,NULL
s4264,Crime TV Shows, International TV Shows, TV Dramas,NULL,NULL,NULL,NULL,NULL
s4265,British TV Shows, TV Comedies,NULL,NULL,NULL,NULL,NULL,NULL
s4266,International TV Shows, Romantic TV Shows, TV Dramas,NULL,NULL,NULL,NULL,NULL
s4267,Docuseries,NULL,NULL,NULL,NULL,NULL,NULL,NULL
s4268,Comedies, Dramas, International Movies,NULL,NULL,NULL,NULL,NULL
s4269,Dramas, Sci-Fi & Fantasy, Thrillers,NULL,NULL,NULL,NULL,NULL
s4270,International TV Shows, Romantic TV Shows, TV Comedies,NULL,NULL,NULL,NULL,NULL
s4271,Anime Series, International TV Shows,NULL,NULL,NULL,NULL,NULL,NULL
s4272,International TV Shows, Romantic TV Shows, TV Comedies,NULL,NULL,NULL,NULL,NULL
s4273,International TV Shows, Romantic TV Shows, TV Dramas,NULL,NULL,NULL,NULL,NULL
s4274,Crime TV Shows, International TV Shows, TV Dramas,NULL,NULL,NULL,NULL,NULL
s4275,Anime Series, International TV Shows, TV Thrillers,NULL,NULL,NULL,NULL,NULL
s4276,Documentaries,NULL,NULL,NULL,NULL,NULL,NULL,NULL
s4277,International TV Shows, TV Action & Adventure, TV Dramas,NULL,NULL,NULL,NULL,NULL
s4278,Horror Movies, International Movies,NULL,NULL,NULL,NULL,NULL,NULL
s4279,Movies,NULL,NULL,NULL,NULL,NULL,NULL,NULL
s4280,Anime Series, International TV Shows,NULL,NULL,NULL,NULL,NULL,NULL
s4281,Action & Adventure, International Movies,NULL,NULL,NULL,NULL,NULL,NULL
s4282,International Movies, Thrillers,NULL,NULL,NULL,NULL,NULL,NULL
s4283,Dramas, International Movies, Thrillers,NULL,NULL,NULL,NULL,NULL
s4284,Dramas, Independent Movies, International Movies,NULL,NULL,NULL,NULL,NULL
s4285,Stand-Up Comedy & Talk Shows, TV Comedies,NULL,NULL,NULL,NULL,NULL,NULL
s4286,Dramas, Independent Movies, International Movies,NULL,NULL,NULL,NULL,NULL
s4287,Children & Family Movies, Comedies,NULL,NULL,NULL,NULL,NULL,NULL
s4288,Comedies, Dramas, International Movies,NULL,NULL,NULL,NULL,NULL
s4289,International TV Shows, Romantic TV Shows, TV Comedies,NULL,NULL,NULL,NULL,NULL
s4290,Children & Family Movies, Comedies,NULL,NULL,NULL,NULL,NULL,NULL
s4291,Kids' TV, TV Comedies,NULL,NULL,NULL,NULL,NULL,NULL
s4292,Dramas, Thrillers,NULL,NULL,NULL,NULL,NULL,NULL
s4293,Comedies, Dramas,NULL,NULL,NULL,NULL,NULL,NULL
s4294,Music & Musicals,NULL,NULL,NULL,NULL,NULL,NULL,NULL
s4295,Dramas, Romantic Movies,NULL,NULL,NULL,NULL,NULL,NULL
s4296,Children & Family Movies, Sci-Fi & Fantasy,NULL,NULL,NULL,NULL,NULL,NULL
s4297,British TV Shows, International TV Shows, TV Comedies,NULL,NULL,NULL,NULL,NULL
s4298,Comedies, Dramas, International Movies,NULL,NULL,NULL,NULL,NULL
s4299,Documentaries, Music & Musicals,NULL,NULL,NULL,NULL,NULL,NULL
s4300,Documentaries, Music & Musicals,NULL,NULL,NULL,NULL,NULL,NULL
s4301,Documentaries, Music & Musicals,NULL,NULL,NULL,NULL,NULL,NULL
s4302,Documentaries, Music & Musicals,NULL,NULL,NULL,NULL,NULL,NULL
s4303,Documentaries, International Movies,NULL,NULL,NULL,NULL,NULL,NULL
s4304,Dramas, International Movies, Thrillers,NULL,NULL,NULL,NULL,NULL
s4305,International TV Shows, Korean TV Shows, Romantic TV Shows,NULL,NULL,NULL,NULL,NULL
s4306,British TV Shows, Crime TV Shows, Docuseries,NULL,NULL,NULL,NULL,NULL
s4307,Dramas, Independent Movies, International Movies,NULL,NULL,NULL,NULL,NULL
s4308,TV Comedies,NULL,NULL,NULL,NULL,NULL,NULL,NULL
s4309,Crime TV Shows, Docuseries,NULL,NULL,NULL,NULL,NULL,NULL
s4310,Crime TV Shows, International TV Shows, TV Dramas,NULL,NULL,NULL,NULL,NULL
s4311,Crime TV Shows, International TV Shows, TV Dramas,NULL,NULL,NULL,NULL,NULL
s4312,Kids' TV,NULL,NULL,NULL,NULL,NULL,NULL,NULL
s4313,Anime Series, International TV Shows,NULL,NULL,NULL,NULL,NULL,NULL
s4314,Documentaries,NULL,NULL,NULL,NULL,NULL,NULL,NULL
s4315,Stand-Up Comedy,NULL,NULL,NULL,NULL,NULL,NULL,NULL
s4316,Comedies, International Movies,NULL,NULL,NULL,NULL,NULL,NULL
s4317,Crime TV Shows, International TV Shows, TV Dramas,NULL,NULL,NULL,NULL,NULL
s4318,Comedies, Dramas, Independent Movies,NULL,NULL,NULL,NULL,NULL
s4319,Children & Family Movies, Dramas,NULL,NULL,NULL,NULL,NULL,NULL
s4320,Action & Adventure, Children & Family Movies, Dramas,NULL,NULL,NULL,NULL,NULL
s4321,TV Comedies, TV Sci-Fi & Fantasy, Teen TV Shows,NULL,NULL,NULL,NULL,NULL
s4322,International TV Shows, TV Dramas,NULL,NULL,NULL,NULL,NULL,NULL
s4323,Documentaries, Music & Musicals,NULL,NULL,NULL,NULL,NULL,NULL
s4324,Children & Family Movies,NULL,NULL,NULL,NULL,NULL,NULL,NULL
s4325,Documentaries,NULL,NULL,NULL,NULL,NULL,NULL,NULL
s4326,Stand-Up Comedy,NULL,NULL,NULL,NULL,NULL,NULL,NULL
s4327,International TV Shows, Korean TV Shows, TV Comedies,NULL,NULL,NULL,NULL,NULL
s4328,Crime TV Shows, International TV Shows, Korean TV Shows,NULL,NULL,NULL,NULL,NULL
s4329,Action & Adventure, Comedies, International Movies,NULL,NULL,NULL,NULL,NULL
s4330,Dramas, International Movies, Romantic Movies,NULL,NULL,NULL,NULL,NULL
s4331,International Movies, Thrillers,NULL,NULL,NULL,NULL,NULL,NULL
s4332,Documentaries, International Movies,NULL,NULL,NULL,NULL,NULL,NULL
s4333,Dramas, International Movies, Romantic Movies,NULL,NULL,NULL,NULL,NULL
s4334,Action & Adventure, Comedies, International Movies,NULL,NULL,NULL,NULL,NULL
s4335,Comedies, International Movies, Romantic Movies,NULL,NULL,NULL,NULL,NULL
s4336,Comedies, Dramas, International Movies,NULL,NULL,NULL,NULL,NULL
s4337,Dramas, International Movies,NULL,NULL,NULL,NULL,NULL,NULL
s4338,Comedies, International Movies, Romantic Movies,NULL,NULL,NULL,NULL,NULL
s4339,Comedies, International Movies, Romantic Movies,NULL,NULL,NULL,NULL,NULL
s4340,Action & Adventure, Dramas, International Movies,NULL,NULL,NULL,NULL,NULL
s4341,Kids' TV, Korean TV Shows,NULL,NULL,NULL,NULL,NULL,NULL
s4342,Action & Adventure, International Movies,NULL,NULL,NULL,NULL,NULL,NULL
s4343,Action & Adventure, Dramas, International Movies,NULL,NULL,NULL,NULL,NULL
s4344,Comedies, International Movies, Romantic Movies,NULL,NULL,NULL,NULL,NULL
s4345,Movies,NULL,NULL,NULL,NULL,NULL,NULL,NULL
s4346,Action & Adventure, Comedies, International Movies,NULL,NULL,NULL,NULL,NULL
s4347,Dramas, Independent Movies, International Movies,NULL,NULL,NULL,NULL,NULL
s4348,Documentaries, Sports Movies,NULL,NULL,NULL,NULL,NULL,NULL
s4349,Comedies, International Movies,NULL,NULL,NULL,NULL,NULL,NULL
s4350,Dramas, International Movies,NULL,NULL,NULL,NULL,NULL,NULL
s4351,Crime TV Shows, International TV Shows, TV Dramas,NULL,NULL,NULL,NULL,NULL
s4352,Children & Family Movies, Dramas, Romantic Movies,NULL,NULL,NULL,NULL,NULL
s4353,Children & Family Movies,NULL,NULL,NULL,NULL,NULL,NULL,NULL
s4354,Reality TV,NULL,NULL,NULL,NULL,NULL,NULL,NULL
s4355,Dramas, International Movies,NULL,NULL,NULL,NULL,NULL,NULL
s4356,Dramas, Independent Movies, International Movies,NULL,NULL,NULL,NULL,NULL
s4357,International TV Shows, Romantic TV Shows, TV Dramas,NULL,NULL,NULL,NULL,NULL
s4358,Dramas, Independent Movies, International Movies,NULL,NULL,NULL,NULL,NULL
s4359,Comedies, Dramas, International Movies,NULL,NULL,NULL,NULL,NULL
s4360,Kids' TV,NULL,NULL,NULL,NULL,NULL,NULL,NULL
s4361,Action & Adventure, Comedies, International Movies,NULL,NULL,NULL,NULL,NULL
s4362,Dramas, Independent Movies, International Movies,NULL,NULL,NULL,NULL,NULL
s4363,Stand-Up Comedy & Talk Shows, TV Comedies,NULL,NULL,NULL,NULL,NULL,NULL
s4364,Kids' TV,NULL,NULL,NULL,NULL,NULL,NULL,NULL
s4365,Children & Family Movies,NULL,NULL,NULL,NULL,NULL,NULL,NULL
s4366,International TV Shows, TV Action & Adventure, TV Dramas,NULL,NULL,NULL,NULL,NULL
s4367,Crime TV Shows, International TV Shows, Spanish-Language TV Shows,NULL,NULL,NULL,NULL,NULL
s4368,British TV Shows, International TV Shows, TV Comedies,NULL,NULL,NULL,NULL,NULL
s4369,TV Comedies, TV Sci-Fi & Fantasy,NULL,NULL,NULL,NULL,NULL,NULL
s4370,Children & Family Movies, Comedies,NULL,NULL,NULL,NULL,NULL,NULL
s4371,Comedies, International Movies,NULL,NULL,NULL,NULL,NULL,NULL
s4372,Kids' TV,NULL,NULL,NULL,NULL,NULL,NULL,NULL
s4373,Kids' TV, TV Comedies,NULL,NULL,NULL,NULL,NULL,NULL
s4374,Children & Family Movies, Comedies,NULL,NULL,NULL,NULL,NULL,NULL
s4375,Horror Movies, International Movies,NULL,NULL,NULL,NULL,NULL,NULL
s4376,Comedies, Horror Movies, International Movies,NULL,NULL,NULL,NULL,NULL
s4377,Reality TV,NULL,NULL,NULL,NULL,NULL,NULL,NULL
s4378,Stand-Up Comedy,NULL,NULL,NULL,NULL,NULL,NULL,NULL
s4379,Documentaries,NULL,NULL,NULL,NULL,NULL,NULL,NULL
s4380,International TV Shows, Romantic TV Shows, TV Dramas,NULL,NULL,NULL,NULL,NULL
s4381,Spanish-Language TV Shows, TV Dramas,NULL,NULL,NULL,NULL,NULL,NULL
s4382,Romantic TV Shows, Spanish-Language TV Shows, TV Comedies,NULL,NULL,NULL,NULL,NULL
s4383,Horror Movies, Independent Movies, Thrillers,NULL,NULL,NULL,NULL,NULL
s4384,Comedies, Dramas, International Movies,NULL,NULL,NULL,NULL,NULL
s4385,Kids' TV, TV Dramas,NULL,NULL,NULL,NULL,NULL,NULL
s4386,Comedies, Dramas,NULL,NULL,NULL,NULL,NULL,NULL
s4387,Children & Family Movies, Dramas, Romantic Movies,NULL,NULL,NULL,NULL,NULL
s4388,Docuseries, International TV Shows, Reality TV,NULL,NULL,NULL,NULL,NULL
s4389,Dramas, Independent Movies, International Movies,NULL,NULL,NULL,NULL,NULL
s4390,Anime Series, Kids' TV,NULL,NULL,NULL,NULL,NULL,NULL
s4391,Comedies, International Movies, Romantic Movies,NULL,NULL,NULL,NULL,NULL
s4392,Comedies, Dramas, Independent Movies,NULL,NULL,NULL,NULL,NULL
s4393,Horror Movies, International Movies,NULL,NULL,NULL,NULL,NULL,NULL
s4394,Documentaries, International Movies,NULL,NULL,NULL,NULL,NULL,NULL
s4395,Comedies, Independent Movies, International Movies,NULL,NULL,NULL,NULL,NULL
s4396,Horror Movies, International Movies,NULL,NULL,NULL,NULL,NULL,NULL
s4397,Dramas, International Movies,NULL,NULL,NULL,NULL,NULL,NULL
s4398,Action & Adventure, International Movies,NULL,NULL,NULL,NULL,NULL,NULL
s4399,Music & Musicals,NULL,NULL,NULL,NULL,NULL,NULL,NULL
s4400,Crime TV Shows, International TV Shows, TV Dramas,NULL,NULL,NULL,NULL,NULL
s4401,Docuseries, International TV Shows, Science & Nature TV,NULL,NULL,NULL,NULL,NULL
s4402,Comedies, International Movies, Romantic Movies,NULL,NULL,NULL,NULL,NULL
s4403,Comedies, International Movies,NULL,NULL,NULL,NULL,NULL,NULL
s4404,Docuseries, TV Dramas,NULL,NULL,NULL,NULL,NULL,NULL
s4405,Action & Adventure, Dramas,NULL,NULL,NULL,NULL,NULL,NULL
s4406,International TV Shows, TV Comedies,NULL,NULL,NULL,NULL,NULL,NULL
s4407,Crime TV Shows, International TV Shows, Spanish-Language TV Shows,NULL,NULL,NULL,NULL,NULL
s4408,Kids' TV, TV Thrillers,NULL,NULL,NULL,NULL,NULL,NULL
s4409,Reality TV,NULL,NULL,NULL,NULL,NULL,NULL,NULL
s4410,Crime TV Shows, International TV Shows, TV Sci-Fi & Fantasy,NULL,NULL,NULL,NULL,NULL
s4411,Crime TV Shows, TV Dramas,NULL,NULL,NULL,NULL,NULL,NULL
s4412,Dramas, International Movies,NULL,NULL,NULL,NULL,NULL,NULL
s4413,Stand-Up Comedy,NULL,NULL,NULL,NULL,NULL,NULL,NULL
s4414,International TV Shows, TV Comedies,NULL,NULL,NULL,NULL,NULL,NULL
s4415,Comedies, International Movies, LGBTQ Movies,NULL,NULL,NULL,NULL,NULL
s4416,Kids' TV,NULL,NULL,NULL,NULL,NULL,NULL,NULL
s4417,Documentaries, Music & Musicals,NULL,NULL,NULL,NULL,NULL,NULL
s4418,Dramas, Romantic Movies,NULL,NULL,NULL,NULL,NULL,NULL
s4419,Classic Movies, Dramas, Independent Movies,NULL,NULL,NULL,NULL,NULL
s4420,Documentaries,NULL,NULL,NULL,NULL,NULL,NULL,NULL
s4421,Comedies, International Movies, Music & Musicals,NULL,NULL,NULL,NULL,NULL
s4422,International Movies, Thrillers,NULL,NULL,NULL,NULL,NULL,NULL
s4423,Dramas, International Movies, Music & Musicals,NULL,NULL,NULL,NULL,NULL
s4424,Dramas, International Movies,NULL,NULL,NULL,NULL,NULL,NULL
s4425,Action & Adventure, Dramas, International Movies,NULL,NULL,NULL,NULL,NULL
s4426,Dramas, International Movies, Music & Musicals,NULL,NULL,NULL,NULL,NULL
s4427,Comedies, Dramas, International Movies,NULL,NULL,NULL,NULL,NULL
s4428,Comedies, Dramas, International Movies,NULL,NULL,NULL,NULL,NULL
s4429,International Movies, Romantic Movies,NULL,NULL,NULL,NULL,NULL,NULL
s4430,Comedies, Dramas, International Movies,NULL,NULL,NULL,NULL,NULL
s4431,Kids' TV, Spanish-Language TV Shows,NULL,NULL,NULL,NULL,NULL,NULL
s4432,Dramas, International Movies, Music & Musicals,NULL,NULL,NULL,NULL,NULL
s4433,Comedies, International Movies, Music & Musicals,NULL,NULL,NULL,NULL,NULL
s4434,Comedies, International Movies,NULL,NULL,NULL,NULL,NULL,NULL
s4435,Independent Movies, Thrillers,NULL,NULL,NULL,NULL,NULL,NULL
s4436,Stand-Up Comedy,NULL,NULL,NULL,NULL,NULL,NULL,NULL
s4437,Docuseries,NULL,NULL,NULL,NULL,NULL,NULL,NULL
s4438,Dramas, International Movies, Thrillers,NULL,NULL,NULL,NULL,NULL
s4439,Comedies, International Movies, Thrillers,NULL,NULL,NULL,NULL,NULL
s4440,International Movies, Thrillers,NULL,NULL,NULL,NULL,NULL,NULL
s4441,Comedies, Dramas, International Movies,NULL,NULL,NULL,NULL,NULL
s4442,Dramas, International Movies,NULL,NULL,NULL,NULL,NULL,NULL
s4443,Action & Adventure, Comedies, International Movies,NULL,NULL,NULL,NULL,NULL
s4444,Comedies, International Movies, Music & Musicals,NULL,NULL,NULL,NULL,NULL
s4445,Comedies, International Movies, Music & Musicals,NULL,NULL,NULL,NULL,NULL
s4446,Dramas, International Movies, Sports Movies,NULL,NULL,NULL,NULL,NULL
s4447,Comedies, International Movies, Music & Musicals,NULL,NULL,NULL,NULL,NULL
s4448,Stand-Up Comedy,NULL,NULL,NULL,NULL,NULL,NULL,NULL
s4449,Comedies, Dramas, International Movies,NULL,NULL,NULL,NULL,NULL
s4450,Dramas, International Movies, Music & Musicals,NULL,NULL,NULL,NULL,NULL
s4451,Stand-Up Comedy,NULL,NULL,NULL,NULL,NULL,NULL,NULL
s4452,Dramas, International Movies,NULL,NULL,NULL,NULL,NULL,NULL
s4453,Comedies, International Movies, Music & Musicals,NULL,NULL,NULL,NULL,NULL
s4454,Dramas, International Movies,NULL,NULL,NULL,NULL,NULL,NULL
s4455,Comedies, Dramas, International Movies,NULL,NULL,NULL,NULL,NULL
s4456,Action & Adventure, Dramas, International Movies,NULL,NULL,NULL,NULL,NULL
s4457,Dramas, International Movies, Thrillers,NULL,NULL,NULL,NULL,NULL
s4458,Dramas, International Movies, Music & Musicals,NULL,NULL,NULL,NULL,NULL
s4459,Comedies, International Movies, Music & Musicals,NULL,NULL,NULL,NULL,NULL
s4460,Dramas, International Movies, Thrillers,NULL,NULL,NULL,NULL,NULL
s4461,Stand-Up Comedy,NULL,NULL,NULL,NULL,NULL,NULL,NULL
s4462,British TV Shows, Reality TV,NULL,NULL,NULL,NULL,NULL,NULL
s4463,Documentaries, LGBTQ Movies,NULL,NULL,NULL,NULL,NULL,NULL
s4464,Dramas, Independent Movies, International Movies,NULL,NULL,NULL,NULL,NULL
s4465,Comedies, Dramas, International Movies,NULL,NULL,NULL,NULL,NULL
s4466,Comedies, Dramas, Independent Movies,NULL,NULL,NULL,NULL,NULL
s4467,Children & Family Movies, Dramas,NULL,NULL,NULL,NULL,NULL,NULL
s4468,Dramas, International Movies, Thrillers,NULL,NULL,NULL,NULL,NULL
s4469,Dramas, International Movies,NULL,NULL,NULL,NULL,NULL,NULL
s4470,Anime Series, International TV Shows,NULL,NULL,NULL,NULL,NULL,NULL
s4471,Action & Adventure, International Movies,NULL,NULL,NULL,NULL,NULL,NULL
s4472,Dramas, International Movies, Music & Musicals,NULL,NULL,NULL,NULL,NULL
s4473,Dramas, International Movies,NULL,NULL,NULL,NULL,NULL,NULL
s4474,Comedies, Dramas, International Movies,NULL,NULL,NULL,NULL,NULL
s4475,Comedies, International Movies, Romantic Movies,NULL,NULL,NULL,NULL,NULL
s4476,Documentaries,NULL,NULL,NULL,NULL,NULL,NULL,NULL
s4477,Crime TV Shows, Docuseries, International TV Shows,NULL,NULL,NULL,NULL,NULL
s4478,Dramas, International Movies, Thrillers,NULL,NULL,NULL,NULL,NULL
s4479,Kids' TV, TV Comedies,NULL,NULL,NULL,NULL,NULL,NULL
s4480,TV Comedies,NULL,NULL,NULL,NULL,NULL,NULL,NULL
s4481,Documentaries,NULL,NULL,NULL,NULL,NULL,NULL,NULL
s4482,Action & Adventure, Dramas, International Movies,NULL,NULL,NULL,NULL,NULL
s4483,Stand-Up Comedy,NULL,NULL,NULL,NULL,NULL,NULL,NULL
s4484,International TV Shows, Romantic TV Shows, TV Dramas,NULL,NULL,NULL,NULL,NULL
s4485,Action & Adventure, Sci-Fi & Fantasy,NULL,NULL,NULL,NULL,NULL,NULL
s4486,Stand-Up Comedy & Talk Shows,NULL,NULL,NULL,NULL,NULL,NULL,NULL
s4487,Comedies, International Movies, Romantic Movies,NULL,NULL,NULL,NULL,NULL
s4488,International TV Shows, Romantic TV Shows, TV Comedies,NULL,NULL,NULL,NULL,NULL
s4489,Docuseries, International TV Shows, Science & Nature TV,NULL,NULL,NULL,NULL,NULL
s4490,Kids' TV, TV Comedies,NULL,NULL,NULL,NULL,NULL,NULL
s4491,Movies,NULL,NULL,NULL,NULL,NULL,NULL,NULL
s4492,Movies,NULL,NULL,NULL,NULL,NULL,NULL,NULL
s4493,Children & Family Movies, Comedies,NULL,NULL,NULL,NULL,NULL,NULL
s4494,Action & Adventure, International Movies, Sci-Fi & Fantasy,NULL,NULL,NULL,NULL,NULL
s4495,Crime TV Shows, Docuseries,NULL,NULL,NULL,NULL,NULL,NULL
s4496,Crime TV Shows, TV Action & Adventure,NULL,NULL,NULL,NULL,NULL,NULL
s4497,Dramas, International Movies,NULL,NULL,NULL,NULL,NULL,NULL
s4498,Movies,NULL,NULL,NULL,NULL,NULL,NULL,NULL
s4499,International TV Shows, TV Dramas, Teen TV Shows,NULL,NULL,NULL,NULL,NULL
s4500,Action & Adventure, International Movies,NULL,NULL,NULL,NULL,NULL,NULL
s4501,Action & Adventure, International Movies,NULL,NULL,NULL,NULL,NULL,NULL
s4502,British TV Shows, International TV Shows, Romantic TV Shows,NULL,NULL,NULL,NULL,NULL
s4503,Dramas, International Movies, Thrillers,NULL,NULL,NULL,NULL,NULL
s4504,Kids' TV, TV Comedies,NULL,NULL,NULL,NULL,NULL,NULL
s4505,Crime TV Shows, International TV Shows, TV Comedies,NULL,NULL,NULL,NULL,NULL
s4506,Stand-Up Comedy,NULL,NULL,NULL,NULL,NULL,NULL,NULL
s4507,Dramas, International Movies,NULL,NULL,NULL,NULL,NULL,NULL
s4508,Dramas, International Movies,NULL,NULL,NULL,NULL,NULL,NULL
s4509,British TV Shows, International TV Shows, Reality TV,NULL,NULL,NULL,NULL,NULL
s4510,Dramas, International Movies, Sports Movies,NULL,NULL,NULL,NULL,NULL
s4511,Horror Movies, International Movies, Thrillers,NULL,NULL,NULL,NULL,NULL
s4512,Crime TV Shows, Kids' TV,NULL,NULL,NULL,NULL,NULL,NULL
s4513,Horror Movies, International Movies, Sci-Fi & Fantasy,NULL,NULL,NULL,NULL,NULL
s4514,Documentaries, LGBTQ Movies,NULL,NULL,NULL,NULL,NULL,NULL
s4515,Docuseries,NULL,NULL,NULL,NULL,NULL,NULL,NULL
s4516,Horror Movies, International Movies,NULL,NULL,NULL,NULL,NULL,NULL
s4517,Documentaries, Music & Musicals,NULL,NULL,NULL,NULL,NULL,NULL
s4518,TV Comedies, TV Mysteries,NULL,NULL,NULL,NULL,NULL,NULL
s4519,TV Dramas, TV Horror, TV Mysteries,NULL,NULL,NULL,NULL,NULL
s4520,Dramas, Independent Movies,NULL,NULL,NULL,NULL,NULL,NULL
s4521,Crime TV Shows, International TV Shows, TV Dramas,NULL,NULL,NULL,NULL,NULL
s4522,Docuseries,NULL,NULL,NULL,NULL,NULL,NULL,NULL
s4523,Dramas, Thrillers,NULL,NULL,NULL,NULL,NULL,NULL
s4524,Crime TV Shows, International TV Shows, TV Dramas,NULL,NULL,NULL,NULL,NULL
s4525,Cult Movies, Horror Movies, Independent Movies,NULL,NULL,NULL,NULL,NULL
s4526,Stand-Up Comedy,NULL,NULL,NULL,NULL,NULL,NULL,NULL
s4527,Action & Adventure, Dramas, International Movies,NULL,NULL,NULL,NULL,NULL
s4528,Kids' TV,NULL,NULL,NULL,NULL,NULL,NULL,NULL
s4529,Horror Movies,NULL,NULL,NULL,NULL,NULL,NULL,NULL
s4530,Reality TV,NULL,NULL,NULL,NULL,NULL,NULL,NULL
s4531,Docuseries,NULL,NULL,NULL,NULL,NULL,NULL,NULL
s4532,Anime Series, International TV Shows,NULL,NULL,NULL,NULL,NULL,NULL
s4533,Horror Movies, Thrillers,NULL,NULL,NULL,NULL,NULL,NULL
s4534,Comedies, Dramas, Independent Movies,NULL,NULL,NULL,NULL,NULL
s4535,Children & Family Movies,NULL,NULL,NULL,NULL,NULL,NULL,NULL
s4536,International TV Shows, Korean TV Shows, TV Comedies,NULL,NULL,NULL,NULL,NULL
s4537,Anime Series, International TV Shows, Romantic TV Shows,NULL,NULL,NULL,NULL,NULL
s4538,Dramas, International Movies,NULL,NULL,NULL,NULL,NULL,NULL
s4539,Horror Movies,NULL,NULL,NULL,NULL,NULL,NULL,NULL
s4540,Action & Adventure,NULL,NULL,NULL,NULL,NULL,NULL,NULL
s4541,Comedies, Music & Musicals,NULL,NULL,NULL,NULL,NULL,NULL
s4542,Stand-Up Comedy,NULL,NULL,NULL,NULL,NULL,NULL,NULL
s4543,British TV Shows, Docuseries, TV Comedies,NULL,NULL,NULL,NULL,NULL
s4544,Documentaries,NULL,NULL,NULL,NULL,NULL,NULL,NULL
s4545,Comedies,NULL,NULL,NULL,NULL,NULL,NULL,NULL
s4546,Comedies, Documentaries,NULL,NULL,NULL,NULL,NULL,NULL
s4547,Comedies, Documentaries,NULL,NULL,NULL,NULL,NULL,NULL
s4548,Comedies,NULL,NULL,NULL,NULL,NULL,NULL,NULL
s4549,Documentaries,NULL,NULL,NULL,NULL,NULL,NULL,NULL
s4550,British TV Shows, Docuseries,NULL,NULL,NULL,NULL,NULL,NULL
s4551,International TV Shows, TV Comedies,NULL,NULL,NULL,NULL,NULL,NULL
s4552,British TV Shows, Classic & Cult TV, International TV Shows,NULL,NULL,NULL,NULL,NULL
s4553,Classic Movies, Comedies, Cult Movies,NULL,NULL,NULL,NULL,NULL
s4554,British TV Shows, TV Comedies,NULL,NULL,NULL,NULL,NULL,NULL
s4555,Comedies,NULL,NULL,NULL,NULL,NULL,NULL,NULL
s4556,Documentaries,NULL,NULL,NULL,NULL,NULL,NULL,NULL
s4557,Action & Adventure, Dramas, International Movies,NULL,NULL,NULL,NULL,NULL
s4558,Children & Family Movies,NULL,NULL,NULL,NULL,NULL,NULL,NULL
s4559,Horror Movies, International Movies,NULL,NULL,NULL,NULL,NULL,NULL
s4560,Action & Adventure, Dramas, International Movies,NULL,NULL,NULL,NULL,NULL
s4561,Dramas, International Movies, Sports Movies,NULL,NULL,NULL,NULL,NULL
s4562,Dramas, International Movies,NULL,NULL,NULL,NULL,NULL,NULL
s4563,Dramas, International Movies, Romantic Movies,NULL,NULL,NULL,NULL,NULL
s4564,International Movies, Music & Musicals, Romantic Movies,NULL,NULL,NULL,NULL,NULL
s4565,Dramas, International Movies,NULL,NULL,NULL,NULL,NULL,NULL
s4566,Comedies, International Movies, Romantic Movies,NULL,NULL,NULL,NULL,NULL
s4567,Dramas, Independent Movies, International Movies,NULL,NULL,NULL,NULL,NULL
s4568,Dramas, International Movies, Music & Musicals,NULL,NULL,NULL,NULL,NULL
s4569,Comedies, International Movies, Music & Musicals,NULL,NULL,NULL,NULL,NULL
s4570,Dramas, International Movies,NULL,NULL,NULL,NULL,NULL,NULL
s4571,Romantic TV Shows, TV Comedies,NULL,NULL,NULL,NULL,NULL,NULL
s4572,Action & Adventure, Comedies, International Movies,NULL,NULL,NULL,NULL,NULL
s4573,Comedies, Dramas, International Movies,NULL,NULL,NULL,NULL,NULL
s4574,Action & Adventure, Dramas, International Movies,NULL,NULL,NULL,NULL,NULL
s4575,Comedies, Dramas, International Movies,NULL,NULL,NULL,NULL,NULL
s4576,Dramas, International Movies, Music & Musicals,NULL,NULL,NULL,NULL,NULL
s4577,Dramas, International Movies, Sports Movies,NULL,NULL,NULL,NULL,NULL
s4578,Comedies, International Movies, Romantic Movies,NULL,NULL,NULL,NULL,NULL
s4579,Action & Adventure, Dramas, International Movies,NULL,NULL,NULL,NULL,NULL
s4580,Comedies, Dramas, International Movies,NULL,NULL,NULL,NULL,NULL
s4581,International Movies, Thrillers,NULL,NULL,NULL,NULL,NULL,NULL
s4582,Dramas, International Movies,NULL,NULL,NULL,NULL,NULL,NULL
s4583,Comedies, International Movies, Romantic Movies,NULL,NULL,NULL,NULL,NULL
s4584,Comedies, Dramas, International Movies,NULL,NULL,NULL,NULL,NULL
s4585,Comedies, Dramas, International Movies,NULL,NULL,NULL,NULL,NULL
s4586,Comedies, International Movies,NULL,NULL,NULL,NULL,NULL,NULL
s4587,Action & Adventure, International Movies,NULL,NULL,NULL,NULL,NULL,NULL
s4588,Action & Adventure, International Movies,NULL,NULL,NULL,NULL,NULL,NULL
s4589,Comedies, International Movies, Sci-Fi & Fantasy,NULL,NULL,NULL,NULL,NULL
s4590,Children & Family Movies,NULL,NULL,NULL,NULL,NULL,NULL,NULL
s4591,Children & Family Movies,NULL,NULL,NULL,NULL,NULL,NULL,NULL
s4592,Comedies, Dramas, Independent Movies,NULL,NULL,NULL,NULL,NULL
s4593,Action & Adventure, Dramas, International Movies,NULL,NULL,NULL,NULL,NULL
s4594,Dramas, International Movies, Romantic Movies,NULL,NULL,NULL,NULL,NULL
s4595,Comedies, International Movies, Music & Musicals,NULL,NULL,NULL,NULL,NULL
s4596,Action & Adventure, Dramas, International Movies,NULL,NULL,NULL,NULL,NULL
s4597,Comedies, Dramas, Independent Movies,NULL,NULL,NULL,NULL,NULL
s4598,Action & Adventure, International Movies,NULL,NULL,NULL,NULL,NULL,NULL
s4599,Horror Movies, International Movies, Thrillers,NULL,NULL,NULL,NULL,NULL
s4600,Comedies, International Movies, Music & Musicals,NULL,NULL,NULL,NULL,NULL
s4601,Action & Adventure, International Movies, Music & Musicals,NULL,NULL,NULL,NULL,NULL
s4602,Action & Adventure, International Movies, Music & Musicals,NULL,NULL,NULL,NULL,NULL
s4603,Comedies, Dramas, International Movies,NULL,NULL,NULL,NULL,NULL
s4604,Comedies, Dramas, International Movies,NULL,NULL,NULL,NULL,NULL
s4605,Reality TV,NULL,NULL,NULL,NULL,NULL,NULL,NULL
s4606,Action & Adventure, International Movies, Music & Musicals,NULL,NULL,NULL,NULL,NULL
s4607,Documentaries, International Movies,NULL,NULL,NULL,NULL,NULL,NULL
s4608,Comedies, International Movies, Music & Musicals,NULL,NULL,NULL,NULL,NULL
s4609,British TV Shows, International TV Shows, Reality TV,NULL,NULL,NULL,NULL,NULL
s4610,Action & Adventure, Dramas, International Movies,NULL,NULL,NULL,NULL,NULL
s4611,Dramas, Independent Movies, International Movies,NULL,NULL,NULL,NULL,NULL
s4612,Action & Adventure, International Movies, Music & Musicals,NULL,NULL,NULL,NULL,NULL
s4613,Comedies, International Movies, Romantic Movies,NULL,NULL,NULL,NULL,NULL
s4614,Dramas, International Movies,NULL,NULL,NULL,NULL,NULL,NULL
s4615,Comedies, International Movies, Romantic Movies,NULL,NULL,NULL,NULL,NULL
s4616,Dramas, International Movies, Romantic Movies,NULL,NULL,NULL,NULL,NULL
s4617,Children & Family Movies, Dramas,NULL,NULL,NULL,NULL,NULL,NULL
s4618,Dramas, Independent Movies, International Movies,NULL,NULL,NULL,NULL,NULL
s4619,Action & Adventure, International Movies, Sci-Fi & Fantasy,NULL,NULL,NULL,NULL,NULL
s4620,Action & Adventure, Dramas,NULL,NULL,NULL,NULL,NULL,NULL
s4621,Documentaries,NULL,NULL,NULL,NULL,NULL,NULL,NULL
s4622,International TV Shows, Reality TV, Spanish-Language TV Shows,NULL,NULL,NULL,NULL,NULL
s4623,Kids' TV,NULL,NULL,NULL,NULL,NULL,NULL,NULL
s4624,Kids' TV, TV Comedies,NULL,NULL,NULL,NULL,NULL,NULL
s4625,Horror Movies, International Movies,NULL,NULL,NULL,NULL,NULL,NULL
s4626,Documentaries, International Movies,NULL,NULL,NULL,NULL,NULL,NULL
s4627,Independent Movies, International Movies, Thrillers,NULL,NULL,NULL,NULL,NULL
s4628,Reality TV, Science & Nature TV, TV Action & Adventure,NULL,NULL,NULL,NULL,NULL
s4629,Anime Series, International TV Shows,NULL,NULL,NULL,NULL,NULL,NULL
s4630,TV Comedies, TV Dramas, TV Mysteries,NULL,NULL,NULL,NULL,NULL
s4631,Documentaries, Music & Musicals,NULL,NULL,NULL,NULL,NULL,NULL
s4632,Stand-Up Comedy,NULL,NULL,NULL,NULL,NULL,NULL,NULL
s4633,Crime TV Shows, TV Comedies, TV Dramas,NULL,NULL,NULL,NULL,NULL
s4634,Anime Series, International TV Shows,NULL,NULL,NULL,NULL,NULL,NULL
s4635,Kids' TV,NULL,NULL,NULL,NULL,NULL,NULL,NULL
s4636,Crime TV Shows, International TV Shows, TV Dramas,NULL,NULL,NULL,NULL,NULL
s4637,Crime TV Shows, TV Comedies, Teen TV Shows,NULL,NULL,NULL,NULL,NULL
s4638,Docuseries, International TV Shows, Spanish-Language TV Shows,NULL,NULL,NULL,NULL,NULL
s4639,Crime TV Shows, International TV Shows, Spanish-Language TV Shows,NULL,NULL,NULL,NULL,NULL
s4640,Stand-Up Comedy & Talk Shows, TV Comedies,NULL,NULL,NULL,NULL,NULL,NULL
s4641,Kids' TV,NULL,NULL,NULL,NULL,NULL,NULL,NULL
s4642,Dramas, International Movies, Thrillers,NULL,NULL,NULL,NULL,NULL
s4643,Comedies, Dramas, Independent Movies,NULL,NULL,NULL,NULL,NULL
s4644,International TV Shows, Romantic TV Shows, TV Action & Adventure,NULL,NULL,NULL,NULL,NULL
s4645,Documentaries,NULL,NULL,NULL,NULL,NULL,NULL,NULL
s4646,International TV Shows, Korean TV Shows, TV Dramas,NULL,NULL,NULL,NULL,NULL
s4647,Dramas, International Movies,NULL,NULL,NULL,NULL,NULL,NULL
s4648,Stand-Up Comedy & Talk Shows, TV Comedies,NULL,NULL,NULL,NULL,NULL,NULL
s4649,Docuseries, Kids' TV, Science & Nature TV,NULL,NULL,NULL,NULL,NULL
s4650,Dramas, International Movies,NULL,NULL,NULL,NULL,NULL,NULL
s4651,International TV Shows, TV Comedies,NULL,NULL,NULL,NULL,NULL,NULL
s4652,Kids' TV,NULL,NULL,NULL,NULL,NULL,NULL,NULL
s4653,Kids' TV,NULL,NULL,NULL,NULL,NULL,NULL,NULL
s4654,Documentaries,NULL,NULL,NULL,NULL,NULL,NULL,NULL
s4655,Docuseries,NULL,NULL,NULL,NULL,NULL,NULL,NULL
s4656,Crime TV Shows, TV Action & Adventure, TV Dramas,NULL,NULL,NULL,NULL,NULL
s4657,Children & Family Movies, Comedies, Sci-Fi & Fantasy,NULL,NULL,NULL,NULL,NULL
s4658,Comedies, Romantic Movies,NULL,NULL,NULL,NULL,NULL,NULL
s4659,Kids' TV,NULL,NULL,NULL,NULL,NULL,NULL,NULL
s4660,Dramas, International Movies, Thrillers,NULL,NULL,NULL,NULL,NULL
s4661,Comedies, Dramas, International Movies,NULL,NULL,NULL,NULL,NULL
s4662,Action & Adventure,NULL,NULL,NULL,NULL,NULL,NULL,NULL
s4663,Crime TV Shows, International TV Shows, TV Action & Adventure,NULL,NULL,NULL,NULL,NULL
s4664,Crime TV Shows, TV Dramas, TV Mysteries,NULL,NULL,NULL,NULL,NULL
s4665,Crime TV Shows, International TV Shows, TV Dramas,NULL,NULL,NULL,NULL,NULL
s4666,Dramas, International Movies, Thrillers,NULL,NULL,NULL,NULL,NULL
s4667,Dramas, Independent Movies, International Movies,NULL,NULL,NULL,NULL,NULL
s4668,Dramas, Independent Movies, International Movies,NULL,NULL,NULL,NULL,NULL
s4669,Dramas, Independent Movies, International Movies,NULL,NULL,NULL,NULL,NULL
s4670,Dramas, Independent Movies, International Movies,NULL,NULL,NULL,NULL,NULL
s4671,International TV Shows, TV Comedies, TV Dramas,NULL,NULL,NULL,NULL,NULL
s4672,Dramas, International Movies, Sports Movies,NULL,NULL,NULL,NULL,NULL
s4673,International TV Shows, Spanish-Language TV Shows, TV Dramas,NULL,NULL,NULL,NULL,NULL
s4674,Crime TV Shows, Docuseries, International TV Shows,NULL,NULL,NULL,NULL,NULL
s4675,Stand-Up Comedy & Talk Shows, TV Comedies,NULL,NULL,NULL,NULL,NULL,NULL
s4676,Comedies, International Movies, Romantic Movies,NULL,NULL,NULL,NULL,NULL
s4677,Reality TV,NULL,NULL,NULL,NULL,NULL,NULL,NULL
s4678,Reality TV, Spanish-Language TV Shows,NULL,NULL,NULL,NULL,NULL,NULL
s4679,Crime TV Shows, International TV Shows, Spanish-Language TV Shows,NULL,NULL,NULL,NULL,NULL
s4680,Action & Adventure, International Movies,NULL,NULL,NULL,NULL,NULL,NULL
s4681,Comedies, International Movies, Romantic Movies,NULL,NULL,NULL,NULL,NULL
s4682,Action & Adventure, International Movies,NULL,NULL,NULL,NULL,NULL,NULL
s4683,Docuseries,NULL,NULL,NULL,NULL,NULL,NULL,NULL
s4684,Stand-Up Comedy,NULL,NULL,NULL,NULL,NULL,NULL,NULL
s4685,Stand-Up Comedy,NULL,NULL,NULL,NULL,NULL,NULL,NULL
s4686,International TV Shows, TV Dramas, TV Horror,NULL,NULL,NULL,NULL,NULL
s4687,Comedies,NULL,NULL,NULL,NULL,NULL,NULL,NULL
s4688,International TV Shows, TV Comedies, TV Dramas,NULL,NULL,NULL,NULL,NULL
s4689,Comedies, Music & Musicals,NULL,NULL,NULL,NULL,NULL,NULL
s4690,British TV Shows, International TV Shows, Romantic TV Shows,NULL,NULL,NULL,NULL,NULL
s4691,Comedies, Dramas, International Movies,NULL,NULL,NULL,NULL,NULL
s4692,Action & Adventure, Dramas, International Movies,NULL,NULL,NULL,NULL,NULL
s4693,Dramas, International Movies, Thrillers,NULL,NULL,NULL,NULL,NULL
s4694,Dramas, International Movies, Romantic Movies,NULL,NULL,NULL,NULL,NULL
s4695,Comedies, Dramas, International Movies,NULL,NULL,NULL,NULL,NULL
s4696,Comedies,NULL,NULL,NULL,NULL,NULL,NULL,NULL
s4697,Reality TV,NULL,NULL,NULL,NULL,NULL,NULL,NULL
s4698,Comedies, Dramas, International Movies,NULL,NULL,NULL,NULL,NULL
s4699,Comedies, International Movies, Romantic Movies,NULL,NULL,NULL,NULL,NULL
s4700,Stand-Up Comedy,NULL,NULL,NULL,NULL,NULL,NULL,NULL
s4701,Dramas, International Movies, Sci-Fi & Fantasy,NULL,NULL,NULL,NULL,NULL
s4702,Comedies, Dramas, Independent Movies,NULL,NULL,NULL,NULL,NULL
s4703,Docuseries, International TV Shows, Science & Nature TV,NULL,NULL,NULL,NULL,NULL
s4704,Docuseries, Reality TV, Science & Nature TV,NULL,NULL,NULL,NULL,NULL
s4705,TV Comedies,NULL,NULL,NULL,NULL,NULL,NULL,NULL
s4706,Dramas, Romantic Movies,NULL,NULL,NULL,NULL,NULL,NULL
s4707,Comedies,NULL,NULL,NULL,NULL,NULL,NULL,NULL
s4708,Documentaries, Sports Movies,NULL,NULL,NULL,NULL,NULL,NULL
s4709,Dramas, International Movies, Thrillers,NULL,NULL,NULL,NULL,NULL
s4710,TV Dramas, TV Horror, TV Mysteries,NULL,NULL,NULL,NULL,NULL
s4711,International TV Shows, Romantic TV Shows, TV Dramas,NULL,NULL,NULL,NULL,NULL
s4712,International TV Shows, TV Dramas, TV Mysteries,NULL,NULL,NULL,NULL,NULL
s4713,Comedies, Dramas, International Movies,NULL,NULL,NULL,NULL,NULL
s4714,Action & Adventure, International Movies,NULL,NULL,NULL,NULL,NULL,NULL
s4715,Comedies, Dramas, International Movies,NULL,NULL,NULL,NULL,NULL
s4716,Anime Features, International Movies, Romantic Movies,NULL,NULL,NULL,NULL,NULL
s4717,Crime TV Shows, International TV Shows, Spanish-Language TV Shows,NULL,NULL,NULL,NULL,NULL
s4718,Kids' TV,NULL,NULL,NULL,NULL,NULL,NULL,NULL
s4719,Comedies, Dramas,NULL,NULL,NULL,NULL,NULL,NULL
s4720,Dramas, International Movies, Thrillers,NULL,NULL,NULL,NULL,NULL
s4721,Children & Family Movies, Comedies, Dramas,NULL,NULL,NULL,NULL,NULL
s4722,Dramas, International Movies,NULL,NULL,NULL,NULL,NULL,NULL
s4723,Dramas, International Movies, Romantic Movies,NULL,NULL,NULL,NULL,NULL
s4724,Dramas, International Movies, Music & Musicals,NULL,NULL,NULL,NULL,NULL
s4725,Dramas, International Movies,NULL,NULL,NULL,NULL,NULL,NULL
s4726,Dramas, International Movies, Romantic Movies,NULL,NULL,NULL,NULL,NULL
s4727,Action & Adventure, Dramas, International Movies,NULL,NULL,NULL,NULL,NULL
s4728,Comedies, International Movies, Music & Musicals,NULL,NULL,NULL,NULL,NULL
s4729,Comedies, International Movies, Music & Musicals,NULL,NULL,NULL,NULL,NULL
s4730,International Movies, Music & Musicals, Romantic Movies,NULL,NULL,NULL,NULL,NULL
s4731,Action & Adventure, Dramas, International Movies,NULL,NULL,NULL,NULL,NULL
s4732,Dramas, International Movies, Thrillers,NULL,NULL,NULL,NULL,NULL
s4733,Dramas, International Movies,NULL,NULL,NULL,NULL,NULL,NULL
s4734,Action & Adventure, Comedies, International Movies,NULL,NULL,NULL,NULL,NULL
s4735,Dramas, International Movies, Romantic Movies,NULL,NULL,NULL,NULL,NULL
s4736,Comedies, International Movies, Romantic Movies,NULL,NULL,NULL,NULL,NULL
s4737,Comedies, International Movies, Romantic Movies,NULL,NULL,NULL,NULL,NULL
s4738,Children & Family Movies, Dramas, Independent Movies,NULL,NULL,NULL,NULL,NULL
s4739,Docuseries, International TV Shows,NULL,NULL,NULL,NULL,NULL,NULL
s4740,Documentaries,NULL,NULL,NULL,NULL,NULL,NULL,NULL
s4741,Dramas, Independent Movies, International Movies,NULL,NULL,NULL,NULL,NULL
s4742,International TV Shows, TV Dramas, TV Mysteries,NULL,NULL,NULL,NULL,NULL
s4743,International TV Shows, Romantic TV Shows, TV Dramas,NULL,NULL,NULL,NULL,NULL
s4744,International TV Shows, TV Comedies,NULL,NULL,NULL,NULL,NULL,NULL
s4745,Anime Series, International TV Shows,NULL,NULL,NULL,NULL,NULL,NULL
s4746,Movies,NULL,NULL,NULL,NULL,NULL,NULL,NULL
s4747,Comedies,NULL,NULL,NULL,NULL,NULL,NULL,NULL
s4748,TV Comedies,NULL,NULL,NULL,NULL,NULL,NULL,NULL
s4749,Comedies, Horror Movies, International Movies,NULL,NULL,NULL,NULL,NULL
s4750,Stand-Up Comedy,NULL,NULL,NULL,NULL,NULL,NULL,NULL
s4751,Crime TV Shows, Spanish-Language TV Shows, TV Action & Adventure,NULL,NULL,NULL,NULL,NULL
s4752,Action & Adventure, Dramas, Sci-Fi & Fantasy,NULL,NULL,NULL,NULL,NULL
s4753,Crime TV Shows, International TV Shows, TV Action & Adventure,NULL,NULL,NULL,NULL,NULL
s4754,Documentaries,NULL,NULL,NULL,NULL,NULL,NULL,NULL
s4755,International TV Shows, TV Comedies, TV Dramas,NULL,NULL,NULL,NULL,NULL
s4756,Dramas, International Movies,NULL,NULL,NULL,NULL,NULL,NULL
s4757,Stand-Up Comedy,NULL,NULL,NULL,NULL,NULL,NULL,NULL
s4758,International Movies, Thrillers,NULL,NULL,NULL,NULL,NULL,NULL
s4759,British TV Shows, International TV Shows, Reality TV,NULL,NULL,NULL,NULL,NULL
s4760,Docuseries, International TV Shows,NULL,NULL,NULL,NULL,NULL,NULL
s4761,Children & Family Movies, Comedies,NULL,NULL,NULL,NULL,NULL,NULL
s4762,Comedies,NULL,NULL,NULL,NULL,NULL,NULL,NULL
s4763,Kids' TV, TV Comedies,NULL,NULL,NULL,NULL,NULL,NULL
s4764,International TV Shows, TV Comedies, TV Dramas,NULL,NULL,NULL,NULL,NULL
s4765,Kids' TV,NULL,NULL,NULL,NULL,NULL,NULL,NULL
s4766,Dramas, Faith & Spirituality, International Movies,NULL,NULL,NULL,NULL,NULL
s4767,Comedies, International Movies,NULL,NULL,NULL,NULL,NULL,NULL
s4768,Docuseries, International TV Shows, Spanish-Language TV Shows,NULL,NULL,NULL,NULL,NULL
s4769,Documentaries, International Movies, Music & Musicals,NULL,NULL,NULL,NULL,NULL
s4770,Action & Adventure, Anime Features, International Movies,NULL,NULL,NULL,NULL,NULL
s4771,Children & Family Movies, Dramas, International Movies,NULL,NULL,NULL,NULL,NULL
s4772,Stand-Up Comedy & Talk Shows, TV Comedies,NULL,NULL,NULL,NULL,NULL,NULL
s4773,International TV Shows, Romantic TV Shows, TV Dramas,NULL,NULL,NULL,NULL,NULL
s4774,Action & Adventure, Sci-Fi & Fantasy,NULL,NULL,NULL,NULL,NULL,NULL
s4775,Stand-Up Comedy,NULL,NULL,NULL,NULL,NULL,NULL,NULL
s4776,Horror Movies, Independent Movies, International Movies,NULL,NULL,NULL,NULL,NULL
s4777,International TV Shows, TV Action & Adventure, TV Dramas,NULL,NULL,NULL,NULL,NULL
s4778,British TV Shows, International TV Shows, Reality TV,NULL,NULL,NULL,NULL,NULL
s4779,Crime TV Shows, Docuseries,NULL,NULL,NULL,NULL,NULL,NULL
s4780,International TV Shows, Korean TV Shows, Romantic TV Shows,NULL,NULL,NULL,NULL,NULL
s4781,Docuseries, International TV Shows,NULL,NULL,NULL,NULL,NULL,NULL
s4782,Stand-Up Comedy,NULL,NULL,NULL,NULL,NULL,NULL,NULL
s4783,Action & Adventure, Comedies, Dramas,NULL,NULL,NULL,NULL,NULL
s4784,Dramas, Independent Movies, International Movies,NULL,NULL,NULL,NULL,NULL
s4785,Children & Family Movies, Dramas,NULL,NULL,NULL,NULL,NULL,NULL
s4786,Stand-Up Comedy,NULL,NULL,NULL,NULL,NULL,NULL,NULL
s4787,Stand-Up Comedy,NULL,NULL,NULL,NULL,NULL,NULL,NULL
s4788,Stand-Up Comedy,NULL,NULL,NULL,NULL,NULL,NULL,NULL
s4789,Stand-Up Comedy,NULL,NULL,NULL,NULL,NULL,NULL,NULL
s4790,Comedies, Dramas, International Movies,NULL,NULL,NULL,NULL,NULL
s4791,Comedies, Dramas, International Movies,NULL,NULL,NULL,NULL,NULL
s4792,Stand-Up Comedy,NULL,NULL,NULL,NULL,NULL,NULL,NULL
s4793,Dramas, International Movies, Romantic Movies,NULL,NULL,NULL,NULL,NULL
s4794,Comedies, Dramas, International Movies,NULL,NULL,NULL,NULL,NULL
s4795,Dramas, Independent Movies, LGBTQ Movies,NULL,NULL,NULL,NULL,NULL
s4796,Children & Family Movies, Comedies, Dramas,NULL,NULL,NULL,NULL,NULL
s4797,Dramas, International Movies, Thrillers,NULL,NULL,NULL,NULL,NULL
s4798,Comedies, Dramas, International Movies,NULL,NULL,NULL,NULL,NULL
s4799,Crime TV Shows, TV Dramas, TV Mysteries,NULL,NULL,NULL,NULL,NULL
s4800,Horror Movies, International Movies,NULL,NULL,NULL,NULL,NULL,NULL
s4801,Comedies, Dramas, International Movies,NULL,NULL,NULL,NULL,NULL
s4802,Documentaries, Music & Musicals,NULL,NULL,NULL,NULL,NULL,NULL
s4803,Dramas, Independent Movies, International Movies,NULL,NULL,NULL,NULL,NULL
s4804,Stand-Up Comedy,NULL,NULL,NULL,NULL,NULL,NULL,NULL
s4805,Crime TV Shows, TV Dramas, TV Mysteries,NULL,NULL,NULL,NULL,NULL
s4806,Horror Movies, Independent Movies, International Movies,NULL,NULL,NULL,NULL,NULL
s4807,Dramas, International Movies, Thrillers,NULL,NULL,NULL,NULL,NULL
s4808,British TV Shows, International TV Shows, Reality TV,NULL,NULL,NULL,NULL,NULL
s4809,Stand-Up Comedy,NULL,NULL,NULL,NULL,NULL,NULL,NULL
s4810,British TV Shows, Crime TV Shows, International TV Shows,NULL,NULL,NULL,NULL,NULL
s4811,Comedies, Dramas, International Movies,NULL,NULL,NULL,NULL,NULL
s4812,Documentaries,NULL,NULL,NULL,NULL,NULL,NULL,NULL
s4813,Sci-Fi & Fantasy, Thrillers,NULL,NULL,NULL,NULL,NULL,NULL
s4814,Kids' TV, TV Comedies,NULL,NULL,NULL,NULL,NULL,NULL
s4815,Stand-Up Comedy,NULL,NULL,NULL,NULL,NULL,NULL,NULL
s4816,International TV Shows, TV Comedies,NULL,NULL,NULL,NULL,NULL,NULL
s4817,Action & Adventure, Anime Features, Sci-Fi & Fantasy,NULL,NULL,NULL,NULL,NULL
s4818,Comedies, International Movies, LGBTQ Movies,NULL,NULL,NULL,NULL,NULL
s4819,TV Dramas,NULL,NULL,NULL,NULL,NULL,NULL,NULL
s4820,Dramas, Independent Movies, International Movies,NULL,NULL,NULL,NULL,NULL
s4821,International Movies,NULL,NULL,NULL,NULL,NULL,NULL,NULL
s4822,Crime TV Shows, TV Action & Adventure, TV Dramas,NULL,NULL,NULL,NULL,NULL
s4823,Dramas, International Movies, Romantic Movies,NULL,NULL,NULL,NULL,NULL
s4824,Stand-Up Comedy,NULL,NULL,NULL,NULL,NULL,NULL,NULL
s4825,International TV Shows, Spanish-Language TV Shows, TV Comedies,NULL,NULL,NULL,NULL,NULL
s4826,Comedies, Dramas, International Movies,NULL,NULL,NULL,NULL,NULL
s4827,Comedies, International Movies,NULL,NULL,NULL,NULL,NULL,NULL
s4828,Documentaries, International Movies,NULL,NULL,NULL,NULL,NULL,NULL
s4829,Comedies, Romantic Movies,NULL,NULL,NULL,NULL,NULL,NULL
s4830,Dramas, Independent Movies, International Movies,NULL,NULL,NULL,NULL,NULL
s4831,Dramas, International Movies,NULL,NULL,NULL,NULL,NULL,NULL
s4832,Kids' TV,NULL,NULL,NULL,NULL,NULL,NULL,NULL
s4833,Kids' TV,NULL,NULL,NULL,NULL,NULL,NULL,NULL
s4834,Comedies, Dramas, Independent Movies,NULL,NULL,NULL,NULL,NULL
s4835,Comedies, Independent Movies, International Movies,NULL,NULL,NULL,NULL,NULL
s4836,Stand-Up Comedy,NULL,NULL,NULL,NULL,NULL,NULL,NULL
s4837,Crime TV Shows, Docuseries, TV Mysteries,NULL,NULL,NULL,NULL,NULL
s4838,TV Dramas,NULL,NULL,NULL,NULL,NULL,NULL,NULL
s4839,Anime Series, Kids' TV,NULL,NULL,NULL,NULL,NULL,NULL
s4840,Dramas, International Movies,NULL,NULL,NULL,NULL,NULL,NULL
s4841,Dramas, International Movies, Thrillers,NULL,NULL,NULL,NULL,NULL
s4842,Crime TV Shows, Docuseries, International TV Shows,NULL,NULL,NULL,NULL,NULL
s4843,Dramas, Independent Movies,NULL,NULL,NULL,NULL,NULL,NULL
s4844,Documentaries, International Movies, Sports Movies,NULL,NULL,NULL,NULL,NULL
s4845,TV Comedies,NULL,NULL,NULL,NULL,NULL,NULL,NULL
s4846,TV Comedies,NULL,NULL,NULL,NULL,NULL,NULL,NULL
s4847,Stand-Up Comedy & Talk Shows, TV Comedies,NULL,NULL,NULL,NULL,NULL,NULL
s4848,Dramas, International Movies, Thrillers,NULL,NULL,NULL,NULL,NULL
s4849,International TV Shows, Korean TV Shows, Romantic TV Shows,NULL,NULL,NULL,NULL,NULL
s4850,Stand-Up Comedy,NULL,NULL,NULL,NULL,NULL,NULL,NULL
s4851,Comedies, Romantic Movies,NULL,NULL,NULL,NULL,NULL,NULL
s4852,Stand-Up Comedy,NULL,NULL,NULL,NULL,NULL,NULL,NULL
s4853,Kids' TV, TV Action & Adventure, TV Sci-Fi & Fantasy,NULL,NULL,NULL,NULL,NULL
s4854,International TV Shows, TV Action & Adventure, TV Comedies,NULL,NULL,NULL,NULL,NULL
s4855,Stand-Up Comedy,NULL,NULL,NULL,NULL,NULL,NULL,NULL
s4856,Comedies, International Movies, Romantic Movies,NULL,NULL,NULL,NULL,NULL
s4857,Kids' TV,NULL,NULL,NULL,NULL,NULL,NULL,NULL
s4858,Crime TV Shows, Kids' TV, TV Comedies,NULL,NULL,NULL,NULL,NULL
s4859,Stand-Up Comedy,NULL,NULL,NULL,NULL,NULL,NULL,NULL
s4860,Documentaries, International Movies,NULL,NULL,NULL,NULL,NULL,NULL
s4861,Action & Adventure, Dramas, International Movies,NULL,NULL,NULL,NULL,NULL
s4862,Action & Adventure, Anime Features, Classic Movies,NULL,NULL,NULL,NULL,NULL
s4863,Anime Series, International TV Shows,NULL,NULL,NULL,NULL,NULL,NULL
s4864,Stand-Up Comedy,NULL,NULL,NULL,NULL,NULL,NULL,NULL
s4865,Comedies, Independent Movies,NULL,NULL,NULL,NULL,NULL,NULL
s4866,Stand-Up Comedy & Talk Shows,NULL,NULL,NULL,NULL,NULL,NULL,NULL
s4867,Stand-Up Comedy,NULL,NULL,NULL,NULL,NULL,NULL,NULL
s4868,Crime TV Shows, Docuseries, TV Mysteries,NULL,NULL,NULL,NULL,NULL
s4869,Comedies, Romantic Movies,NULL,NULL,NULL,NULL,NULL,NULL
s4870,Kids' TV, TV Comedies,NULL,NULL,NULL,NULL,NULL,NULL
s4871,Stand-Up Comedy,NULL,NULL,NULL,NULL,NULL,NULL,NULL
s4872,Comedies, International Movies,NULL,NULL,NULL,NULL,NULL,NULL
s4873,Horror Movies,NULL,NULL,NULL,NULL,NULL,NULL,NULL
s4874,Children & Family Movies, Comedies, Music & Musicals,NULL,NULL,NULL,NULL,NULL
s4875,Stand-Up Comedy & Talk Shows, TV Comedies,NULL,NULL,NULL,NULL,NULL,NULL
s4876,Dramas, Sci-Fi & Fantasy, Thrillers,NULL,NULL,NULL,NULL,NULL
s4877,Stand-Up Comedy,NULL,NULL,NULL,NULL,NULL,NULL,NULL
s4878,Documentaries,NULL,NULL,NULL,NULL,NULL,NULL,NULL
s4879,Dramas, International Movies,NULL,NULL,NULL,NULL,NULL,NULL
s4880,Kids' TV,NULL,NULL,NULL,NULL,NULL,NULL,NULL
s4881,Comedies, International Movies, Romantic Movies,NULL,NULL,NULL,NULL,NULL
s4882,Action & Adventure, International Movies,NULL,NULL,NULL,NULL,NULL,NULL
s4883,Comedies, Dramas, International Movies,NULL,NULL,NULL,NULL,NULL
s4884,Comedies, International Movies,NULL,NULL,NULL,NULL,NULL,NULL
s4885,Action & Adventure, International Movies,NULL,NULL,NULL,NULL,NULL,NULL
s4886,Dramas, International Movies,NULL,NULL,NULL,NULL,NULL,NULL
s4887,Action & Adventure, Dramas, Independent Movies,NULL,NULL,NULL,NULL,NULL
s4888,Documentaries, International Movies,NULL,NULL,NULL,NULL,NULL,NULL
s4889,Action & Adventure, Independent Movies,NULL,NULL,NULL,NULL,NULL,NULL
s4890,Comedies, International Movies,NULL,NULL,NULL,NULL,NULL,NULL
s4891,Stand-Up Comedy,NULL,NULL,NULL,NULL,NULL,NULL,NULL
s4892,Comedies, International Movies, Romantic Movies,NULL,NULL,NULL,NULL,NULL
s4893,Movies,NULL,NULL,NULL,NULL,NULL,NULL,NULL
s4894,Movies,NULL,NULL,NULL,NULL,NULL,NULL,NULL
s4895,Movies,NULL,NULL,NULL,NULL,NULL,NULL,NULL
s4896,Movies,NULL,NULL,NULL,NULL,NULL,NULL,NULL
s4897,Movies,NULL,NULL,NULL,NULL,NULL,NULL,NULL
s4898,Movies,NULL,NULL,NULL,NULL,NULL,NULL,NULL
s4899,Kids' TV,NULL,NULL,NULL,NULL,NULL,NULL,NULL
s4900,Dramas, International Movies,NULL,NULL,NULL,NULL,NULL,NULL
s4901,International TV Shows, Stand-Up Comedy & Talk Shows,NULL,NULL,NULL,NULL,NULL,NULL
s4902,Comedies, Dramas, Independent Movies,NULL,NULL,NULL,NULL,NULL
s4903,Comedies, International Movies,NULL,NULL,NULL,NULL,NULL,NULL
s4904,International TV Shows, TV Dramas,NULL,NULL,NULL,NULL,NULL,NULL
s4905,Comedies, International Movies, Romantic Movies,NULL,NULL,NULL,NULL,NULL
s4906,Dramas, International Movies,NULL,NULL,NULL,NULL,NULL,NULL
s4907,Docuseries,NULL,NULL,NULL,NULL,NULL,NULL,NULL
s4908,Children & Family Movies, Dramas, Romantic Movies,NULL,NULL,NULL,NULL,NULL
s4909,International TV Shows, TV Dramas, TV Horror,NULL,NULL,NULL,NULL,NULL
s4910,Comedies, International Movies, Sports Movies,NULL,NULL,NULL,NULL,NULL
s4911,International TV Shows, TV Dramas,NULL,NULL,NULL,NULL,NULL,NULL
s4912,Documentaries,NULL,NULL,NULL,NULL,NULL,NULL,NULL
s4913,Comedies,NULL,NULL,NULL,NULL,NULL,NULL,NULL
s4914,International TV Shows, Romantic TV Shows, TV Comedies,NULL,NULL,NULL,NULL,NULL
s4915,International TV Shows, TV Dramas,NULL,NULL,NULL,NULL,NULL,NULL
s4916,Stand-Up Comedy,NULL,NULL,NULL,NULL,NULL,NULL,NULL
s4917,Documentaries,NULL,NULL,NULL,NULL,NULL,NULL,NULL
s4918,Children & Family Movies,NULL,NULL,NULL,NULL,NULL,NULL,NULL
s4919,Action & Adventure, Comedies, International Movies,NULL,NULL,NULL,NULL,NULL
s4920,Stand-Up Comedy,NULL,NULL,NULL,NULL,NULL,NULL,NULL
s4921,Comedies, Dramas, Independent Movies,NULL,NULL,NULL,NULL,NULL
s4922,Comedies, Dramas,NULL,NULL,NULL,NULL,NULL,NULL
s4923,Documentaries,NULL,NULL,NULL,NULL,NULL,NULL,NULL
s4924,Comedies, Dramas, International Movies,NULL,NULL,NULL,NULL,NULL
s4925,International TV Shows, TV Dramas,NULL,NULL,NULL,NULL,NULL,NULL
s4926,Crime TV Shows, International TV Shows, TV Dramas,NULL,NULL,NULL,NULL,NULL
s4927,Stand-Up Comedy & Talk Shows, TV Comedies,NULL,NULL,NULL,NULL,NULL,NULL
s4928,Action & Adventure, Sci-Fi & Fantasy,NULL,NULL,NULL,NULL,NULL,NULL
s4929,Dramas, Faith & Spirituality, Independent Movies,NULL,NULL,NULL,NULL,NULL
s4930,Comedies, International Movies, Romantic Movies,NULL,NULL,NULL,NULL,NULL
s4931,Kids' TV,NULL,NULL,NULL,NULL,NULL,NULL,NULL
s4932,Dramas, Independent Movies, International Movies,NULL,NULL,NULL,NULL,NULL
s4933,Stand-Up Comedy,NULL,NULL,NULL,NULL,NULL,NULL,NULL
s4934,International TV Shows, TV Dramas,NULL,NULL,NULL,NULL,NULL,NULL
s4935,Dramas, Independent Movies,NULL,NULL,NULL,NULL,NULL,NULL
s4936,Dramas, Independent Movies, Sports Movies,NULL,NULL,NULL,NULL,NULL
s4937,Dramas, International Movies, Sci-Fi & Fantasy,NULL,NULL,NULL,NULL,NULL
s4938,Documentaries, Faith & Spirituality,NULL,NULL,NULL,NULL,NULL,NULL
s4939,Stand-Up Comedy,NULL,NULL,NULL,NULL,NULL,NULL,NULL
s4940,Comedies, Dramas, Independent Movies,NULL,NULL,NULL,NULL,NULL
s4941,Stand-Up Comedy,NULL,NULL,NULL,NULL,NULL,NULL,NULL
s4942,British TV Shows, International TV Shows, Romantic TV Shows,NULL,NULL,NULL,NULL,NULL
s4943,Kids' TV,NULL,NULL,NULL,NULL,NULL,NULL,NULL
s4944,Horror Movies, Independent Movies,NULL,NULL,NULL,NULL,NULL,NULL
s4945,Stand-Up Comedy,NULL,NULL,NULL,NULL,NULL,NULL,NULL
s4946,Dramas, International Movies, Thrillers,NULL,NULL,NULL,NULL,NULL
s4947,TV Action & Adventure, TV Sci-Fi & Fantasy,NULL,NULL,NULL,NULL,NULL,NULL
s4948,Dramas, International Movies, Thrillers,NULL,NULL,NULL,NULL,NULL
s4949,Dramas, International Movies,NULL,NULL,NULL,NULL,NULL,NULL
s4950,Crime TV Shows, International TV Shows, TV Comedies,NULL,NULL,NULL,NULL,NULL
s4951,Stand-Up Comedy,NULL,NULL,NULL,NULL,NULL,NULL,NULL
s4952,British TV Shows, International TV Shows, TV Comedies,NULL,NULL,NULL,NULL,NULL
s4953,Action & Adventure, Comedies, Dramas,NULL,NULL,NULL,NULL,NULL
s4954,Dramas, International Movies, Thrillers,NULL,NULL,NULL,NULL,NULL
s4955,Comedies, Dramas, International Movies,NULL,NULL,NULL,NULL,NULL
s4956,Dramas, International Movies, Romantic Movies,NULL,NULL,NULL,NULL,NULL
s4957,Comedies, Dramas, International Movies,NULL,NULL,NULL,NULL,NULL
s4958,British TV Shows, International TV Shows, Romantic TV Shows,NULL,NULL,NULL,NULL,NULL
s4959,Action & Adventure, Sci-Fi & Fantasy,NULL,NULL,NULL,NULL,NULL,NULL
s4960,Dramas, Independent Movies, Sports Movies,NULL,NULL,NULL,NULL,NULL
s4961,Comedies, Romantic Movies,NULL,NULL,NULL,NULL,NULL,NULL
s4962,Docuseries,NULL,NULL,NULL,NULL,NULL,NULL,NULL
s4963,Stand-Up Comedy,NULL,NULL,NULL,NULL,NULL,NULL,NULL
s4964,Dramas, Sci-Fi & Fantasy, Thrillers,NULL,NULL,NULL,NULL,NULL
s4965,Classic & Cult TV, Crime TV Shows, International TV Shows,NULL,NULL,NULL,NULL,NULL
s4966,Comedies, Cult Movies,NULL,NULL,NULL,NULL,NULL,NULL
s4967,Comedies, Cult Movies,NULL,NULL,NULL,NULL,NULL,NULL
s4968,Docuseries,NULL,NULL,NULL,NULL,NULL,NULL,NULL
s4969,British TV Shows, International TV Shows, Stand-Up Comedy & Talk Shows,NULL,NULL,NULL,NULL,NULL
s4970,Dramas, International Movies, Thrillers,NULL,NULL,NULL,NULL,NULL
s4971,Action & Adventure, Comedies,NULL,NULL,NULL,NULL,NULL,NULL
s4972,Dramas, International Movies,NULL,NULL,NULL,NULL,NULL,NULL
s4973,Dramas, Independent Movies, Music & Musicals,NULL,NULL,NULL,NULL,NULL
s4974,British TV Shows, International TV Shows, TV Dramas,NULL,NULL,NULL,NULL,NULL
s4975,Dramas, Music & Musicals,NULL,NULL,NULL,NULL,NULL,NULL
s4976,Dramas, International Movies, Music & Musicals,NULL,NULL,NULL,NULL,NULL
s4977,Stand-Up Comedy & Talk Shows, TV Comedies,NULL,NULL,NULL,NULL,NULL,NULL
s4978,Children & Family Movies, Dramas,NULL,NULL,NULL,NULL,NULL,NULL
s4979,International TV Shows, Spanish-Language TV Shows, TV Dramas,NULL,NULL,NULL,NULL,NULL
s4980,Documentaries,NULL,NULL,NULL,NULL,NULL,NULL,NULL
s4981,Crime TV Shows, Docuseries,NULL,NULL,NULL,NULL,NULL,NULL
s4982,Stand-Up Comedy,NULL,NULL,NULL,NULL,NULL,NULL,NULL
s4983,Anime Features, Children & Family Movies, International Movies,NULL,NULL,NULL,NULL,NULL
s4984,Comedies, Dramas, International Movies,NULL,NULL,NULL,NULL,NULL
s4985,International TV Shows, Romantic TV Shows, TV Dramas,NULL,NULL,NULL,NULL,NULL
s4986,International TV Shows, TV Dramas, TV Mysteries,NULL,NULL,NULL,NULL,NULL
s4987,Dramas, International Movies,NULL,NULL,NULL,NULL,NULL,NULL
s4988,Action & Adventure, Dramas, International Movies,NULL,NULL,NULL,NULL,NULL
s4989,Anime Series, International TV Shows,NULL,NULL,NULL,NULL,NULL,NULL
s4990,Stand-Up Comedy,NULL,NULL,NULL,NULL,NULL,NULL,NULL
s4991,Children & Family Movies,NULL,NULL,NULL,NULL,NULL,NULL,NULL
s4992,Anime Series, International TV Shows,NULL,NULL,NULL,NULL,NULL,NULL
s4993,British TV Shows, Crime TV Shows, International TV Shows,NULL,NULL,NULL,NULL,NULL
s4994,Dramas, Thrillers,NULL,NULL,NULL,NULL,NULL,NULL
s4995,Crime TV Shows, International TV Shows, Korean TV Shows,NULL,NULL,NULL,NULL,NULL
s4996,Documentaries, International Movies, Sports Movies,NULL,NULL,NULL,NULL,NULL
s4997,International Movies, Thrillers,NULL,NULL,NULL,NULL,NULL,NULL
s4998,Crime TV Shows, International TV Shows, TV Dramas,NULL,NULL,NULL,NULL,NULL
s4999,Stand-Up Comedy,NULL,NULL,NULL,NULL,NULL,NULL,NULL
s5000,Children & Family Movies, Documentaries,NULL,NULL,NULL,NULL,NULL,NULL
s5001,Docuseries, Science & Nature TV,NULL,NULL,NULL,NULL,NULL,NULL
s5002,Stand-Up Comedy,NULL,NULL,NULL,NULL,NULL,NULL,NULL
s5003,Stand-Up Comedy,NULL,NULL,NULL,NULL,NULL,NULL,NULL
s5004,Horror Movies, International Movies,NULL,NULL,NULL,NULL,NULL,NULL
s5005,Crime TV Shows, International TV Shows, TV Dramas,NULL,NULL,NULL,NULL,NULL
s5006,Stand-Up Comedy,NULL,NULL,NULL,NULL,NULL,NULL,NULL
s5007,Action & Adventure, Independent Movies, Sci-Fi & Fantasy,NULL,NULL,NULL,NULL,NULL
s5008,Dramas, International Movies, Romantic Movies,NULL,NULL,NULL,NULL,NULL
s5009,Dramas, International Movies,NULL,NULL,NULL,NULL,NULL,NULL
s5010,Action & Adventure, Comedies, International Movies,NULL,NULL,NULL,NULL,NULL
s5011,Dramas, Music & Musicals, Romantic Movies,NULL,NULL,NULL,NULL,NULL
s5012,Comedies, International Movies,NULL,NULL,NULL,NULL,NULL,NULL
s5013,Dramas, International Movies, Romantic Movies,NULL,NULL,NULL,NULL,NULL
s5014,Comedies, Independent Movies, International Movies,NULL,NULL,NULL,NULL,NULL
s5015,Dramas, International Movies,NULL,NULL,NULL,NULL,NULL,NULL
s5016,Comedies, International Movies,NULL,NULL,NULL,NULL,NULL,NULL
s5017,Movies,NULL,NULL,NULL,NULL,NULL,NULL,NULL
s5018,Movies,NULL,NULL,NULL,NULL,NULL,NULL,NULL
s5019,Comedies, Cult Movies,NULL,NULL,NULL,NULL,NULL,NULL
s5020,Movies,NULL,NULL,NULL,NULL,NULL,NULL,NULL
s5021,Comedies, Independent Movies, International Movies,NULL,NULL,NULL,NULL,NULL
s5022,Dramas, International Movies,NULL,NULL,NULL,NULL,NULL,NULL
s5023,Dramas, International Movies, Thrillers,NULL,NULL,NULL,NULL,NULL
s5024,Movies,NULL,NULL,NULL,NULL,NULL,NULL,NULL
s5025,Stand-Up Comedy,NULL,NULL,NULL,NULL,NULL,NULL,NULL
s5026,Horror Movies, International Movies, Thrillers,NULL,NULL,NULL,NULL,NULL
s5027,International TV Shows, Romantic TV Shows, TV Comedies,NULL,NULL,NULL,NULL,NULL
s5028,International TV Shows, TV Dramas, TV Thrillers,NULL,NULL,NULL,NULL,NULL
s5029,Sci-Fi & Fantasy, Thrillers,NULL,NULL,NULL,NULL,NULL,NULL
s5030,Crime TV Shows, TV Dramas,NULL,NULL,NULL,NULL,NULL,NULL
s5031,British TV Shows, Docuseries, International TV Shows,NULL,NULL,NULL,NULL,NULL
s5032,Dramas, International Movies, Thrillers,NULL,NULL,NULL,NULL,NULL
s5033,British TV Shows, Crime TV Shows, International TV Shows,NULL,NULL,NULL,NULL,NULL
s5034,Action & Adventure, Dramas, International Movies,NULL,NULL,NULL,NULL,NULL
s5035,Stand-Up Comedy,NULL,NULL,NULL,NULL,NULL,NULL,NULL
s5036,Kids' TV, TV Action & Adventure,NULL,NULL,NULL,NULL,NULL,NULL
s5037,TV Comedies, TV Dramas, Teen TV Shows,NULL,NULL,NULL,NULL,NULL
s5038,Dramas, Romantic Movies,NULL,NULL,NULL,NULL,NULL,NULL
s5039,International TV Shows, TV Dramas, TV Mysteries,NULL,NULL,NULL,NULL,NULL
s5040,Stand-Up Comedy,NULL,NULL,NULL,NULL,NULL,NULL,NULL
s5041,Comedies, International Movies, Romantic Movies,NULL,NULL,NULL,NULL,NULL
s5042,Documentaries,NULL,NULL,NULL,NULL,NULL,NULL,NULL
s5043,Horror Movies, International Movies, Thrillers,NULL,NULL,NULL,NULL,NULL
s5044,Documentaries, International Movies,NULL,NULL,NULL,NULL,NULL,NULL
s5045,Comedies, Romantic Movies,NULL,NULL,NULL,NULL,NULL,NULL
s5046,Music & Musicals, Stand-Up Comedy,NULL,NULL,NULL,NULL,NULL,NULL
s5047,TV Action & Adventure, TV Dramas,NULL,NULL,NULL,NULL,NULL,NULL
s5048,Action & Adventure, Sci-Fi & Fantasy,NULL,NULL,NULL,NULL,NULL,NULL
s5049,Docuseries, Reality TV,NULL,NULL,NULL,NULL,NULL,NULL
s5050,Stand-Up Comedy,NULL,NULL,NULL,NULL,NULL,NULL,NULL
s5051,Dramas, International Movies, Romantic Movies,NULL,NULL,NULL,NULL,NULL
s5052,Comedies, Dramas, International Movies,NULL,NULL,NULL,NULL,NULL
s5053,Documentaries,NULL,NULL,NULL,NULL,NULL,NULL,NULL
s5054,Dramas, Independent Movies, Romantic Movies,NULL,NULL,NULL,NULL,NULL
s5055,Crime TV Shows, Docuseries, International TV Shows,NULL,NULL,NULL,NULL,NULL
s5056,Documentaries, International Movies,NULL,NULL,NULL,NULL,NULL,NULL
s5057,Stand-Up Comedy,NULL,NULL,NULL,NULL,NULL,NULL,NULL
s5058,British TV Shows, Crime TV Shows, International TV Shows,NULL,NULL,NULL,NULL,NULL
s5059,Comedies, Dramas, Faith & Spirituality,NULL,NULL,NULL,NULL,NULL
s5060,Comedies,NULL,NULL,NULL,NULL,NULL,NULL,NULL
s5061,Stand-Up Comedy,NULL,NULL,NULL,NULL,NULL,NULL,NULL
s5062,Stand-Up Comedy,NULL,NULL,NULL,NULL,NULL,NULL,NULL
s5063,Stand-Up Comedy,NULL,NULL,NULL,NULL,NULL,NULL,NULL
s5064,Kids' TV, TV Comedies,NULL,NULL,NULL,NULL,NULL,NULL
s5065,Action & Adventure, International Movies,NULL,NULL,NULL,NULL,NULL,NULL
s5066,International TV Shows, Korean TV Shows, TV Comedies,NULL,NULL,NULL,NULL,NULL
s5067,Stand-Up Comedy,NULL,NULL,NULL,NULL,NULL,NULL,NULL
s5068,Stand-Up Comedy,NULL,NULL,NULL,NULL,NULL,NULL,NULL
s5069,Documentaries, International Movies,NULL,NULL,NULL,NULL,NULL,NULL
s5070,TV Action & Adventure, TV Dramas, TV Sci-Fi & Fantasy,NULL,NULL,NULL,NULL,NULL
s5071,International TV Shows, Romantic TV Shows, TV Dramas,NULL,NULL,NULL,NULL,NULL
s5072,Stand-Up Comedy,NULL,NULL,NULL,NULL,NULL,NULL,NULL
s5073,Comedies,NULL,NULL,NULL,NULL,NULL,NULL,NULL
s5074,Horror Movies, Thrillers,NULL,NULL,NULL,NULL,NULL,NULL
s5075,Independent Movies, International Movies, Thrillers,NULL,NULL,NULL,NULL,NULL
s5076,International TV Shows, Romantic TV Shows, Spanish-Language TV Shows,NULL,NULL,NULL,NULL,NULL
s5077,Stand-Up Comedy,NULL,NULL,NULL,NULL,NULL,NULL,NULL
s5078,TV Shows,NULL,NULL,NULL,NULL,NULL,NULL,NULL
s5079,Stand-Up Comedy,NULL,NULL,NULL,NULL,NULL,NULL,NULL
s5080,Action & Adventure, International Movies, Sci-Fi & Fantasy,NULL,NULL,NULL,NULL,NULL
s5081,Dramas, International Movies, Music & Musicals,NULL,NULL,NULL,NULL,NULL
s5082,Children & Family Movies, Dramas, Sports Movies,NULL,NULL,NULL,NULL,NULL
s5083,TV Comedies,NULL,NULL,NULL,NULL,NULL,NULL,NULL
s5084,Dramas, International Movies,NULL,NULL,NULL,NULL,NULL,NULL
s5085,Comedies, Independent Movies,NULL,NULL,NULL,NULL,NULL,NULL
s5086,Documentaries, International Movies,NULL,NULL,NULL,NULL,NULL,NULL
s5087,Stand-Up Comedy,NULL,NULL,NULL,NULL,NULL,NULL,NULL
s5088,Stand-Up Comedy,NULL,NULL,NULL,NULL,NULL,NULL,NULL
s5089,Horror Movies, International Movies, Thrillers,NULL,NULL,NULL,NULL,NULL
s5090,International TV Shows, Romantic TV Shows, TV Comedies,NULL,NULL,NULL,NULL,NULL
s5091,Classic & Cult TV, TV Comedies,NULL,NULL,NULL,NULL,NULL,NULL
s5092,Horror Movies, Thrillers,NULL,NULL,NULL,NULL,NULL,NULL
s5093,Anime Series, International TV Shows, TV Horror,NULL,NULL,NULL,NULL,NULL
s5094,Comedies, Dramas, Independent Movies,NULL,NULL,NULL,NULL,NULL
s5095,Documentaries, International Movies,NULL,NULL,NULL,NULL,NULL,NULL
s5096,Anime Series, International TV Shows,NULL,NULL,NULL,NULL,NULL,NULL
s5097,Anime Series, International TV Shows,NULL,NULL,NULL,NULL,NULL,NULL
s5098,British TV Shows, International TV Shows, Romantic TV Shows,NULL,NULL,NULL,NULL,NULL
s5099,Anime Series, Kids' TV,NULL,NULL,NULL,NULL,NULL,NULL
s5100,Crime TV Shows, International TV Shows, TV Dramas,NULL,NULL,NULL,NULL,NULL
s5101,Stand-Up Comedy & Talk Shows, TV Comedies,NULL,NULL,NULL,NULL,NULL,NULL
s5102,Comedies, International Movies,NULL,NULL,NULL,NULL,NULL,NULL
s5103,Comedies, International Movies, Sports Movies,NULL,NULL,NULL,NULL,NULL
s5104,Crime TV Shows, International TV Shows, TV Dramas,NULL,NULL,NULL,NULL,NULL
s5105,Action & Adventure, Comedies, Dramas,NULL,NULL,NULL,NULL,NULL
s5106,International TV Shows, TV Dramas,NULL,NULL,NULL,NULL,NULL,NULL
s5107,Children & Family Movies, Music & Musicals,NULL,NULL,NULL,NULL,NULL,NULL
s5108,Comedies, Independent Movies,NULL,NULL,NULL,NULL,NULL,NULL
s5109,Stand-Up Comedy,NULL,NULL,NULL,NULL,NULL,NULL,NULL
s5110,International TV Shows, Korean TV Shows, TV Comedies,NULL,NULL,NULL,NULL,NULL
s5111,Horror Movies, Independent Movies, Thrillers,NULL,NULL,NULL,NULL,NULL
s5112,British TV Shows, Docuseries,NULL,NULL,NULL,NULL,NULL,NULL
s5113,Docuseries, International TV Shows, Science & Nature TV,NULL,NULL,NULL,NULL,NULL
s5114,Action & Adventure, Sci-Fi & Fantasy,NULL,NULL,NULL,NULL,NULL,NULL
s5115,Dramas, International Movies, Romantic Movies,NULL,NULL,NULL,NULL,NULL
s5116,Children & Family Movies, Comedies,NULL,NULL,NULL,NULL,NULL,NULL
s5117,Documentaries,NULL,NULL,NULL,NULL,NULL,NULL,NULL
s5118,Stand-Up Comedy,NULL,NULL,NULL,NULL,NULL,NULL,NULL
s5119,Crime TV Shows, International TV Shows, TV Comedies,NULL,NULL,NULL,NULL,NULL
s5120,International TV Shows, Korean TV Shows, Romantic TV Shows,NULL,NULL,NULL,NULL,NULL
s5121,International TV Shows, Stand-Up Comedy & Talk Shows, TV Comedies,NULL,NULL,NULL,NULL,NULL
s5122,Dramas, International Movies, Romantic Movies,NULL,NULL,NULL,NULL,NULL
s5123,Comedies, Dramas, International Movies,NULL,NULL,NULL,NULL,NULL
s5124,Comedies, Independent Movies,NULL,NULL,NULL,NULL,NULL,NULL
s5125,Comedies, Dramas, International Movies,NULL,NULL,NULL,NULL,NULL
s5126,Crime TV Shows, Docuseries,NULL,NULL,NULL,NULL,NULL,NULL
s5127,TV Dramas,NULL,NULL,NULL,NULL,NULL,NULL,NULL
s5128,Stand-Up Comedy,NULL,NULL,NULL,NULL,NULL,NULL,NULL
s5129,International TV Shows, TV Dramas,NULL,NULL,NULL,NULL,NULL,NULL
s5130,Comedies, Dramas,NULL,NULL,NULL,NULL,NULL,NULL
s5131,Action & Adventure, International Movies,NULL,NULL,NULL,NULL,NULL,NULL
s5132,Dramas, International Movies, Music & Musicals,NULL,NULL,NULL,NULL,NULL
s5133,Documentaries, Faith & Spirituality,NULL,NULL,NULL,NULL,NULL,NULL
s5134,Children & Family Movies, Comedies, Music & Musicals,NULL,NULL,NULL,NULL,NULL
s5135,Stand-Up Comedy,NULL,NULL,NULL,NULL,NULL,NULL,NULL
s5136,Comedies, International Movies, Romantic Movies,NULL,NULL,NULL,NULL,NULL
s5137,Horror Movies, Independent Movies,NULL,NULL,NULL,NULL,NULL,NULL
s5138,Children & Family Movies, Comedies,NULL,NULL,NULL,NULL,NULL,NULL
s5139,Kids' TV, TV Comedies,NULL,NULL,NULL,NULL,NULL,NULL
s5140,International TV Shows, TV Dramas,NULL,NULL,NULL,NULL,NULL,NULL
s5141,Children & Family Movies, Comedies, Music & Musicals,NULL,NULL,NULL,NULL,NULL
s5142,International TV Shows, TV Comedies,NULL,NULL,NULL,NULL,NULL,NULL
s5143,Children & Family Movies,NULL,NULL,NULL,NULL,NULL,NULL,NULL
s5144,Dramas, Independent Movies, International Movies,NULL,NULL,NULL,NULL,NULL
s5145,Kids' TV, TV Comedies,NULL,NULL,NULL,NULL,NULL,NULL
s5146,International TV Shows, Romantic TV Shows, TV Dramas,NULL,NULL,NULL,NULL,NULL
s5147,International Movies, Sci-Fi & Fantasy, Thrillers,NULL,NULL,NULL,NULL,NULL
s5148,TV Dramas,NULL,NULL,NULL,NULL,NULL,NULL,NULL
s5149,Documentaries,NULL,NULL,NULL,NULL,NULL,NULL,NULL
s5150,British TV Shows, International TV Shows, TV Comedies,NULL,NULL,NULL,NULL,NULL
s5151,British TV Shows, Crime TV Shows, International TV Shows,NULL,NULL,NULL,NULL,NULL
s5152,Comedies, International Movies,NULL,NULL,NULL,NULL,NULL,NULL
s5153,Documentaries,NULL,NULL,NULL,NULL,NULL,NULL,NULL
s5154,Dramas, Independent Movies, International Movies,NULL,NULL,NULL,NULL,NULL
s5155,International TV Shows, Romantic TV Shows, TV Dramas,NULL,NULL,NULL,NULL,NULL
s5156,International TV Shows, TV Comedies,NULL,NULL,NULL,NULL,NULL,NULL
s5157,TV Shows,NULL,NULL,NULL,NULL,NULL,NULL,NULL
s5158,International TV Shows, Korean TV Shows, TV Dramas,NULL,NULL,NULL,NULL,NULL
s5159,Music & Musicals,NULL,NULL,NULL,NULL,NULL,NULL,NULL
s5160,TV Dramas,NULL,NULL,NULL,NULL,NULL,NULL,NULL
s5161,Children & Family Movies, Music & Musicals,NULL,NULL,NULL,NULL,NULL,NULL
s5162,Stand-Up Comedy,NULL,NULL,NULL,NULL,NULL,NULL,NULL
s5163,Documentaries,NULL,NULL,NULL,NULL,NULL,NULL,NULL
s5164,Children & Family Movies, Dramas, Romantic Movies,NULL,NULL,NULL,NULL,NULL
s5165,Documentaries,NULL,NULL,NULL,NULL,NULL,NULL,NULL
s5166,Crime TV Shows, TV Dramas,NULL,NULL,NULL,NULL,NULL,NULL
s5167,Kids' TV,NULL,NULL,NULL,NULL,NULL,NULL,NULL
s5168,Dramas, Independent Movies,NULL,NULL,NULL,NULL,NULL,NULL
s5169,Reality TV,NULL,NULL,NULL,NULL,NULL,NULL,NULL
s5170,Anime Series, International TV Shows, Teen TV Shows,NULL,NULL,NULL,NULL,NULL
s5171,Crime TV Shows, International TV Shows, TV Dramas,NULL,NULL,NULL,NULL,NULL
s5172,Stand-Up Comedy,NULL,NULL,NULL,NULL,NULL,NULL,NULL
s5173,Action & Adventure, Comedies, International Movies,NULL,NULL,NULL,NULL,NULL
s5174,International TV Shows, TV Action & Adventure, TV Comedies,NULL,NULL,NULL,NULL,NULL
s5175,Anime Series, Kids' TV,NULL,NULL,NULL,NULL,NULL,NULL
s5176,TV Comedies,NULL,NULL,NULL,NULL,NULL,NULL,NULL
s5177,Stand-Up Comedy,NULL,NULL,NULL,NULL,NULL,NULL,NULL
s5178,Action & Adventure, International Movies,NULL,NULL,NULL,NULL,NULL,NULL
s5179,Anime Series, International TV Shows,NULL,NULL,NULL,NULL,NULL,NULL
s5180,Documentaries,NULL,NULL,NULL,NULL,NULL,NULL,NULL
s5181,Kids' TV,NULL,NULL,NULL,NULL,NULL,NULL,NULL
s5182,Dramas,NULL,NULL,NULL,NULL,NULL,NULL,NULL
s5183,Documentaries,NULL,NULL,NULL,NULL,NULL,NULL,NULL
s5184,Comedies, Dramas, International Movies,NULL,NULL,NULL,NULL,NULL
s5185,International TV Shows, TV Dramas,NULL,NULL,NULL,NULL,NULL,NULL
s5186,Crime TV Shows, International TV Shows, TV Dramas,NULL,NULL,NULL,NULL,NULL
s5187,Action & Adventure, Dramas, International Movies,NULL,NULL,NULL,NULL,NULL
s5188,International Movies, Thrillers,NULL,NULL,NULL,NULL,NULL,NULL
s5189,Action & Adventure, Dramas, International Movies,NULL,NULL,NULL,NULL,NULL
s5190,Children & Family Movies, Comedies,NULL,NULL,NULL,NULL,NULL,NULL
s5191,Action & Adventure, Dramas, International Movies,NULL,NULL,NULL,NULL,NULL
s5192,International TV Shows, TV Dramas,NULL,NULL,NULL,NULL,NULL,NULL
s5193,International TV Shows, TV Dramas,NULL,NULL,NULL,NULL,NULL,NULL
s5194,International TV Shows, TV Dramas,NULL,NULL,NULL,NULL,NULL,NULL
s5195,Crime TV Shows, International TV Shows, TV Action & Adventure,NULL,NULL,NULL,NULL,NULL
s5196,International TV Shows, TV Dramas,NULL,NULL,NULL,NULL,NULL,NULL
s5197,Stand-Up Comedy,NULL,NULL,NULL,NULL,NULL,NULL,NULL
s5198,Documentaries,NULL,NULL,NULL,NULL,NULL,NULL,NULL
s5199,Dramas, Romantic Movies, Sports Movies,NULL,NULL,NULL,NULL,NULL
s5200,Children & Family Movies, Comedies,NULL,NULL,NULL,NULL,NULL,NULL
s5201,Stand-Up Comedy & Talk Shows, TV Mysteries, TV Sci-Fi & Fantasy,NULL,NULL,NULL,NULL,NULL
s5202,Documentaries,NULL,NULL,NULL,NULL,NULL,NULL,NULL
s5203,Dramas, Independent Movies,NULL,NULL,NULL,NULL,NULL,NULL
s5204,Action & Adventure, Thrillers,NULL,NULL,NULL,NULL,NULL,NULL
s5205,Stand-Up Comedy,NULL,NULL,NULL,NULL,NULL,NULL,NULL
s5206,TV Dramas, TV Horror, TV Mysteries,NULL,NULL,NULL,NULL,NULL
s5207,British TV Shows, TV Comedies,NULL,NULL,NULL,NULL,NULL,NULL
s5208,Dramas, Thrillers,NULL,NULL,NULL,NULL,NULL,NULL
s5209,TV Comedies, Teen TV Shows,NULL,NULL,NULL,NULL,NULL,NULL
s5210,Documentaries,NULL,NULL,NULL,NULL,NULL,NULL,NULL
s5211,Crime TV Shows, Docuseries, International TV Shows,NULL,NULL,NULL,NULL,NULL
s5212,Action & Adventure,NULL,NULL,NULL,NULL,NULL,NULL,NULL
s5213,Comedies, International Movies, Romantic Movies,NULL,NULL,NULL,NULL,NULL
s5214,Stand-Up Comedy,NULL,NULL,NULL,NULL,NULL,NULL,NULL
s5215,Action & Adventure, International Movies,NULL,NULL,NULL,NULL,NULL,NULL
s5216,International TV Shows, Romantic TV Shows, TV Dramas,NULL,NULL,NULL,NULL,NULL
s5217,International TV Shows, Romantic TV Shows, TV Comedies,NULL,NULL,NULL,NULL,NULL
s5218,Dramas, International Movies, Music & Musicals,NULL,NULL,NULL,NULL,NULL
s5219,Documentaries, International Movies,NULL,NULL,NULL,NULL,NULL,NULL
s5220,Kids' TV,NULL,NULL,NULL,NULL,NULL,NULL,NULL
s5221,Comedies, Dramas, International Movies,NULL,NULL,NULL,NULL,NULL
s5222,Docuseries, Reality TV,NULL,NULL,NULL,NULL,NULL,NULL
s5223,Comedies, Dramas, International Movies,NULL,NULL,NULL,NULL,NULL
s5224,Dramas, International Movies,NULL,NULL,NULL,NULL,NULL,NULL
s5225,Stand-Up Comedy,NULL,NULL,NULL,NULL,NULL,NULL,NULL
s5226,Documentaries,NULL,NULL,NULL,NULL,NULL,NULL,NULL
s5227,Comedies, Horror Movies,NULL,NULL,NULL,NULL,NULL,NULL
s5228,Comedies, Dramas, Independent Movies,NULL,NULL,NULL,NULL,NULL
s5229,Comedies, International Movies, Romantic Movies,NULL,NULL,NULL,NULL,NULL
s5230,Comedies, Independent Movies, International Movies,NULL,NULL,NULL,NULL,NULL
s5231,Stand-Up Comedy,NULL,NULL,NULL,NULL,NULL,NULL,NULL
s5232,Anime Series, International TV Shows,NULL,NULL,NULL,NULL,NULL,NULL
s5233,Kids' TV,NULL,NULL,NULL,NULL,NULL,NULL,NULL
s5234,Documentaries, LGBTQ Movies,NULL,NULL,NULL,NULL,NULL,NULL
s5235,Stand-Up Comedy,NULL,NULL,NULL,NULL,NULL,NULL,NULL
s5236,Dramas, International Movies, Thrillers,NULL,NULL,NULL,NULL,NULL
s5237,Anime Series, Kids' TV,NULL,NULL,NULL,NULL,NULL,NULL
s5238,Kids' TV, TV Comedies,NULL,NULL,NULL,NULL,NULL,NULL
s5239,Comedies, International Movies,NULL,NULL,NULL,NULL,NULL,NULL
s5240,Documentaries, International Movies,NULL,NULL,NULL,NULL,NULL,NULL
s5241,Documentaries, Sports Movies,NULL,NULL,NULL,NULL,NULL,NULL
s5242,Children & Family Movies, Comedies,NULL,NULL,NULL,NULL,NULL,NULL
s5243,International TV Shows, TV Dramas,NULL,NULL,NULL,NULL,NULL,NULL
s5244,Kids' TV,NULL,NULL,NULL,NULL,NULL,NULL,NULL
s5245,Classic & Cult TV, TV Action & Adventure, TV Sci-Fi & Fantasy,NULL,NULL,NULL,NULL,NULL
s5246,TV Action & Adventure, TV Sci-Fi & Fantasy,NULL,NULL,NULL,NULL,NULL,NULL
s5247,International TV Shows, Romantic TV Shows, TV Dramas,NULL,NULL,NULL,NULL,NULL
s5248,International TV Shows, Romantic TV Shows, TV Dramas,NULL,NULL,NULL,NULL,NULL
s5249,Dramas, International Movies,NULL,NULL,NULL,NULL,NULL,NULL
s5250,Dramas, Independent Movies, International Movies,NULL,NULL,NULL,NULL,NULL
s5251,International TV Shows, TV Dramas,NULL,NULL,NULL,NULL,NULL,NULL
s5252,British TV Shows, Docuseries, International TV Shows,NULL,NULL,NULL,NULL,NULL
s5253,Horror Movies, Thrillers,NULL,NULL,NULL,NULL,NULL,NULL
s5254,Documentaries,NULL,NULL,NULL,NULL,NULL,NULL,NULL
s5255,International TV Shows, TV Comedies, TV Dramas,NULL,NULL,NULL,NULL,NULL
s5256,Dramas, Romantic Movies,NULL,NULL,NULL,NULL,NULL,NULL
s5257,Documentaries, International Movies,NULL,NULL,NULL,NULL,NULL,NULL
s5258,British TV Shows, Docuseries, International TV Shows,NULL,NULL,NULL,NULL,NULL
s5259,TV Comedies,NULL,NULL,NULL,NULL,NULL,NULL,NULL
s5260,International TV Shows, TV Dramas,NULL,NULL,NULL,NULL,NULL,NULL
s5261,Dramas, Independent Movies, International Movies,NULL,NULL,NULL,NULL,NULL
s5262,Stand-Up Comedy,NULL,NULL,NULL,NULL,NULL,NULL,NULL
s5263,International TV Shows, Reality TV,NULL,NULL,NULL,NULL,NULL,NULL
s5264,TV Sci-Fi & Fantasy, TV Thrillers,NULL,NULL,NULL,NULL,NULL,NULL
s5265,Comedies, International Movies,NULL,NULL,NULL,NULL,NULL,NULL
s5266,Comedies, Horror Movies, International Movies,NULL,NULL,NULL,NULL,NULL
s5267,Documentaries, Music & Musicals,NULL,NULL,NULL,NULL,NULL,NULL
s5268,Dramas, Independent Movies, Thrillers,NULL,NULL,NULL,NULL,NULL
s5269,Stand-Up Comedy,NULL,NULL,NULL,NULL,NULL,NULL,NULL
s5270,Children & Family Movies,NULL,NULL,NULL,NULL,NULL,NULL,NULL
s5271,Dramas,NULL,NULL,NULL,NULL,NULL,NULL,NULL
s5272,Documentaries,NULL,NULL,NULL,NULL,NULL,NULL,NULL
s5273,Kids' TV,NULL,NULL,NULL,NULL,NULL,NULL,NULL
s5274,Children & Family Movies, Documentaries,NULL,NULL,NULL,NULL,NULL,NULL
s5275,TV Comedies, TV Dramas,NULL,NULL,NULL,NULL,NULL,NULL
s5276,Documentaries,NULL,NULL,NULL,NULL,NULL,NULL,NULL
s5277,Stand-Up Comedy,NULL,NULL,NULL,NULL,NULL,NULL,NULL
s5278,Comedies,NULL,NULL,NULL,NULL,NULL,NULL,NULL
s5279,Crime TV Shows, International TV Shows, Spanish-Language TV Shows,NULL,NULL,NULL,NULL,NULL
s5280,Stand-Up Comedy,NULL,NULL,NULL,NULL,NULL,NULL,NULL
s5281,Docuseries, Science & Nature TV,NULL,NULL,NULL,NULL,NULL,NULL
s5282,Stand-Up Comedy,NULL,NULL,NULL,NULL,NULL,NULL,NULL
s5283,Comedies, Dramas,NULL,NULL,NULL,NULL,NULL,NULL
s5284,Stand-Up Comedy,NULL,NULL,NULL,NULL,NULL,NULL,NULL
s5285,Romantic TV Shows, TV Comedies, TV Dramas,NULL,NULL,NULL,NULL,NULL
s5286,TV Dramas,NULL,NULL,NULL,NULL,NULL,NULL,NULL
s5287,Crime TV Shows, TV Dramas, TV Mysteries,NULL,NULL,NULL,NULL,NULL
s5288,TV Dramas, TV Mysteries, TV Sci-Fi & Fantasy,NULL,NULL,NULL,NULL,NULL
s5289,International TV Shows, TV Comedies, TV Dramas,NULL,NULL,NULL,NULL,NULL
s5290,International TV Shows, TV Dramas, TV Horror,NULL,NULL,NULL,NULL,NULL
s5291,Action & Adventure, International Movies,NULL,NULL,NULL,NULL,NULL,NULL
s5292,Documentaries, International Movies,NULL,NULL,NULL,NULL,NULL,NULL
s5293,Action & Adventure, Anime Features, International Movies,NULL,NULL,NULL,NULL,NULL
s5294,Action & Adventure, Anime Features, International Movies,NULL,NULL,NULL,NULL,NULL
s5295,Dramas, Independent Movies,NULL,NULL,NULL,NULL,NULL,NULL
s5296,Comedies, International Movies, Romantic Movies,NULL,NULL,NULL,NULL,NULL
s5297,Dramas, International Movies, Music & Musicals,NULL,NULL,NULL,NULL,NULL
s5298,International TV Shows, TV Dramas,NULL,NULL,NULL,NULL,NULL,NULL
s5299,Anime Series, International TV Shows,NULL,NULL,NULL,NULL,NULL,NULL
s5300,Docuseries, Reality TV,NULL,NULL,NULL,NULL,NULL,NULL
s5301,Action & Adventure, International Movies,NULL,NULL,NULL,NULL,NULL,NULL
s5302,Kids' TV,NULL,NULL,NULL,NULL,NULL,NULL,NULL
s5303,Comedies, Horror Movies,NULL,NULL,NULL,NULL,NULL,NULL
s5304,Comedies, International Movies, Music & Musicals,NULL,NULL,NULL,NULL,NULL
s5305,Action & Adventure, Dramas, International Movies,NULL,NULL,NULL,NULL,NULL
s5306,Crime TV Shows, TV Action & Adventure, TV Dramas,NULL,NULL,NULL,NULL,NULL
s5307,Action & Adventure, Comedies, International Movies,NULL,NULL,NULL,NULL,NULL
s5308,Documentaries, Sports Movies,NULL,NULL,NULL,NULL,NULL,NULL
s5309,Documentaries, International Movies,NULL,NULL,NULL,NULL,NULL,NULL
s5310,Dramas, International Movies, Romantic Movies,NULL,NULL,NULL,NULL,NULL
s5311,Comedies, Dramas, International Movies,NULL,NULL,NULL,NULL,NULL
s5312,Children & Family Movies, Comedies,NULL,NULL,NULL,NULL,NULL,NULL
s5313,Documentaries, International Movies,NULL,NULL,NULL,NULL,NULL,NULL
s5314,Dramas, International Movies,NULL,NULL,NULL,NULL,NULL,NULL
s5315,Documentaries, International Movies,NULL,NULL,NULL,NULL,NULL,NULL
s5316,Stand-Up Comedy,NULL,NULL,NULL,NULL,NULL,NULL,NULL
s5317,Independent Movies, Thrillers,NULL,NULL,NULL,NULL,NULL,NULL
s5318,International Movies, Thrillers,NULL,NULL,NULL,NULL,NULL,NULL
s5319,Horror Movies, Thrillers,NULL,NULL,NULL,NULL,NULL,NULL
s5320,Stand-Up Comedy,NULL,NULL,NULL,NULL,NULL,NULL,NULL
s5321,Kids' TV,NULL,NULL,NULL,NULL,NULL,NULL,NULL
s5322,Crime TV Shows, TV Action & Adventure, TV Dramas,NULL,NULL,NULL,NULL,NULL
s5323,Documentaries, Sports Movies,NULL,NULL,NULL,NULL,NULL,NULL
s5324,Action & Adventure, Sci-Fi & Fantasy,NULL,NULL,NULL,NULL,NULL,NULL
s5325,Crime TV Shows, International TV Shows, TV Dramas,NULL,NULL,NULL,NULL,NULL
s5326,Music & Musicals, Stand-Up Comedy,NULL,NULL,NULL,NULL,NULL,NULL
s5327,Stand-Up Comedy,NULL,NULL,NULL,NULL,NULL,NULL,NULL
s5328,Crime TV Shows, International TV Shows, TV Dramas,NULL,NULL,NULL,NULL,NULL
s5329,Comedies,NULL,NULL,NULL,NULL,NULL,NULL,NULL
s5330,Dramas,NULL,NULL,NULL,NULL,NULL,NULL,NULL
s5331,Dramas, International Movies,NULL,NULL,NULL,NULL,NULL,NULL
s5332,Comedies, Romantic Movies,NULL,NULL,NULL,NULL,NULL,NULL
s5333,Horror Movies, Independent Movies,NULL,NULL,NULL,NULL,NULL,NULL
s5334,Action & Adventure,NULL,NULL,NULL,NULL,NULL,NULL,NULL
s5335,Action & Adventure, Dramas, International Movies,NULL,NULL,NULL,NULL,NULL
s5336,Action & Adventure, Dramas, International Movies,NULL,NULL,NULL,NULL,NULL
s5337,Action & Adventure, Dramas, International Movies,NULL,NULL,NULL,NULL,NULL
s5338,Action & Adventure, Dramas, International Movies,NULL,NULL,NULL,NULL,NULL
s5339,Action & Adventure, Dramas, International Movies,NULL,NULL,NULL,NULL,NULL
s5340,Action & Adventure, Dramas, International Movies,NULL,NULL,NULL,NULL,NULL
s5341,Children & Family Movies,NULL,NULL,NULL,NULL,NULL,NULL,NULL
s5342,Action & Adventure, International Movies, Sci-Fi & Fantasy,NULL,NULL,NULL,NULL,NULL
s5343,Stand-Up Comedy,NULL,NULL,NULL,NULL,NULL,NULL,NULL
s5344,Documentaries, Sports Movies,NULL,NULL,NULL,NULL,NULL,NULL
s5345,Independent Movies, Thrillers,NULL,NULL,NULL,NULL,NULL,NULL
s5346,TV Comedies,NULL,NULL,NULL,NULL,NULL,NULL,NULL
s5347,International Movies, Thrillers,NULL,NULL,NULL,NULL,NULL,NULL
s5348,International TV Shows, TV Dramas, TV Sci-Fi & Fantasy,NULL,NULL,NULL,NULL,NULL
s5349,Crime TV Shows, International TV Shows, TV Dramas,NULL,NULL,NULL,NULL,NULL
s5350,International TV Shows, TV Dramas,NULL,NULL,NULL,NULL,NULL,NULL
s5351,Crime TV Shows, International TV Shows, TV Dramas,NULL,NULL,NULL,NULL,NULL
s5352,Comedies, Dramas, International Movies,NULL,NULL,NULL,NULL,NULL
s5353,Crime TV Shows, International TV Shows, TV Dramas,NULL,NULL,NULL,NULL,NULL
s5354,Children & Family Movies, Comedies,NULL,NULL,NULL,NULL,NULL,NULL
s5355,International TV Shows, Romantic TV Shows, TV Dramas,NULL,NULL,NULL,NULL,NULL
s5356,Crime TV Shows, International TV Shows, Romantic TV Shows,NULL,NULL,NULL,NULL,NULL
s5357,International TV Shows, Romantic TV Shows, TV Comedies,NULL,NULL,NULL,NULL,NULL
s5358,Stand-Up Comedy,NULL,NULL,NULL,NULL,NULL,NULL,NULL
s5359,Comedies, Independent Movies, Music & Musicals,NULL,NULL,NULL,NULL,NULL
s5360,Children & Family Movies, Dramas, Sports Movies,NULL,NULL,NULL,NULL,NULL
s5361,Crime TV Shows, International TV Shows, Spanish-Language TV Shows,NULL,NULL,NULL,NULL,NULL
s5362,Dramas, Independent Movies, International Movies,NULL,NULL,NULL,NULL,NULL
s5363,International TV Shows, TV Dramas,NULL,NULL,NULL,NULL,NULL,NULL
s5364,British TV Shows, Classic & Cult TV, International TV Shows,NULL,NULL,NULL,NULL,NULL
s5365,Comedies, Dramas, International Movies,NULL,NULL,NULL,NULL,NULL
s5366,British TV Shows, Crime TV Shows, International TV Shows,NULL,NULL,NULL,NULL,NULL
s5367,British TV Shows, Docuseries, International TV Shows,NULL,NULL,NULL,NULL,NULL
s5368,Docuseries,NULL,NULL,NULL,NULL,NULL,NULL,NULL
s5369,Comedies, Independent Movies, Romantic Movies,NULL,NULL,NULL,NULL,NULL
s5370,Stand-Up Comedy,NULL,NULL,NULL,NULL,NULL,NULL,NULL
s5371,Documentaries, Music & Musicals,NULL,NULL,NULL,NULL,NULL,NULL
s5372,Stand-Up Comedy,NULL,NULL,NULL,NULL,NULL,NULL,NULL
s5373,Stand-Up Comedy & Talk Shows,NULL,NULL,NULL,NULL,NULL,NULL,NULL
s5374,Dramas, International Movies,NULL,NULL,NULL,NULL,NULL,NULL
s5375,Dramas, International Movies, Romantic Movies,NULL,NULL,NULL,NULL,NULL
s5376,Children & Family Movies, Comedies,NULL,NULL,NULL,NULL,NULL,NULL
s5377,Documentaries,NULL,NULL,NULL,NULL,NULL,NULL,NULL
s5378,Dramas, Independent Movies,NULL,NULL,NULL,NULL,NULL,NULL
s5379,Stand-Up Comedy,NULL,NULL,NULL,NULL,NULL,NULL,NULL
s5380,Stand-Up Comedy,NULL,NULL,NULL,NULL,NULL,NULL,NULL
s5381,Kids' TV,NULL,NULL,NULL,NULL,NULL,NULL,NULL
s5382,International TV Shows, TV Dramas, Teen TV Shows,NULL,NULL,NULL,NULL,NULL
s5383,International TV Shows, Romantic TV Shows, TV Dramas,NULL,NULL,NULL,NULL,NULL
s5384,International TV Shows, TV Dramas,NULL,NULL,NULL,NULL,NULL,NULL
s5385,International TV Shows, TV Dramas,NULL,NULL,NULL,NULL,NULL,NULL
s5386,Comedies, Independent Movies,NULL,NULL,NULL,NULL,NULL,NULL
s5387,International TV Shows, TV Action & Adventure, TV Dramas,NULL,NULL,NULL,NULL,NULL
s5388,Comedies, Dramas, International Movies,NULL,NULL,NULL,NULL,NULL
s5389,International TV Shows, TV Dramas, TV Mysteries,NULL,NULL,NULL,NULL,NULL
s5390,Children & Family Movies, Dramas, Sports Movies,NULL,NULL,NULL,NULL,NULL
s5391,Crime TV Shows, International TV Shows, TV Dramas,NULL,NULL,NULL,NULL,NULL
s5392,Dramas, International Movies, Music & Musicals,NULL,NULL,NULL,NULL,NULL
s5393,Kids' TV, TV Comedies,NULL,NULL,NULL,NULL,NULL,NULL
s5394,International TV Shows, TV Dramas,NULL,NULL,NULL,NULL,NULL,NULL
s5395,Stand-Up Comedy,NULL,NULL,NULL,NULL,NULL,NULL,NULL
s5396,International TV Shows, Romantic TV Shows, TV Dramas,NULL,NULL,NULL,NULL,NULL
s5397,Classic Movies, Dramas, International Movies,NULL,NULL,NULL,NULL,NULL
s5398,British TV Shows, Kids' TV,NULL,NULL,NULL,NULL,NULL,NULL
s5399,Dramas, Independent Movies, International Movies,NULL,NULL,NULL,NULL,NULL
s5400,International TV Shows, TV Dramas, TV Horror,NULL,NULL,NULL,NULL,NULL
s5401,Comedies, Dramas, International Movies,NULL,NULL,NULL,NULL,NULL
s5402,International TV Shows, Romantic TV Shows, TV Dramas,NULL,NULL,NULL,NULL,NULL
s5403,International Movies, Thrillers,NULL,NULL,NULL,NULL,NULL,NULL
s5404,International TV Shows, Romantic TV Shows, TV Dramas,NULL,NULL,NULL,NULL,NULL
s5405,Crime TV Shows, International TV Shows, TV Dramas,NULL,NULL,NULL,NULL,NULL
s5406,International TV Shows, TV Dramas,NULL,NULL,NULL,NULL,NULL,NULL
s5407,Crime TV Shows, International TV Shows, TV Dramas,NULL,NULL,NULL,NULL,NULL
s5408,International TV Shows, TV Dramas,NULL,NULL,NULL,NULL,NULL,NULL
s5409,Dramas, International Movies,NULL,NULL,NULL,NULL,NULL,NULL
s5410,International TV Shows, TV Dramas,NULL,NULL,NULL,NULL,NULL,NULL
s5411,International TV Shows, Romantic TV Shows, TV Comedies,NULL,NULL,NULL,NULL,NULL
s5412,Children & Family Movies, Comedies,NULL,NULL,NULL,NULL,NULL,NULL
s5413,Crime TV Shows, TV Dramas, TV Mysteries,NULL,NULL,NULL,NULL,NULL
s5414,TV Dramas,NULL,NULL,NULL,NULL,NULL,NULL,NULL
s5415,Anime Series, International TV Shows,NULL,NULL,NULL,NULL,NULL,NULL
s5416,Action & Adventure, Comedies, Dramas,NULL,NULL,NULL,NULL,NULL
s5417,Stand-Up Comedy,NULL,NULL,NULL,NULL,NULL,NULL,NULL
s5418,Dramas, LGBTQ Movies,NULL,NULL,NULL,NULL,NULL,NULL
s5419,Documentaries,NULL,NULL,NULL,NULL,NULL,NULL,NULL
s5420,Dramas, Thrillers,NULL,NULL,NULL,NULL,NULL,NULL
s5421,Dramas, International Movies, Sports Movies,NULL,NULL,NULL,NULL,NULL
s5422,TV Comedies,NULL,NULL,NULL,NULL,NULL,NULL,NULL
s5423,Kids' TV, TV Comedies,NULL,NULL,NULL,NULL,NULL,NULL
s5424,Children & Family Movies, Comedies,NULL,NULL,NULL,NULL,NULL,NULL
s5425,Stand-Up Comedy,NULL,NULL,NULL,NULL,NULL,NULL,NULL
s5426,Crime TV Shows, TV Dramas,NULL,NULL,NULL,NULL,NULL,NULL
s5427,Documentaries, Sports Movies,NULL,NULL,NULL,NULL,NULL,NULL
s5428,Documentaries,NULL,NULL,NULL,NULL,NULL,NULL,NULL
s5429,Kids' TV,NULL,NULL,NULL,NULL,NULL,NULL,NULL
s5430,Comedies, Dramas, International Movies,NULL,NULL,NULL,NULL,NULL
s5431,Stand-Up Comedy,NULL,NULL,NULL,NULL,NULL,NULL,NULL
s5432,Documentaries,NULL,NULL,NULL,NULL,NULL,NULL,NULL
s5433,Stand-Up Comedy,NULL,NULL,NULL,NULL,NULL,NULL,NULL
s5434,International TV Shows, Korean TV Shows, Romantic TV Shows,NULL,NULL,NULL,NULL,NULL
s5435,International TV Shows, Korean TV Shows, Romantic TV Shows,NULL,NULL,NULL,NULL,NULL
s5436,Crime TV Shows, International TV Shows, Korean TV Shows,NULL,NULL,NULL,NULL,NULL
s5437,Crime TV Shows, International TV Shows, Korean TV Shows,NULL,NULL,NULL,NULL,NULL
s5438,International TV Shows, Romantic TV Shows, TV Dramas,NULL,NULL,NULL,NULL,NULL
s5439,International TV Shows, Korean TV Shows, TV Dramas,NULL,NULL,NULL,NULL,NULL
s5440,International TV Shows, Korean TV Shows, Romantic TV Shows,NULL,NULL,NULL,NULL,NULL
s5441,Dramas, Independent Movies, Thrillers,NULL,NULL,NULL,NULL,NULL
s5442,Children & Family Movies, Dramas, Music & Musicals,NULL,NULL,NULL,NULL,NULL
s5443,Action & Adventure, International Movies,NULL,NULL,NULL,NULL,NULL,NULL
s5444,Dramas, International Movies,NULL,NULL,NULL,NULL,NULL,NULL
s5445,British TV Shows, International TV Shows, Romantic TV Shows,NULL,NULL,NULL,NULL,NULL
s5446,TV Comedies, TV Dramas,NULL,NULL,NULL,NULL,NULL,NULL
s5447,International Movies, Sci-Fi & Fantasy, Thrillers,NULL,NULL,NULL,NULL,NULL
s5448,Dramas, International Movies, Music & Musicals,NULL,NULL,NULL,NULL,NULL
s5449,Documentaries,NULL,NULL,NULL,NULL,NULL,NULL,NULL
s5450,Comedies, Independent Movies,NULL,NULL,NULL,NULL,NULL,NULL
s5451,Documentaries,NULL,NULL,NULL,NULL,NULL,NULL,NULL
s5452,Documentaries,NULL,NULL,NULL,NULL,NULL,NULL,NULL
s5453,Dramas, Independent Movies, International Movies,NULL,NULL,NULL,NULL,NULL
s5454,Comedies, Dramas, Independent Movies,NULL,NULL,NULL,NULL,NULL
s5455,Comedies, International Movies, Romantic Movies,NULL,NULL,NULL,NULL,NULL
s5456,Dramas, International Movies, Music & Musicals,NULL,NULL,NULL,NULL,NULL
s5457,Documentaries, International Movies, LGBTQ Movies,NULL,NULL,NULL,NULL,NULL
s5458,Crime TV Shows, International TV Shows, TV Dramas,NULL,NULL,NULL,NULL,NULL
s5459,Kids' TV, Korean TV Shows,NULL,NULL,NULL,NULL,NULL,NULL
s5460,Stand-Up Comedy & Talk Shows,NULL,NULL,NULL,NULL,NULL,NULL,NULL
s5461,Action & Adventure, Comedies, International Movies,NULL,NULL,NULL,NULL,NULL
s5462,Dramas, International Movies, Romantic Movies,NULL,NULL,NULL,NULL,NULL
s5463,Dramas, International Movies,NULL,NULL,NULL,NULL,NULL,NULL
s5464,Dramas, International Movies, Thrillers,NULL,NULL,NULL,NULL,NULL
s5465,International TV Shows, TV Dramas,NULL,NULL,NULL,NULL,NULL,NULL
s5466,International TV Shows, TV Dramas,NULL,NULL,NULL,NULL,NULL,NULL
s5467,Documentaries,NULL,NULL,NULL,NULL,NULL,NULL,NULL
s5468,Documentaries,NULL,NULL,NULL,NULL,NULL,NULL,NULL
s5469,Stand-Up Comedy,NULL,NULL,NULL,NULL,NULL,NULL,NULL
s5470,Action & Adventure, Dramas, International Movies,NULL,NULL,NULL,NULL,NULL
s5471,TV Dramas, TV Mysteries, TV Thrillers,NULL,NULL,NULL,NULL,NULL
s5472,Documentaries,NULL,NULL,NULL,NULL,NULL,NULL,NULL
s5473,Action & Adventure, Dramas, International Movies,NULL,NULL,NULL,NULL,NULL
s5474,Comedies, Dramas,NULL,NULL,NULL,NULL,NULL,NULL
s5475,Action & Adventure, International Movies, Sci-Fi & Fantasy,NULL,NULL,NULL,NULL,NULL
s5476,Stand-Up Comedy,NULL,NULL,NULL,NULL,NULL,NULL,NULL
s5477,Action & Adventure, Anime Features, International Movies,NULL,NULL,NULL,NULL,NULL
s5478,Docuseries, International TV Shows,NULL,NULL,NULL,NULL,NULL,NULL
s5479,Documentaries, International Movies, LGBTQ Movies,NULL,NULL,NULL,NULL,NULL
s5480,Crime TV Shows, Docuseries, TV Mysteries,NULL,NULL,NULL,NULL,NULL
s5481,Stand-Up Comedy,NULL,NULL,NULL,NULL,NULL,NULL,NULL
s5482,Comedies, International Movies, Sci-Fi & Fantasy,NULL,NULL,NULL,NULL,NULL
s5483,Comedies, Dramas, International Movies,NULL,NULL,NULL,NULL,NULL
s5484,Dramas, Independent Movies, Romantic Movies,NULL,NULL,NULL,NULL,NULL
s5485,Movies,NULL,NULL,NULL,NULL,NULL,NULL,NULL
s5486,Dramas, International Movies, Music & Musicals,NULL,NULL,NULL,NULL,NULL
s5487,Dramas, International Movies,NULL,NULL,NULL,NULL,NULL,NULL
s5488,Comedies,NULL,NULL,NULL,NULL,NULL,NULL,NULL
s5489,Kids' TV, TV Action & Adventure, TV Comedies,NULL,NULL,NULL,NULL,NULL
s5490,Documentaries,NULL,NULL,NULL,NULL,NULL,NULL,NULL
s5491,Comedies, Cult Movies, Independent Movies,NULL,NULL,NULL,NULL,NULL
s5492,Children & Family Movies,NULL,NULL,NULL,NULL,NULL,NULL,NULL
s5493,Stand-Up Comedy,NULL,NULL,NULL,NULL,NULL,NULL,NULL
s5494,Comedies,NULL,NULL,NULL,NULL,NULL,NULL,NULL
s5495,Kids' TV,NULL,NULL,NULL,NULL,NULL,NULL,NULL
s5496,Stand-Up Comedy,NULL,NULL,NULL,NULL,NULL,NULL,NULL
s5497,Children & Family Movies, Documentaries,NULL,NULL,NULL,NULL,NULL,NULL
s5498,Stand-Up Comedy,NULL,NULL,NULL,NULL,NULL,NULL,NULL
s5499,Dramas, Independent Movies, International Movies,NULL,NULL,NULL,NULL,NULL
s5500,Dramas, International Movies, Romantic Movies,NULL,NULL,NULL,NULL,NULL
s5501,Comedies, Dramas, International Movies,NULL,NULL,NULL,NULL,NULL
s5502,Comedies, International Movies,NULL,NULL,NULL,NULL,NULL,NULL
s5503,Dramas, International Movies, Thrillers,NULL,NULL,NULL,NULL,NULL
s5504,Documentaries,NULL,NULL,NULL,NULL,NULL,NULL,NULL
s5505,Dramas, International Movies, Romantic Movies,NULL,NULL,NULL,NULL,NULL
s5506,Dramas, Independent Movies, International Movies,NULL,NULL,NULL,NULL,NULL
s5507,Documentaries, International Movies,NULL,NULL,NULL,NULL,NULL,NULL
s5508,Dramas, International Movies,NULL,NULL,NULL,NULL,NULL,NULL
s5509,Documentaries,NULL,NULL,NULL,NULL,NULL,NULL,NULL
s5510,International TV Shows, Korean TV Shows, Romantic TV Shows,NULL,NULL,NULL,NULL,NULL
s5511,International TV Shows, Korean TV Shows, TV Dramas,NULL,NULL,NULL,NULL,NULL
s5512,Dramas,NULL,NULL,NULL,NULL,NULL,NULL,NULL
s5513,Dramas, Thrillers,NULL,NULL,NULL,NULL,NULL,NULL
s5514,International TV Shows, Korean TV Shows, Romantic TV Shows,NULL,NULL,NULL,NULL,NULL
s5515,Crime TV Shows, International TV Shows, Spanish-Language TV Shows,NULL,NULL,NULL,NULL,NULL
s5516,Comedies, Dramas, International Movies,NULL,NULL,NULL,NULL,NULL
s5517,Dramas, International Movies,NULL,NULL,NULL,NULL,NULL,NULL
s5518,Comedies, International Movies,NULL,NULL,NULL,NULL,NULL,NULL
s5519,Stand-Up Comedy,NULL,NULL,NULL,NULL,NULL,NULL,NULL
s5520,Kids' TV, TV Comedies,NULL,NULL,NULL,NULL,NULL,NULL
s5521,TV Comedies,NULL,NULL,NULL,NULL,NULL,NULL,NULL
s5522,Docuseries,NULL,NULL,NULL,NULL,NULL,NULL,NULL
s5523,Action & Adventure, Dramas, Independent Movies,NULL,NULL,NULL,NULL,NULL
s5524,Kids' TV, TV Comedies,NULL,NULL,NULL,NULL,NULL,NULL
s5525,Dramas, Independent Movies, Romantic Movies,NULL,NULL,NULL,NULL,NULL
s5526,Stand-Up Comedy,NULL,NULL,NULL,NULL,NULL,NULL,NULL
s5527,Children & Family Movies, Music & Musicals,NULL,NULL,NULL,NULL,NULL,NULL
s5528,Children & Family Movies, Music & Musicals,NULL,NULL,NULL,NULL,NULL,NULL
s5529,Children & Family Movies, Music & Musicals,NULL,NULL,NULL,NULL,NULL,NULL
s5530,Comedies, Dramas, International Movies,NULL,NULL,NULL,NULL,NULL
s5531,Comedies, Dramas, International Movies,NULL,NULL,NULL,NULL,NULL
s5532,Dramas, International Movies, Romantic Movies,NULL,NULL,NULL,NULL,NULL
s5533,Comedies, Dramas, International Movies,NULL,NULL,NULL,NULL,NULL
s5534,Comedies,NULL,NULL,NULL,NULL,NULL,NULL,NULL
s5535,Comedies, International Movies, LGBTQ Movies,NULL,NULL,NULL,NULL,NULL
s5536,Stand-Up Comedy,NULL,NULL,NULL,NULL,NULL,NULL,NULL
s5537,Comedies,NULL,NULL,NULL,NULL,NULL,NULL,NULL
s5538,International TV Shows, Korean TV Shows, TV Dramas,NULL,NULL,NULL,NULL,NULL
s5539,TV Dramas,NULL,NULL,NULL,NULL,NULL,NULL,NULL
s5540,Dramas, International Movies, Romantic Movies,NULL,NULL,NULL,NULL,NULL
s5541,Comedies, Independent Movies, Romantic Movies,NULL,NULL,NULL,NULL,NULL
s5542,Movies,NULL,NULL,NULL,NULL,NULL,NULL,NULL
s5543,International TV Shows, TV Dramas,NULL,NULL,NULL,NULL,NULL,NULL
s5544,Comedies, Dramas, International Movies,NULL,NULL,NULL,NULL,NULL
s5545,Dramas,NULL,NULL,NULL,NULL,NULL,NULL,NULL
s5546,Action & Adventure, Cult Movies, International Movies,NULL,NULL,NULL,NULL,NULL
s5547,Dramas, Independent Movies,NULL,NULL,NULL,NULL,NULL,NULL
s5548,Dramas, International Movies,NULL,NULL,NULL,NULL,NULL,NULL
s5549,Documentaries,NULL,NULL,NULL,NULL,NULL,NULL,NULL
s5550,Action & Adventure, International Movies, Music & Musicals,NULL,NULL,NULL,NULL,NULL
s5551,Dramas, International Movies,NULL,NULL,NULL,NULL,NULL,NULL
s5552,Dramas, International Movies,NULL,NULL,NULL,NULL,NULL,NULL
s5553,Dramas, International Movies, Thrillers,NULL,NULL,NULL,NULL,NULL
s5554,Stand-Up Comedy,NULL,NULL,NULL,NULL,NULL,NULL,NULL
s5555,Docuseries,NULL,NULL,NULL,NULL,NULL,NULL,NULL
s5556,British TV Shows, TV Comedies,NULL,NULL,NULL,NULL,NULL,NULL
s5557,Dramas, Independent Movies, Romantic Movies,NULL,NULL,NULL,NULL,NULL
s5558,Stand-Up Comedy,NULL,NULL,NULL,NULL,NULL,NULL,NULL
s5559,British TV Shows, Kids' TV,NULL,NULL,NULL,NULL,NULL,NULL
s5560,Stand-Up Comedy,NULL,NULL,NULL,NULL,NULL,NULL,NULL
s5561,Documentaries,NULL,NULL,NULL,NULL,NULL,NULL,NULL
s5562,Dramas,NULL,NULL,NULL,NULL,NULL,NULL,NULL
s5563,Stand-Up Comedy & Talk Shows, TV Comedies,NULL,NULL,NULL,NULL,NULL,NULL
s5564,Anime Series, Crime TV Shows, International TV Shows,NULL,NULL,NULL,NULL,NULL
s5565,Documentaries,NULL,NULL,NULL,NULL,NULL,NULL,NULL
s5566,Comedies, Dramas, Independent Movies,NULL,NULL,NULL,NULL,NULL
s5567,Kids' TV,NULL,NULL,NULL,NULL,NULL,NULL,NULL
s5568,Reality TV,NULL,NULL,NULL,NULL,NULL,NULL,NULL
s5569,Dramas, International Movies, Thrillers,NULL,NULL,NULL,NULL,NULL
s5570,International TV Shows, TV Dramas,NULL,NULL,NULL,NULL,NULL,NULL
s5571,Classic Movies, Dramas, Independent Movies,NULL,NULL,NULL,NULL,NULL
s5572,Action & Adventure, Dramas, International Movies,NULL,NULL,NULL,NULL,NULL
s5573,Action & Adventure, Comedies, International Movies,NULL,NULL,NULL,NULL,NULL
s5574,Documentaries, Dramas, International Movies,NULL,NULL,NULL,NULL,NULL
s5575,Action & Adventure, Comedies, Dramas,NULL,NULL,NULL,NULL,NULL
s5576,Reality TV, Teen TV Shows,NULL,NULL,NULL,NULL,NULL,NULL
s5577,Stand-Up Comedy,NULL,NULL,NULL,NULL,NULL,NULL,NULL
s5578,Dramas, International Movies, Sports Movies,NULL,NULL,NULL,NULL,NULL
s5579,Kids' TV, TV Comedies,NULL,NULL,NULL,NULL,NULL,NULL
s5580,Dramas, Independent Movies,NULL,NULL,NULL,NULL,NULL,NULL
s5581,International TV Shows, Korean TV Shows, Romantic TV Shows,NULL,NULL,NULL,NULL,NULL
s5582,Dramas, International Movies, Romantic Movies,NULL,NULL,NULL,NULL,NULL
s5583,Stand-Up Comedy,NULL,NULL,NULL,NULL,NULL,NULL,NULL
s5584,International TV Shows, TV Dramas,NULL,NULL,NULL,NULL,NULL,NULL
s5585,Dramas, International Movies, Romantic Movies,NULL,NULL,NULL,NULL,NULL
s5586,International TV Shows, Korean TV Shows, TV Action & Adventure,NULL,NULL,NULL,NULL,NULL
s5587,Stand-Up Comedy,NULL,NULL,NULL,NULL,NULL,NULL,NULL
s5588,Action & Adventure, International Movies,NULL,NULL,NULL,NULL,NULL,NULL
s5589,Dramas, International Movies,NULL,NULL,NULL,NULL,NULL,NULL
s5590,Action & Adventure, International Movies,NULL,NULL,NULL,NULL,NULL,NULL
s5591,Dramas, Independent Movies, Thrillers,NULL,NULL,NULL,NULL,NULL
s5592,Kids' TV,NULL,NULL,NULL,NULL,NULL,NULL,NULL
s5593,International TV Shows, Korean TV Shows, TV Comedies,NULL,NULL,NULL,NULL,NULL
s5594,International TV Shows, Romantic TV Shows, TV Comedies,NULL,NULL,NULL,NULL,NULL
s5595,Stand-Up Comedy,NULL,NULL,NULL,NULL,NULL,NULL,NULL
s5596,International Movies, Thrillers,NULL,NULL,NULL,NULL,NULL,NULL
s5597,Children & Family Movies, Documentaries,NULL,NULL,NULL,NULL,NULL,NULL
s5598,Children & Family Movies, Music & Musicals,NULL,NULL,NULL,NULL,NULL,NULL
s5599,International TV Shows, Korean TV Shows, Romantic TV Shows,NULL,NULL,NULL,NULL,NULL
s5600,Action & Adventure, International Movies,NULL,NULL,NULL,NULL,NULL,NULL
s5601,Dramas, Independent Movies, International Movies,NULL,NULL,NULL,NULL,NULL
s5602,International TV Shows, Korean TV Shows, TV Dramas,NULL,NULL,NULL,NULL,NULL
s5603,Documentaries, Music & Musicals,NULL,NULL,NULL,NULL,NULL,NULL
s5604,International TV Shows, Korean TV Shows, Romantic TV Shows,NULL,NULL,NULL,NULL,NULL
s5605,International Movies, Thrillers,NULL,NULL,NULL,NULL,NULL,NULL
s5606,Dramas, International Movies,NULL,NULL,NULL,NULL,NULL,NULL
s5607,Comedies, Independent Movies,NULL,NULL,NULL,NULL,NULL,NULL
s5608,Stand-Up Comedy,NULL,NULL,NULL,NULL,NULL,NULL,NULL
s5609,International TV Shows, Korean TV Shows, TV Dramas,NULL,NULL,NULL,NULL,NULL
s5610,Anime Series, International TV Shows,NULL,NULL,NULL,NULL,NULL,NULL
s5611,Comedies, International Movies, Music & Musicals,NULL,NULL,NULL,NULL,NULL
s5612,Stand-Up Comedy,NULL,NULL,NULL,NULL,NULL,NULL,NULL
s5613,Documentaries, International Movies,NULL,NULL,NULL,NULL,NULL,NULL
s5614,Comedies, Music & Musicals, Romantic Movies,NULL,NULL,NULL,NULL,NULL
s5615,Stand-Up Comedy,NULL,NULL,NULL,NULL,NULL,NULL,NULL
s5616,Dramas,NULL,NULL,NULL,NULL,NULL,NULL,NULL
s5617,Action & Adventure, Dramas, International Movies,NULL,NULL,NULL,NULL,NULL
s5618,Action & Adventure, Comedies, Dramas,NULL,NULL,NULL,NULL,NULL
s5619,Dramas, Independent Movies, International Movies,NULL,NULL,NULL,NULL,NULL
s5620,Action & Adventure, Comedies, International Movies,NULL,NULL,NULL,NULL,NULL
s5621,Dramas, International Movies, Romantic Movies,NULL,NULL,NULL,NULL,NULL
s5622,Children & Family Movies, Comedies,NULL,NULL,NULL,NULL,NULL,NULL
s5623,Stand-Up Comedy,NULL,NULL,NULL,NULL,NULL,NULL,NULL
s5624,Dramas, International Movies,NULL,NULL,NULL,NULL,NULL,NULL
s5625,Comedies, International Movies,NULL,NULL,NULL,NULL,NULL,NULL
s5626,International Movies, Sci-Fi & Fantasy, Thrillers,NULL,NULL,NULL,NULL,NULL
s5627,Dramas, International Movies,NULL,NULL,NULL,NULL,NULL,NULL
s5628,Stand-Up Comedy,NULL,NULL,NULL,NULL,NULL,NULL,NULL
s5629,Stand-Up Comedy,NULL,NULL,NULL,NULL,NULL,NULL,NULL
s5630,Dramas, International Movies,NULL,NULL,NULL,NULL,NULL,NULL
s5631,Comedies,NULL,NULL,NULL,NULL,NULL,NULL,NULL
s5632,Stand-Up Comedy,NULL,NULL,NULL,NULL,NULL,NULL,NULL
s5633,Dramas, International Movies, Music & Musicals,NULL,NULL,NULL,NULL,NULL
s5634,Dramas, International Movies,NULL,NULL,NULL,NULL,NULL,NULL
s5635,International Movies, Thrillers,NULL,NULL,NULL,NULL,NULL,NULL
s5636,Dramas, International Movies,NULL,NULL,NULL,NULL,NULL,NULL
s5637,Documentaries, International Movies,NULL,NULL,NULL,NULL,NULL,NULL
s5638,Horror Movies, Thrillers,NULL,NULL,NULL,NULL,NULL,NULL
s5639,Comedies, Dramas, International Movies,NULL,NULL,NULL,NULL,NULL
s5640,Stand-Up Comedy,NULL,NULL,NULL,NULL,NULL,NULL,NULL
s5641,Kids' TV, TV Comedies,NULL,NULL,NULL,NULL,NULL,NULL
s5642,Horror Movies, International Movies, Thrillers,NULL,NULL,NULL,NULL,NULL
s5643,Children & Family Movies, Dramas,NULL,NULL,NULL,NULL,NULL,NULL
s5644,Children & Family Movies,NULL,NULL,NULL,NULL,NULL,NULL,NULL
s5645,Action & Adventure, International Movies,NULL,NULL,NULL,NULL,NULL,NULL
s5646,Children & Family Movies, Sci-Fi & Fantasy,NULL,NULL,NULL,NULL,NULL,NULL
s5647,Stand-Up Comedy,NULL,NULL,NULL,NULL,NULL,NULL,NULL
s5648,Dramas, International Movies, Thrillers,NULL,NULL,NULL,NULL,NULL
s5649,Children & Family Movies, Comedies,NULL,NULL,NULL,NULL,NULL,NULL
s5650,Dramas, Independent Movies, International Movies,NULL,NULL,NULL,NULL,NULL
s5651,TV Action & Adventure, TV Sci-Fi & Fantasy,NULL,NULL,NULL,NULL,NULL,NULL
s5652,Dramas, International Movies,NULL,NULL,NULL,NULL,NULL,NULL
s5653,Dramas, Independent Movies, International Movies,NULL,NULL,NULL,NULL,NULL
s5654,International TV Shows, Korean TV Shows, Romantic TV Shows,NULL,NULL,NULL,NULL,NULL
s5655,Anime Series, International TV Shows,NULL,NULL,NULL,NULL,NULL,NULL
s5656,Reality TV, Teen TV Shows,NULL,NULL,NULL,NULL,NULL,NULL
s5657,Dramas, International Movies,NULL,NULL,NULL,NULL,NULL,NULL
s5658,Music & Musicals, Stand-Up Comedy,NULL,NULL,NULL,NULL,NULL,NULL
s5659,Crime TV Shows, TV Dramas, TV Mysteries,NULL,NULL,NULL,NULL,NULL
s5660,Movies,NULL,NULL,NULL,NULL,NULL,NULL,NULL
s5661,Stand-Up Comedy,NULL,NULL,NULL,NULL,NULL,NULL,NULL
s5662,Dramas,NULL,NULL,NULL,NULL,NULL,NULL,NULL
s5663,British TV Shows, International TV Shows, TV Comedies,NULL,NULL,NULL,NULL,NULL
s5664,Dramas,NULL,NULL,NULL,NULL,NULL,NULL,NULL
s5665,Comedies, International Movies,NULL,NULL,NULL,NULL,NULL,NULL
s5666,International TV Shows, Korean TV Shows, Romantic TV Shows,NULL,NULL,NULL,NULL,NULL
s5667,Documentaries, Sports Movies,NULL,NULL,NULL,NULL,NULL,NULL
s5668,International TV Shows, Korean TV Shows, Romantic TV Shows,NULL,NULL,NULL,NULL,NULL
s5669,International TV Shows, Korean TV Shows, TV Dramas,NULL,NULL,NULL,NULL,NULL
s5670,International TV Shows, Korean TV Shows, TV Dramas,NULL,NULL,NULL,NULL,NULL
s5671,International TV Shows, TV Action & Adventure, TV Sci-Fi & Fantasy,NULL,NULL,NULL,NULL,NULL
s5672,International TV Shows, Korean TV Shows, TV Dramas,NULL,NULL,NULL,NULL,NULL
s5673,Anime Series, International TV Shows,NULL,NULL,NULL,NULL,NULL,NULL
s5674,International TV Shows, Korean TV Shows, Romantic TV Shows,NULL,NULL,NULL,NULL,NULL
s5675,British TV Shows, International TV Shows, TV Action & Adventure,NULL,NULL,NULL,NULL,NULL
s5676,International TV Shows, Korean TV Shows, Romantic TV Shows,NULL,NULL,NULL,NULL,NULL
s5677,Dramas, Independent Movies, International Movies,NULL,NULL,NULL,NULL,NULL
s5678,International TV Shows, TV Dramas,NULL,NULL,NULL,NULL,NULL,NULL
s5679,Stand-Up Comedy,NULL,NULL,NULL,NULL,NULL,NULL,NULL
s5680,Documentaries,NULL,NULL,NULL,NULL,NULL,NULL,NULL
s5681,Crime TV Shows, Docuseries,NULL,NULL,NULL,NULL,NULL,NULL
s5682,Children & Family Movies, Music & Musicals,NULL,NULL,NULL,NULL,NULL,NULL
s5683,Action & Adventure, Sci-Fi & Fantasy,NULL,NULL,NULL,NULL,NULL,NULL
s5684,Docuseries, International TV Shows, Reality TV,NULL,NULL,NULL,NULL,NULL
s5685,International TV Shows, Romantic TV Shows, TV Comedies,NULL,NULL,NULL,NULL,NULL
s5686,Comedies, Dramas, Independent Movies,NULL,NULL,NULL,NULL,NULL
s5687,Docuseries, International TV Shows,NULL,NULL,NULL,NULL,NULL,NULL
s5688,Dramas, Independent Movies, Romantic Movies,NULL,NULL,NULL,NULL,NULL
s5689,Documentaries, Sports Movies,NULL,NULL,NULL,NULL,NULL,NULL
s5690,Music & Musicals, Stand-Up Comedy,NULL,NULL,NULL,NULL,NULL,NULL
s5691,Classic & Cult TV, TV Action & Adventure, TV Horror,NULL,NULL,NULL,NULL,NULL
s5692,Dramas, International Movies, Sports Movies,NULL,NULL,NULL,NULL,NULL
s5693,Kids' TV, TV Comedies, TV Dramas,NULL,NULL,NULL,NULL,NULL
s5694,Documentaries,NULL,NULL,NULL,NULL,NULL,NULL,NULL
s5695,Dramas, Independent Movies,NULL,NULL,NULL,NULL,NULL,NULL
s5696,Documentaries, Sports Movies,NULL,NULL,NULL,NULL,NULL,NULL
s5697,Dramas, International Movies,NULL,NULL,NULL,NULL,NULL,NULL
s5698,Dramas,NULL,NULL,NULL,NULL,NULL,NULL,NULL
s5699,Comedies, International Movies,NULL,NULL,NULL,NULL,NULL,NULL
s5700,International TV Shows, Romantic TV Shows, TV Comedies,NULL,NULL,NULL,NULL,NULL
s5701,International TV Shows, Romantic TV Shows, TV Comedies,NULL,NULL,NULL,NULL,NULL
s5702,Dramas, International Movies, Thrillers,NULL,NULL,NULL,NULL,NULL
s5703,Comedies, Dramas, Independent Movies,NULL,NULL,NULL,NULL,NULL
s5704,International TV Shows, Romantic TV Shows, TV Comedies,NULL,NULL,NULL,NULL,NULL
s5705,Stand-Up Comedy,NULL,NULL,NULL,NULL,NULL,NULL,NULL
s5706,Dramas, Independent Movies, International Movies,NULL,NULL,NULL,NULL,NULL
s5707,Documentaries, International Movies,NULL,NULL,NULL,NULL,NULL,NULL
s5708,TV Comedies, TV Dramas, Teen TV Shows,NULL,NULL,NULL,NULL,NULL
s5709,Stand-Up Comedy,NULL,NULL,NULL,NULL,NULL,NULL,NULL
s5710,Dramas, Thrillers,NULL,NULL,NULL,NULL,NULL,NULL
s5711,Dramas, Independent Movies, International Movies,NULL,NULL,NULL,NULL,NULL
s5712,Stand-Up Comedy,NULL,NULL,NULL,NULL,NULL,NULL,NULL
s5713,Stand-Up Comedy,NULL,NULL,NULL,NULL,NULL,NULL,NULL
s5714,Stand-Up Comedy,NULL,NULL,NULL,NULL,NULL,NULL,NULL
s5715,Dramas, Independent Movies, International Movies,NULL,NULL,NULL,NULL,NULL
s5716,Crime TV Shows, International TV Shows, Spanish-Language TV Shows,NULL,NULL,NULL,NULL,NULL
s5717,British TV Shows, Crime TV Shows, International TV Shows,NULL,NULL,NULL,NULL,NULL
s5718,Stand-Up Comedy,NULL,NULL,NULL,NULL,NULL,NULL,NULL
s5719,Dramas, Independent Movies, International Movies,NULL,NULL,NULL,NULL,NULL
s5720,Action & Adventure, Comedies,NULL,NULL,NULL,NULL,NULL,NULL
s5721,Docuseries, International TV Shows,NULL,NULL,NULL,NULL,NULL,NULL
s5722,Stand-Up Comedy,NULL,NULL,NULL,NULL,NULL,NULL,NULL
s5723,Crime TV Shows, International TV Shows, TV Dramas,NULL,NULL,NULL,NULL,NULL
s5724,British TV Shows, Kids' TV,NULL,NULL,NULL,NULL,NULL,NULL
s5725,Stand-Up Comedy,NULL,NULL,NULL,NULL,NULL,NULL,NULL
s5726,Documentaries,NULL,NULL,NULL,NULL,NULL,NULL,NULL
s5727,Documentaries,NULL,NULL,NULL,NULL,NULL,NULL,NULL
s5728,International TV Shows, Romantic TV Shows, TV Comedies,NULL,NULL,NULL,NULL,NULL
s5729,International TV Shows, Romantic TV Shows, TV Comedies,NULL,NULL,NULL,NULL,NULL
s5730,International TV Shows, Romantic TV Shows, TV Comedies,NULL,NULL,NULL,NULL,NULL
s5731,International TV Shows, Romantic TV Shows, TV Comedies,NULL,NULL,NULL,NULL,NULL
s5732,International TV Shows, Romantic TV Shows, TV Comedies,NULL,NULL,NULL,NULL,NULL
s5733,International TV Shows, Romantic TV Shows, TV Comedies,NULL,NULL,NULL,NULL,NULL
s5734,Documentaries,NULL,NULL,NULL,NULL,NULL,NULL,NULL
s5735,Movies,NULL,NULL,NULL,NULL,NULL,NULL,NULL
s5736,Comedies, International Movies, Romantic Movies,NULL,NULL,NULL,NULL,NULL
s5737,Children & Family Movies, Comedies,NULL,NULL,NULL,NULL,NULL,NULL
s5738,Horror Movies, International Movies, Thrillers,NULL,NULL,NULL,NULL,NULL
s5739,Documentaries,NULL,NULL,NULL,NULL,NULL,NULL,NULL
s5740,Comedies, Dramas, International Movies,NULL,NULL,NULL,NULL,NULL
s5741,Comedies, International Movies,NULL,NULL,NULL,NULL,NULL,NULL
s5742,International TV Shows, TV Comedies,NULL,NULL,NULL,NULL,NULL,NULL
s5743,Comedies, Dramas, International Movies,NULL,NULL,NULL,NULL,NULL
s5744,Dramas, International Movies,NULL,NULL,NULL,NULL,NULL,NULL
s5745,TV Dramas, TV Thrillers,NULL,NULL,NULL,NULL,NULL,NULL
s5746,Stand-Up Comedy,NULL,NULL,NULL,NULL,NULL,NULL,NULL
s5747,Comedies, International Movies, Sports Movies,NULL,NULL,NULL,NULL,NULL
s5748,Action & Adventure, Anime Features, International Movies,NULL,NULL,NULL,NULL,NULL
s5749,Action & Adventure, Anime Features, Sci-Fi & Fantasy,NULL,NULL,NULL,NULL,NULL
s5750,Action & Adventure, Anime Features, Sci-Fi & Fantasy,NULL,NULL,NULL,NULL,NULL
s5751,Comedies, International Movies, Music & Musicals,NULL,NULL,NULL,NULL,NULL
s5752,Anime Series, Crime TV Shows, International TV Shows,NULL,NULL,NULL,NULL,NULL
s5753,Crime TV Shows, International TV Shows, TV Dramas,NULL,NULL,NULL,NULL,NULL
s5754,Anime Series, International TV Shows, Romantic TV Shows,NULL,NULL,NULL,NULL,NULL
s5755,Documentaries,NULL,NULL,NULL,NULL,NULL,NULL,NULL
s5756,Comedies,NULL,NULL,NULL,NULL,NULL,NULL,NULL
s5757,Music & Musicals,NULL,NULL,NULL,NULL,NULL,NULL,NULL
s5758,Documentaries,NULL,NULL,NULL,NULL,NULL,NULL,NULL
s5759,Stand-Up Comedy,NULL,NULL,NULL,NULL,NULL,NULL,NULL
s5760,Kids' TV,NULL,NULL,NULL,NULL,NULL,NULL,NULL
s5761,Action & Adventure, Dramas, International Movies,NULL,NULL,NULL,NULL,NULL
s5762,Children & Family Movies, Comedies,NULL,NULL,NULL,NULL,NULL,NULL
s5763,International TV Shows, Romantic TV Shows, TV Dramas,NULL,NULL,NULL,NULL,NULL
s5764,International TV Shows, Romantic TV Shows, TV Dramas,NULL,NULL,NULL,NULL,NULL
s5765,Dramas,NULL,NULL,NULL,NULL,NULL,NULL,NULL
s5766,Dramas, International Movies,NULL,NULL,NULL,NULL,NULL,NULL
s5767,International TV Shows, Romantic TV Shows, TV Comedies,NULL,NULL,NULL,NULL,NULL
s5768,Dramas, International Movies,NULL,NULL,NULL,NULL,NULL,NULL
s5769,International TV Shows, Romantic TV Shows, TV Comedies,NULL,NULL,NULL,NULL,NULL
s5770,Kids' TV,NULL,NULL,NULL,NULL,NULL,NULL,NULL
s5771,Dramas, Independent Movies, International Movies,NULL,NULL,NULL,NULL,NULL
s5772,International TV Shows, Romantic TV Shows, TV Comedies,NULL,NULL,NULL,NULL,NULL
s5773,Comedies, International Movies, Music & Musicals,NULL,NULL,NULL,NULL,NULL
s5774,Children & Family Movies, Comedies,NULL,NULL,NULL,NULL,NULL,NULL
s5775,International TV Shows, TV Comedies, TV Dramas,NULL,NULL,NULL,NULL,NULL
s5776,Movies,NULL,NULL,NULL,NULL,NULL,NULL,NULL
s5777,Dramas, International Movies,NULL,NULL,NULL,NULL,NULL,NULL
s5778,International TV Shows, Romantic TV Shows, TV Dramas,NULL,NULL,NULL,NULL,NULL
s5779,Dramas, Independent Movies, International Movies,NULL,NULL,NULL,NULL,NULL
s5780,Documentaries, Sports Movies,NULL,NULL,NULL,NULL,NULL,NULL
s5781,Comedies, International Movies,NULL,NULL,NULL,NULL,NULL,NULL
s5782,International TV Shows, Romantic TV Shows, TV Comedies,NULL,NULL,NULL,NULL,NULL
s5783,Documentaries,NULL,NULL,NULL,NULL,NULL,NULL,NULL
s5784,Documentaries,NULL,NULL,NULL,NULL,NULL,NULL,NULL
s5785,Stand-Up Comedy,NULL,NULL,NULL,NULL,NULL,NULL,NULL
s5786,Kids' TV,NULL,NULL,NULL,NULL,NULL,NULL,NULL
s5787,Stand-Up Comedy,NULL,NULL,NULL,NULL,NULL,NULL,NULL
s5788,Stand-Up Comedy,NULL,NULL,NULL,NULL,NULL,NULL,NULL
s5789,Stand-Up Comedy,NULL,NULL,NULL,NULL,NULL,NULL,NULL
s5790,Stand-Up Comedy,NULL,NULL,NULL,NULL,NULL,NULL,NULL
s5791,Stand-Up Comedy,NULL,NULL,NULL,NULL,NULL,NULL,NULL
s5792,Stand-Up Comedy,NULL,NULL,NULL,NULL,NULL,NULL,NULL
s5793,International Movies, Sci-Fi & Fantasy, Thrillers,NULL,NULL,NULL,NULL,NULL
s5794,Stand-Up Comedy,NULL,NULL,NULL,NULL,NULL,NULL,NULL
s5795,Movies,NULL,NULL,NULL,NULL,NULL,NULL,NULL
s5796,Documentaries,NULL,NULL,NULL,NULL,NULL,NULL,NULL
s5797,Documentaries, Music & Musicals,NULL,NULL,NULL,NULL,NULL,NULL
s5798,Documentaries,NULL,NULL,NULL,NULL,NULL,NULL,NULL
s5799,Stand-Up Comedy,NULL,NULL,NULL,NULL,NULL,NULL,NULL
s5800,Docuseries,NULL,NULL,NULL,NULL,NULL,NULL,NULL
s5801,Kids' TV,NULL,NULL,NULL,NULL,NULL,NULL,NULL
s5802,British TV Shows, Docuseries,NULL,NULL,NULL,NULL,NULL,NULL
s5803,British TV Shows, TV Horror, TV Thrillers,NULL,NULL,NULL,NULL,NULL
s5804,Crime TV Shows, Docuseries, Science & Nature TV,NULL,NULL,NULL,NULL,NULL
s5805,Documentaries,NULL,NULL,NULL,NULL,NULL,NULL,NULL
s5806,International TV Shows, Romantic TV Shows, TV Dramas,NULL,NULL,NULL,NULL,NULL
s5807,British TV Shows, Crime TV Shows, Docuseries,NULL,NULL,NULL,NULL,NULL
s5808,Anime Series, Kids' TV,NULL,NULL,NULL,NULL,NULL,NULL
s5809,Stand-Up Comedy,NULL,NULL,NULL,NULL,NULL,NULL,NULL
s5810,Dramas, Music & Musicals,NULL,NULL,NULL,NULL,NULL,NULL
s5811,Documentaries, Music & Musicals,NULL,NULL,NULL,NULL,NULL,NULL
s5812,British TV Shows, Docuseries,NULL,NULL,NULL,NULL,NULL,NULL
s5813,British TV Shows, Crime TV Shows, Docuseries,NULL,NULL,NULL,NULL,NULL
s5814,Movies,NULL,NULL,NULL,NULL,NULL,NULL,NULL
s5815,Documentaries,NULL,NULL,NULL,NULL,NULL,NULL,NULL
s5816,Stand-Up Comedy,NULL,NULL,NULL,NULL,NULL,NULL,NULL
s5817,Stand-Up Comedy,NULL,NULL,NULL,NULL,NULL,NULL,NULL
s5818,Stand-Up Comedy,NULL,NULL,NULL,NULL,NULL,NULL,NULL
s5819,Stand-Up Comedy,NULL,NULL,NULL,NULL,NULL,NULL,NULL
s5820,Stand-Up Comedy,NULL,NULL,NULL,NULL,NULL,NULL,NULL
s5821,Stand-Up Comedy,NULL,NULL,NULL,NULL,NULL,NULL,NULL
s5822,Documentaries,NULL,NULL,NULL,NULL,NULL,NULL,NULL
s5823,British TV Shows, Crime TV Shows, Docuseries,NULL,NULL,NULL,NULL,NULL
s5824,British TV Shows, Docuseries, Science & Nature TV,NULL,NULL,NULL,NULL,NULL
s5825,Documentaries,NULL,NULL,NULL,NULL,NULL,NULL,NULL
s5826,International TV Shows, Spanish-Language TV Shows, TV Dramas,NULL,NULL,NULL,NULL,NULL
s5827,Documentaries,NULL,NULL,NULL,NULL,NULL,NULL,NULL
s5828,Kids' TV,NULL,NULL,NULL,NULL,NULL,NULL,NULL
s5829,Dramas, Independent Movies,NULL,NULL,NULL,NULL,NULL,NULL
s5830,Kids' TV,NULL,NULL,NULL,NULL,NULL,NULL,NULL
s5831,Dramas, Thrillers,NULL,NULL,NULL,NULL,NULL,NULL
s5832,Documentaries,NULL,NULL,NULL,NULL,NULL,NULL,NULL
s5833,Action & Adventure,NULL,NULL,NULL,NULL,NULL,NULL,NULL
s5834,Comedies, Independent Movies, International Movies,NULL,NULL,NULL,NULL,NULL
s5835,Anime Series, International TV Shows,NULL,NULL,NULL,NULL,NULL,NULL
s5836,Stand-Up Comedy,NULL,NULL,NULL,NULL,NULL,NULL,NULL
s5837,TV Action & Adventure, TV Dramas,NULL,NULL,NULL,NULL,NULL,NULL
s5838,Dramas, Independent Movies, International Movies,NULL,NULL,NULL,NULL,NULL
s5839,Kids' TV,NULL,NULL,NULL,NULL,NULL,NULL,NULL
s5840,Stand-Up Comedy,NULL,NULL,NULL,NULL,NULL,NULL,NULL
s5841,Comedies, Dramas, Independent Movies,NULL,NULL,NULL,NULL,NULL
s5842,Action & Adventure, Dramas, International Movies,NULL,NULL,NULL,NULL,NULL
s5843,Music & Musicals, Stand-Up Comedy,NULL,NULL,NULL,NULL,NULL,NULL
s5844,International TV Shows, TV Dramas,NULL,NULL,NULL,NULL,NULL,NULL
s5845,Docuseries, International TV Shows, Science & Nature TV,NULL,NULL,NULL,NULL,NULL
s5846,Docuseries, International TV Shows, Science & Nature TV,NULL,NULL,NULL,NULL,NULL
s5847,Action & Adventure, Comedies,NULL,NULL,NULL,NULL,NULL,NULL
s5848,Stand-Up Comedy,NULL,NULL,NULL,NULL,NULL,NULL,NULL
s5849,Comedies,NULL,NULL,NULL,NULL,NULL,NULL,NULL
s5850,Documentaries, Sports Movies,NULL,NULL,NULL,NULL,NULL,NULL
s5851,Stand-Up Comedy,NULL,NULL,NULL,NULL,NULL,NULL,NULL
s5852,Dramas, International Movies,NULL,NULL,NULL,NULL,NULL,NULL
s5853,Horror Movies, Thrillers,NULL,NULL,NULL,NULL,NULL,NULL
s5854,Anime Series, International TV Shows,NULL,NULL,NULL,NULL,NULL,NULL
s5855,Documentaries, Music & Musicals,NULL,NULL,NULL,NULL,NULL,NULL
s5856,Kids' TV,NULL,NULL,NULL,NULL,NULL,NULL,NULL
s5857,International TV Shows, Reality TV,NULL,NULL,NULL,NULL,NULL,NULL
s5858,Children & Family Movies, Comedies,NULL,NULL,NULL,NULL,NULL,NULL
s5859,Comedies, Horror Movies,NULL,NULL,NULL,NULL,NULL,NULL
s5860,Stand-Up Comedy,NULL,NULL,NULL,NULL,NULL,NULL,NULL
s5861,Documentaries, International Movies,NULL,NULL,NULL,NULL,NULL,NULL
s5862,Children & Family Movies, Comedies, Cult Movies,NULL,NULL,NULL,NULL,NULL
s5863,TV Comedies,NULL,NULL,NULL,NULL,NULL,NULL,NULL
s5864,Anime Series, International TV Shows, Romantic TV Shows,NULL,NULL,NULL,NULL,NULL
s5865,Action & Adventure, Romantic Movies,NULL,NULL,NULL,NULL,NULL,NULL
s5866,Children & Family Movies, Sci-Fi & Fantasy,NULL,NULL,NULL,NULL,NULL,NULL
s5867,Docuseries,NULL,NULL,NULL,NULL,NULL,NULL,NULL
s5868,Kids' TV,NULL,NULL,NULL,NULL,NULL,NULL,NULL
s5869,Stand-Up Comedy,NULL,NULL,NULL,NULL,NULL,NULL,NULL
s5870,Kids' TV,NULL,NULL,NULL,NULL,NULL,NULL,NULL
s5871,Kids' TV,NULL,NULL,NULL,NULL,NULL,NULL,NULL
s5872,Docuseries, Science & Nature TV,NULL,NULL,NULL,NULL,NULL,NULL
s5873,Stand-Up Comedy,NULL,NULL,NULL,NULL,NULL,NULL,NULL
s5874,Action & Adventure, Dramas, International Movies,NULL,NULL,NULL,NULL,NULL
s5875,Action & Adventure, International Movies,NULL,NULL,NULL,NULL,NULL,NULL
s5876,Stand-Up Comedy,NULL,NULL,NULL,NULL,NULL,NULL,NULL
s5877,Movies,NULL,NULL,NULL,NULL,NULL,NULL,NULL
s5878,Kids' TV, TV Comedies,NULL,NULL,NULL,NULL,NULL,NULL
s5879,Stand-Up Comedy,NULL,NULL,NULL,NULL,NULL,NULL,NULL
s5880,Action & Adventure, Comedies,NULL,NULL,NULL,NULL,NULL,NULL
s5881,Comedies, International Movies,NULL,NULL,NULL,NULL,NULL,NULL
s5882,Comedies, Music & Musicals,NULL,NULL,NULL,NULL,NULL,NULL
s5883,International TV Shows, TV Dramas,NULL,NULL,NULL,NULL,NULL,NULL
s5884,Comedies, Dramas, LGBTQ Movies,NULL,NULL,NULL,NULL,NULL
s5885,Stand-Up Comedy,NULL,NULL,NULL,NULL,NULL,NULL,NULL
s5886,TV Comedies,NULL,NULL,NULL,NULL,NULL,NULL,NULL
s5887,Comedies, Dramas, Independent Movies,NULL,NULL,NULL,NULL,NULL
s5888,Children & Family Movies,NULL,NULL,NULL,NULL,NULL,NULL,NULL
s5889,TV Horror, TV Mysteries, TV Thrillers,NULL,NULL,NULL,NULL,NULL
s5890,Comedies, Independent Movies,NULL,NULL,NULL,NULL,NULL,NULL
s5891,Stand-Up Comedy,NULL,NULL,NULL,NULL,NULL,NULL,NULL
s5892,Dramas, Independent Movies,NULL,NULL,NULL,NULL,NULL,NULL
s5893,Dramas, Independent Movies, Sci-Fi & Fantasy,NULL,NULL,NULL,NULL,NULL
s5894,Documentaries, International Movies,NULL,NULL,NULL,NULL,NULL,NULL
s5895,Stand-Up Comedy,NULL,NULL,NULL,NULL,NULL,NULL,NULL
s5896,Kids' TV,NULL,NULL,NULL,NULL,NULL,NULL,NULL
s5897,Documentaries, Music & Musicals,NULL,NULL,NULL,NULL,NULL,NULL
s5898,Documentaries,NULL,NULL,NULL,NULL,NULL,NULL,NULL
s5899,Dramas, Independent Movies, Romantic Movies,NULL,NULL,NULL,NULL,NULL
s5900,Stand-Up Comedy,NULL,NULL,NULL,NULL,NULL,NULL,NULL
s5901,TV Comedies,NULL,NULL,NULL,NULL,NULL,NULL,NULL
s5902,Documentaries, Stand-Up Comedy,NULL,NULL,NULL,NULL,NULL,NULL
s5903,Kids' TV,NULL,NULL,NULL,NULL,NULL,NULL,NULL
s5904,Horror Movies, Independent Movies, Thrillers,NULL,NULL,NULL,NULL,NULL
s5905,Stand-Up Comedy,NULL,NULL,NULL,NULL,NULL,NULL,NULL
s5906,Stand-Up Comedy,NULL,NULL,NULL,NULL,NULL,NULL,NULL
s5907,Documentaries, Music & Musicals,NULL,NULL,NULL,NULL,NULL,NULL
s5908,Dramas, Independent Movies, Sci-Fi & Fantasy,NULL,NULL,NULL,NULL,NULL
s5909,British TV Shows, Kids' TV, TV Comedies,NULL,NULL,NULL,NULL,NULL
s5910,Comedies, Dramas, International Movies,NULL,NULL,NULL,NULL,NULL
s5911,Documentaries,NULL,NULL,NULL,NULL,NULL,NULL,NULL
s5912,Stand-Up Comedy,NULL,NULL,NULL,NULL,NULL,NULL,NULL
s5913,Documentaries, Music & Musicals,NULL,NULL,NULL,NULL,NULL,NULL
s5914,Stand-Up Comedy,NULL,NULL,NULL,NULL,NULL,NULL,NULL
s5915,Kids' TV,NULL,NULL,NULL,NULL,NULL,NULL,NULL
s5916,Stand-Up Comedy,NULL,NULL,NULL,NULL,NULL,NULL,NULL
s5917,Documentaries,NULL,NULL,NULL,NULL,NULL,NULL,NULL
s5918,Stand-Up Comedy,NULL,NULL,NULL,NULL,NULL,NULL,NULL
s5919,Documentaries,NULL,NULL,NULL,NULL,NULL,NULL,NULL
s5920,Stand-Up Comedy,NULL,NULL,NULL,NULL,NULL,NULL,NULL
s5921,Movies,NULL,NULL,NULL,NULL,NULL,NULL,NULL
s5922,Stand-Up Comedy,NULL,NULL,NULL,NULL,NULL,NULL,NULL
s5923,Crime TV Shows, TV Comedies, TV Dramas,NULL,NULL,NULL,NULL,NULL
s5924,Kids' TV, TV Thrillers,NULL,NULL,NULL,NULL,NULL,NULL
s5925,Stand-Up Comedy,NULL,NULL,NULL,NULL,NULL,NULL,NULL
s5926,Documentaries, International Movies,NULL,NULL,NULL,NULL,NULL,NULL
s5927,Documentaries,NULL,NULL,NULL,NULL,NULL,NULL,NULL
s5928,Stand-Up Comedy,NULL,NULL,NULL,NULL,NULL,NULL,NULL
s5929,Stand-Up Comedy,NULL,NULL,NULL,NULL,NULL,NULL,NULL
s5930,Documentaries,NULL,NULL,NULL,NULL,NULL,NULL,NULL
s5931,Documentaries,NULL,NULL,NULL,NULL,NULL,NULL,NULL
s5932,Documentaries, Sports Movies,NULL,NULL,NULL,NULL,NULL,NULL
s5933,Documentaries,NULL,NULL,NULL,NULL,NULL,NULL,NULL
s5934,TV Dramas,NULL,NULL,NULL,NULL,NULL,NULL,NULL
s5935,Documentaries,NULL,NULL,NULL,NULL,NULL,NULL,NULL
s5936,Documentaries, International Movies,NULL,NULL,NULL,NULL,NULL,NULL
s5937,Children & Family Movies, Comedies, Music & Musicals,NULL,NULL,NULL,NULL,NULL
s5938,Children & Family Movies, Documentaries, Sports Movies,NULL,NULL,NULL,NULL,NULL
s5939,Stand-Up Comedy,NULL,NULL,NULL,NULL,NULL,NULL,NULL
s5940,TV Dramas, TV Mysteries, TV Sci-Fi & Fantasy,NULL,NULL,NULL,NULL,NULL
s5941,Crime TV Shows, TV Dramas, TV Thrillers,NULL,NULL,NULL,NULL,NULL
s5942,Documentaries,NULL,NULL,NULL,NULL,NULL,NULL,NULL
s5943,Dramas,NULL,NULL,NULL,NULL,NULL,NULL,NULL
s5944,Dramas,NULL,NULL,NULL,NULL,NULL,NULL,NULL
s5945,Dramas,NULL,NULL,NULL,NULL,NULL,NULL,NULL
s5946,Dramas,NULL,NULL,NULL,NULL,NULL,NULL,NULL
s5947,Dramas, Sports Movies,NULL,NULL,NULL,NULL,NULL,NULL
s5948,Dramas,NULL,NULL,NULL,NULL,NULL,NULL,NULL
s5949,Dramas,NULL,NULL,NULL,NULL,NULL,NULL,NULL
s5950,Dramas,NULL,NULL,NULL,NULL,NULL,NULL,NULL
s5951,Dramas, Sports Movies,NULL,NULL,NULL,NULL,NULL,NULL
s5952,Dramas,NULL,NULL,NULL,NULL,NULL,NULL,NULL
s5953,Dramas, Thrillers,NULL,NULL,NULL,NULL,NULL,NULL
s5954,Children & Family Movies, Dramas, Faith & Spirituality,NULL,NULL,NULL,NULL,NULL
s5955,Dramas, International Movies,NULL,NULL,NULL,NULL,NULL,NULL
s5956,Horror Movies,NULL,NULL,NULL,NULL,NULL,NULL,NULL
s5957,Dramas, International Movies,NULL,NULL,NULL,NULL,NULL,NULL
s5958,Dramas, Independent Movies, Thrillers,NULL,NULL,NULL,NULL,NULL
s5959,Action & Adventure, Independent Movies, Sci-Fi & Fantasy,NULL,NULL,NULL,NULL,NULL
s5960,Dramas,NULL,NULL,NULL,NULL,NULL,NULL,NULL
s5961,Dramas,NULL,NULL,NULL,NULL,NULL,NULL,NULL
s5962,Horror Movies, International Movies,NULL,NULL,NULL,NULL,NULL,NULL
s5963,Horror Movies, International Movies, Thrillers,NULL,NULL,NULL,NULL,NULL
s5964,Dramas, International Movies, Thrillers,NULL,NULL,NULL,NULL,NULL
s5965,International TV Shows, TV Dramas,NULL,NULL,NULL,NULL,NULL,NULL
s5966,Dramas, Thrillers,NULL,NULL,NULL,NULL,NULL,NULL
s5967,Comedies, Dramas, Independent Movies,NULL,NULL,NULL,NULL,NULL
s5968,Sports Movies,NULL,NULL,NULL,NULL,NULL,NULL,NULL
s5969,Action & Adventure, Dramas, International Movies,NULL,NULL,NULL,NULL,NULL
s5970,Dramas, International Movies,NULL,NULL,NULL,NULL,NULL,NULL
s5971,Dramas, International Movies,NULL,NULL,NULL,NULL,NULL,NULL
s5972,Documentaries,NULL,NULL,NULL,NULL,NULL,NULL,NULL
s5973,Documentaries, International Movies,NULL,NULL,NULL,NULL,NULL,NULL
s5974,Comedies, Romantic Movies,NULL,NULL,NULL,NULL,NULL,NULL
s5975,International TV Shows, Romantic TV Shows, TV Comedies,NULL,NULL,NULL,NULL,NULL
s5976,Horror Movies, International Movies,NULL,NULL,NULL,NULL,NULL,NULL
s5977,Comedies, International Movies,NULL,NULL,NULL,NULL,NULL,NULL
s5978,Action & Adventure, Sci-Fi & Fantasy,NULL,NULL,NULL,NULL,NULL,NULL
s5979,Crime TV Shows, International TV Shows, TV Dramas,NULL,NULL,NULL,NULL,NULL
s5980,Dramas, Romantic Movies,NULL,NULL,NULL,NULL,NULL,NULL
s5981,Dramas, Romantic Movies, Sports Movies,NULL,NULL,NULL,NULL,NULL
s5982,Action & Adventure,NULL,NULL,NULL,NULL,NULL,NULL,NULL
s5983,Documentaries, International Movies,NULL,NULL,NULL,NULL,NULL,NULL
s5984,Documentaries,NULL,NULL,NULL,NULL,NULL,NULL,NULL
s5985,British TV Shows, International TV Shows, Reality TV,NULL,NULL,NULL,NULL,NULL
s5986,Dramas, Independent Movies, Sports Movies,NULL,NULL,NULL,NULL,NULL
s5987,International TV Shows, Korean TV Shows, Romantic TV Shows,NULL,NULL,NULL,NULL,NULL
s5988,Horror Movies, Independent Movies, Thrillers,NULL,NULL,NULL,NULL,NULL
s5989,Horror Movies, Thrillers,NULL,NULL,NULL,NULL,NULL,NULL
s5990,Movies,NULL,NULL,NULL,NULL,NULL,NULL,NULL
s5991,Action & Adventure, International Movies,NULL,NULL,NULL,NULL,NULL,NULL
s5992,Horror Movies, Thrillers,NULL,NULL,NULL,NULL,NULL,NULL
s5993,Action & Adventure,NULL,NULL,NULL,NULL,NULL,NULL,NULL
s5994,Comedies,NULL,NULL,NULL,NULL,NULL,NULL,NULL
s5995,Horror Movies, Independent Movies, Thrillers,NULL,NULL,NULL,NULL,NULL
s5996,Horror Movies, Independent Movies,NULL,NULL,NULL,NULL,NULL,NULL
s5997,Documentaries, Music & Musicals,NULL,NULL,NULL,NULL,NULL,NULL
s5998,International Movies, Music & Musicals,NULL,NULL,NULL,NULL,NULL,NULL
s5999,Sci-Fi & Fantasy,NULL,NULL,NULL,NULL,NULL,NULL,NULL
s6000,Dramas, Independent Movies,NULL,NULL,NULL,NULL,NULL,NULL
s6001,Comedies,NULL,NULL,NULL,NULL,NULL,NULL,NULL
s6002,International TV Shows, TV Dramas,NULL,NULL,NULL,NULL,NULL,NULL
s6003,Action & Adventure, Independent Movies, Sci-Fi & Fantasy,NULL,NULL,NULL,NULL,NULL
s6004,Action & Adventure,NULL,NULL,NULL,NULL,NULL,NULL,NULL
s6005,Action & Adventure, Comedies, International Movies,NULL,NULL,NULL,NULL,NULL
s6006,Documentaries,NULL,NULL,NULL,NULL,NULL,NULL,NULL
s6007,Comedies, Dramas,NULL,NULL,NULL,NULL,NULL,NULL
s6008,Dramas, International Movies, Thrillers,NULL,NULL,NULL,NULL,NULL
s6009,Dramas, LGBTQ Movies,NULL,NULL,NULL,NULL,NULL,NULL
s6010,Dramas, International Movies, Sports Movies,NULL,NULL,NULL,NULL,NULL
s6011,Documentaries, Faith & Spirituality,NULL,NULL,NULL,NULL,NULL,NULL
s6012,Comedies, International Movies,NULL,NULL,NULL,NULL,NULL,NULL
s6013,Action & Adventure, Comedies,NULL,NULL,NULL,NULL,NULL,NULL
s6014,Dramas, International Movies,NULL,NULL,NULL,NULL,NULL,NULL
s6015,Documentaries,NULL,NULL,NULL,NULL,NULL,NULL,NULL
s6016,Comedies, LGBTQ Movies,NULL,NULL,NULL,NULL,NULL,NULL
s6017,Action & Adventure, Comedies, International Movies,NULL,NULL,NULL,NULL,NULL
s6018,Comedies, Dramas, Romantic Movies,NULL,NULL,NULL,NULL,NULL
s6019,Comedies, Romantic Movies,NULL,NULL,NULL,NULL,NULL,NULL
s6020,Comedies, Dramas, Independent Movies,NULL,NULL,NULL,NULL,NULL
s6021,Dramas, International Movies,NULL,NULL,NULL,NULL,NULL,NULL
s6022,Action & Adventure, Dramas, International Movies,NULL,NULL,NULL,NULL,NULL
s6023,Horror Movies, International Movies, Thrillers,NULL,NULL,NULL,NULL,NULL
s6024,Comedies, Independent Movies, Thrillers,NULL,NULL,NULL,NULL,NULL
s6025,TV Shows,NULL,NULL,NULL,NULL,NULL,NULL,NULL
s6026,Comedies, International Movies, Music & Musicals,NULL,NULL,NULL,NULL,NULL
s6027,British TV Shows, Docuseries, Science & Nature TV,NULL,NULL,NULL,NULL,NULL
s6028,Comedies,NULL,NULL,NULL,NULL,NULL,NULL,NULL
s6029,Dramas, Independent Movies, International Movies,NULL,NULL,NULL,NULL,NULL
s6030,Dramas, Sci-Fi & Fantasy,NULL,NULL,NULL,NULL,NULL,NULL
s6031,Action & Adventure, Classic Movies, Dramas,NULL,NULL,NULL,NULL,NULL
s6032,Classic Movies, Cult Movies, Dramas,NULL,NULL,NULL,NULL,NULL
s6033,Dramas, Romantic Movies,NULL,NULL,NULL,NULL,NULL,NULL
s6034,Documentaries, International Movies,NULL,NULL,NULL,NULL,NULL,NULL
s6035,Dramas,NULL,NULL,NULL,NULL,NULL,NULL,NULL
s6036,Action & Adventure, International Movies, Sci-Fi & Fantasy,NULL,NULL,NULL,NULL,NULL
s6037,Comedies, Independent Movies,NULL,NULL,NULL,NULL,NULL,NULL
s6038,International TV Shows, Romantic TV Shows, TV Dramas,NULL,NULL,NULL,NULL,NULL
s6039,Documentaries,NULL,NULL,NULL,NULL,NULL,NULL,NULL
s6040,Comedies, Horror Movies,NULL,NULL,NULL,NULL,NULL,NULL
s6041,Horror Movies, Independent Movies,NULL,NULL,NULL,NULL,NULL,NULL
s6042,Children & Family Movies, Comedies, Romantic Movies,NULL,NULL,NULL,NULL,NULL
s6043,Thrillers,NULL,NULL,NULL,NULL,NULL,NULL,NULL
s6044,Documentaries,NULL,NULL,NULL,NULL,NULL,NULL,NULL
s6045,Crime TV Shows, International TV Shows, Korean TV Shows,NULL,NULL,NULL,NULL,NULL
s6046,Comedies, International Movies,NULL,NULL,NULL,NULL,NULL,NULL
s6047,Dramas, Thrillers,NULL,NULL,NULL,NULL,NULL,NULL
s6048,Documentaries,NULL,NULL,NULL,NULL,NULL,NULL,NULL
s6049,Documentaries, International Movies,NULL,NULL,NULL,NULL,NULL,NULL
s6050,Comedies, Cult Movies,NULL,NULL,NULL,NULL,NULL,NULL
s6051,Dramas, International Movies,NULL,NULL,NULL,NULL,NULL,NULL
s6052,Dramas, Thrillers,NULL,NULL,NULL,NULL,NULL,NULL
s6053,Dramas, Independent Movies, Romantic Movies,NULL,NULL,NULL,NULL,NULL
s6054,Children & Family Movies, Dramas, Romantic Movies,NULL,NULL,NULL,NULL,NULL
s6055,Stand-Up Comedy,NULL,NULL,NULL,NULL,NULL,NULL,NULL
s6056,International Movies, Thrillers,NULL,NULL,NULL,NULL,NULL,NULL
s6057,Dramas, International Movies,NULL,NULL,NULL,NULL,NULL,NULL
s6058,Comedies, Independent Movies,NULL,NULL,NULL,NULL,NULL,NULL
s6059,Dramas, Independent Movies,NULL,NULL,NULL,NULL,NULL,NULL
s6060,Dramas, International Movies,NULL,NULL,NULL,NULL,NULL,NULL
s6061,Comedies, Romantic Movies,NULL,NULL,NULL,NULL,NULL,NULL
s6062,Comedies,NULL,NULL,NULL,NULL,NULL,NULL,NULL
s6063,Dramas, Romantic Movies,NULL,NULL,NULL,NULL,NULL,NULL
s6064,Action & Adventure, Dramas, International Movies,NULL,NULL,NULL,NULL,NULL
s6065,Documentaries,NULL,NULL,NULL,NULL,NULL,NULL,NULL
s6066,Children & Family Movies,NULL,NULL,NULL,NULL,NULL,NULL,NULL
s6067,British TV Shows, TV Comedies, TV Dramas,NULL,NULL,NULL,NULL,NULL
s6068,TV Dramas,NULL,NULL,NULL,NULL,NULL,NULL,NULL
s6069,Horror Movies,NULL,NULL,NULL,NULL,NULL,NULL,NULL
s6070,Action & Adventure, Children & Family Movies, Independent Movies,NULL,NULL,NULL,NULL,NULL
s6071,Dramas, International Movies, Romantic Movies,NULL,NULL,NULL,NULL,NULL
s6072,Comedies, International Movies,NULL,NULL,NULL,NULL,NULL,NULL
s6073,Comedies, Dramas, International Movies,NULL,NULL,NULL,NULL,NULL
s6074,Dramas, International Movies,NULL,NULL,NULL,NULL,NULL,NULL
s6075,Dramas, International Movies,NULL,NULL,NULL,NULL,NULL,NULL
s6076,Comedies, Dramas, International Movies,NULL,NULL,NULL,NULL,NULL
s6077,Comedies, Dramas, International Movies,NULL,NULL,NULL,NULL,NULL
s6078,Action & Adventure, Dramas, International Movies,NULL,NULL,NULL,NULL,NULL
s6079,Comedies, International Movies, Sci-Fi & Fantasy,NULL,NULL,NULL,NULL,NULL
s6080,International TV Shows, Korean TV Shows, Stand-Up Comedy & Talk Shows,NULL,NULL,NULL,NULL,NULL
s6081,Children & Family Movies, Comedies,NULL,NULL,NULL,NULL,NULL,NULL
s6082,Comedies, Dramas, International Movies,NULL,NULL,NULL,NULL,NULL
s6083,Dramas, International Movies,NULL,NULL,NULL,NULL,NULL,NULL
s6084,Comedies, Dramas, International Movies,NULL,NULL,NULL,NULL,NULL
s6085,Dramas, Sports Movies,NULL,NULL,NULL,NULL,NULL,NULL
s6086,Dramas, Music & Musicals, Romantic Movies,NULL,NULL,NULL,NULL,NULL
s6087,Action & Adventure,NULL,NULL,NULL,NULL,NULL,NULL,NULL
s6088,Action & Adventure, International Movies,NULL,NULL,NULL,NULL,NULL,NULL
s6089,Action & Adventure,NULL,NULL,NULL,NULL,NULL,NULL,NULL
s6090,TV Comedies,NULL,NULL,NULL,NULL,NULL,NULL,NULL
s6091,Action & Adventure, Documentaries, International Movies,NULL,NULL,NULL,NULL,NULL
s6092,Dramas, Independent Movies, International Movies,NULL,NULL,NULL,NULL,NULL
s6093,Horror Movies, Independent Movies, International Movies,NULL,NULL,NULL,NULL,NULL
s6094,Comedies,NULL,NULL,NULL,NULL,NULL,NULL,NULL
s6095,British TV Shows, Docuseries, International TV Shows,NULL,NULL,NULL,NULL,NULL
s6096,Documentaries,NULL,NULL,NULL,NULL,NULL,NULL,NULL
s6097,Documentaries,NULL,NULL,NULL,NULL,NULL,NULL,NULL
s6098,Dramas, Independent Movies,NULL,NULL,NULL,NULL,NULL,NULL
s6099,Action & Adventure, Horror Movies,NULL,NULL,NULL,NULL,NULL,NULL
s6100,Dramas,NULL,NULL,NULL,NULL,NULL,NULL,NULL
s6101,British TV Shows, Reality TV, Romantic TV Shows,NULL,NULL,NULL,NULL,NULL
s6102,International TV Shows, Romantic TV Shows, TV Dramas,NULL,NULL,NULL,NULL,NULL
s6103,Crime TV Shows, International TV Shows, TV Action & Adventure,NULL,NULL,NULL,NULL,NULL
s6104,Dramas, International Movies, Romantic Movies,NULL,NULL,NULL,NULL,NULL
s6105,Documentaries,NULL,NULL,NULL,NULL,NULL,NULL,NULL
s6106,British TV Shows, Docuseries, International TV Shows,NULL,NULL,NULL,NULL,NULL
s6107,Dramas, Independent Movies, International Movies,NULL,NULL,NULL,NULL,NULL
s6108,International Movies, Music & Musicals, Romantic Movies,NULL,NULL,NULL,NULL,NULL
s6109,Comedies, International Movies,NULL,NULL,NULL,NULL,NULL,NULL
s6110,Children & Family Movies,NULL,NULL,NULL,NULL,NULL,NULL,NULL
s6111,Documentaries, International Movies, Music & Musicals,NULL,NULL,NULL,NULL,NULL
s6112,Classic Movies, Comedies, Dramas,NULL,NULL,NULL,NULL,NULL
s6113,Documentaries,NULL,NULL,NULL,NULL,NULL,NULL,NULL
s6114,Children & Family Movies, Comedies, Sci-Fi & Fantasy,NULL,NULL,NULL,NULL,NULL
s6115,Documentaries,NULL,NULL,NULL,NULL,NULL,NULL,NULL
s6116,Comedies, Dramas, Independent Movies,NULL,NULL,NULL,NULL,NULL
s6117,Children & Family Movies,NULL,NULL,NULL,NULL,NULL,NULL,NULL
s6118,International Movies, Thrillers,NULL,NULL,NULL,NULL,NULL,NULL
s6119,Children & Family Movies, Independent Movies,NULL,NULL,NULL,NULL,NULL,NULL
s6120,Horror Movies, Thrillers,NULL,NULL,NULL,NULL,NULL,NULL
s6121,Horror Movies,NULL,NULL,NULL,NULL,NULL,NULL,NULL
s6122,Action & Adventure,NULL,NULL,NULL,NULL,NULL,NULL,NULL
s6123,Dramas,NULL,NULL,NULL,NULL,NULL,NULL,NULL
s6124,Thrillers,NULL,NULL,NULL,NULL,NULL,NULL,NULL
s6125,Children & Family Movies,NULL,NULL,NULL,NULL,NULL,NULL,NULL
s6126,Children & Family Movies,NULL,NULL,NULL,NULL,NULL,NULL,NULL
s6127,Kids' TV,NULL,NULL,NULL,NULL,NULL,NULL,NULL
s6128,Documentaries,NULL,NULL,NULL,NULL,NULL,NULL,NULL
s6129,Comedies, Romantic Movies,NULL,NULL,NULL,NULL,NULL,NULL
s6130,Comedies, Dramas, International Movies,NULL,NULL,NULL,NULL,NULL
s6131,Action & Adventure, Classic Movies, Comedies,NULL,NULL,NULL,NULL,NULL
s6132,Dramas, International Movies,NULL,NULL,NULL,NULL,NULL,NULL
s6133,Docuseries,NULL,NULL,NULL,NULL,NULL,NULL,NULL
s6134,Documentaries,NULL,NULL,NULL,NULL,NULL,NULL,NULL
s6135,Action & Adventure,NULL,NULL,NULL,NULL,NULL,NULL,NULL
s6136,Dramas,NULL,NULL,NULL,NULL,NULL,NULL,NULL
s6137,Documentaries,NULL,NULL,NULL,NULL,NULL,NULL,NULL
s6138,Crime TV Shows, TV Dramas,NULL,NULL,NULL,NULL,NULL,NULL
s6139,Documentaries,NULL,NULL,NULL,NULL,NULL,NULL,NULL
s6140,Docuseries,NULL,NULL,NULL,NULL,NULL,NULL,NULL
s6141,Documentaries,NULL,NULL,NULL,NULL,NULL,NULL,NULL
s6142,Thrillers,NULL,NULL,NULL,NULL,NULL,NULL,NULL
s6143,Action & Adventure, Dramas,NULL,NULL,NULL,NULL,NULL,NULL
s6144,Dramas,NULL,NULL,NULL,NULL,NULL,NULL,NULL
s6145,Dramas, Independent Movies,NULL,NULL,NULL,NULL,NULL,NULL
s6146,Documentaries, Sports Movies,NULL,NULL,NULL,NULL,NULL,NULL
s6147,TV Dramas, TV Thrillers,NULL,NULL,NULL,NULL,NULL,NULL
s6148,Comedies, Cult Movies, Dramas,NULL,NULL,NULL,NULL,NULL
s6149,Dramas,NULL,NULL,NULL,NULL,NULL,NULL,NULL
s6150,Documentaries, International Movies, Music & Musicals,NULL,NULL,NULL,NULL,NULL
s6151,Documentaries, International Movies,NULL,NULL,NULL,NULL,NULL,NULL
s6152,Children & Family Movies,NULL,NULL,NULL,NULL,NULL,NULL,NULL
s6153,Children & Family Movies,NULL,NULL,NULL,NULL,NULL,NULL,NULL
s6154,Children & Family Movies,NULL,NULL,NULL,NULL,NULL,NULL,NULL
s6155,Children & Family Movies,NULL,NULL,NULL,NULL,NULL,NULL,NULL
s6156,Dramas, International Movies,NULL,NULL,NULL,NULL,NULL,NULL
s6157,International TV Shows, Romantic TV Shows, TV Dramas,NULL,NULL,NULL,NULL,NULL
s6158,Dramas, Faith & Spirituality,NULL,NULL,NULL,NULL,NULL,NULL
s6159,Comedies, Dramas, International Movies,NULL,NULL,NULL,NULL,NULL
s6160,Dramas, Independent Movies, International Movies,NULL,NULL,NULL,NULL,NULL
s6161,Comedies, Dramas, LGBTQ Movies,NULL,NULL,NULL,NULL,NULL
s6162,Docuseries, Science & Nature TV,NULL,NULL,NULL,NULL,NULL,NULL
s6163,Dramas, Independent Movies,NULL,NULL,NULL,NULL,NULL,NULL
s6164,Dramas, Romantic Movies,NULL,NULL,NULL,NULL,NULL,NULL
s6165,Comedies,NULL,NULL,NULL,NULL,NULL,NULL,NULL
s6166,Dramas, Independent Movies, International Movies,NULL,NULL,NULL,NULL,NULL
s6167,International TV Shows, TV Horror, TV Thrillers,NULL,NULL,NULL,NULL,NULL
s6168,International TV Shows, TV Horror, TV Mysteries,NULL,NULL,NULL,NULL,NULL
s6169,Dramas, International Movies, Thrillers,NULL,NULL,NULL,NULL,NULL
s6170,Children & Family Movies,NULL,NULL,NULL,NULL,NULL,NULL,NULL
s6171,Dramas, Independent Movies, International Movies,NULL,NULL,NULL,NULL,NULL
s6172,Action & Adventure, Comedies, Sci-Fi & Fantasy,NULL,NULL,NULL,NULL,NULL
s6173,Comedies, International Movies,NULL,NULL,NULL,NULL,NULL,NULL
s6174,Children & Family Movies,NULL,NULL,NULL,NULL,NULL,NULL,NULL
s6175,Docuseries,NULL,NULL,NULL,NULL,NULL,NULL,NULL
s6176,Action & Adventure, Horror Movies,NULL,NULL,NULL,NULL,NULL,NULL
s6177,Dramas, Independent Movies, International Movies,NULL,NULL,NULL,NULL,NULL
s6178,Anime Series, Kids' TV,NULL,NULL,NULL,NULL,NULL,NULL
s6179,Documentaries,NULL,NULL,NULL,NULL,NULL,NULL,NULL
s6180,Documentaries,NULL,NULL,NULL,NULL,NULL,NULL,NULL
s6181,Horror Movies, Sci-Fi & Fantasy, Thrillers,NULL,NULL,NULL,NULL,NULL
s6182,Action & Adventure, Comedies, International Movies,NULL,NULL,NULL,NULL,NULL
s6183,Dramas, Independent Movies,NULL,NULL,NULL,NULL,NULL,NULL
s6184,Comedies, Dramas, International Movies,NULL,NULL,NULL,NULL,NULL
s6185,Comedies, Dramas, International Movies,NULL,NULL,NULL,NULL,NULL
s6186,Comedies, Romantic Movies,NULL,NULL,NULL,NULL,NULL,NULL
s6187,Children & Family Movies, Comedies,NULL,NULL,NULL,NULL,NULL,NULL
s6188,Horror Movies, Thrillers,NULL,NULL,NULL,NULL,NULL,NULL
s6189,Comedies, Romantic Movies,NULL,NULL,NULL,NULL,NULL,NULL
s6190,Horror Movies, Sci-Fi & Fantasy, Thrillers,NULL,NULL,NULL,NULL,NULL
s6191,Action & Adventure, Dramas, International Movies,NULL,NULL,NULL,NULL,NULL
s6192,Documentaries, Sports Movies,NULL,NULL,NULL,NULL,NULL,NULL
s6193,Dramas, Sci-Fi & Fantasy,NULL,NULL,NULL,NULL,NULL,NULL
s6194,Comedies, International Movies, Romantic Movies,NULL,NULL,NULL,NULL,NULL
s6195,Crime TV Shows, Kids' TV, TV Comedies,NULL,NULL,NULL,NULL,NULL
s6196,Documentaries, International Movies,NULL,NULL,NULL,NULL,NULL,NULL
s6197,Comedies, Independent Movies, International Movies,NULL,NULL,NULL,NULL,NULL
s6198,Documentaries,NULL,NULL,NULL,NULL,NULL,NULL,NULL
s6199,Docuseries, International TV Shows, Reality TV,NULL,NULL,NULL,NULL,NULL
s6200,International Movies, Sci-Fi & Fantasy, Thrillers,NULL,NULL,NULL,NULL,NULL
s6201,Action & Adventure, Sci-Fi & Fantasy,NULL,NULL,NULL,NULL,NULL,NULL
s6202,Documentaries, International Movies, Music & Musicals,NULL,NULL,NULL,NULL,NULL
s6203,Dramas, International Movies, Sports Movies,NULL,NULL,NULL,NULL,NULL
s6204,Dramas, Independent Movies, International Movies,NULL,NULL,NULL,NULL,NULL
s6205,Dramas, International Movies,NULL,NULL,NULL,NULL,NULL,NULL
s6206,Dramas, Independent Movies,NULL,NULL,NULL,NULL,NULL,NULL
s6207,Documentaries, International Movies,NULL,NULL,NULL,NULL,NULL,NULL
s6208,Comedies, Dramas, International Movies,NULL,NULL,NULL,NULL,NULL
s6209,Horror Movies, Independent Movies, Thrillers,NULL,NULL,NULL,NULL,NULL
s6210,Dramas, Independent Movies, Thrillers,NULL,NULL,NULL,NULL,NULL
s6211,Dramas, Thrillers,NULL,NULL,NULL,NULL,NULL,NULL
s6212,Action & Adventure, Comedies,NULL,NULL,NULL,NULL,NULL,NULL
s6213,Action & Adventure, Comedies,NULL,NULL,NULL,NULL,NULL,NULL
s6214,British TV Shows, TV Comedies,NULL,NULL,NULL,NULL,NULL,NULL
s6215,Thrillers,NULL,NULL,NULL,NULL,NULL,NULL,NULL
s6216,Documentaries, Music & Musicals,NULL,NULL,NULL,NULL,NULL,NULL
s6217,International TV Shows, TV Dramas,NULL,NULL,NULL,NULL,NULL,NULL
s6218,Dramas, International Movies,NULL,NULL,NULL,NULL,NULL,NULL
s6219,Dramas,NULL,NULL,NULL,NULL,NULL,NULL,NULL
s6220,International TV Shows, Spanish-Language TV Shows, TV Dramas,NULL,NULL,NULL,NULL,NULL
s6221,Children & Family Movies, Dramas,NULL,NULL,NULL,NULL,NULL,NULL
s6222,Children & Family Movies,NULL,NULL,NULL,NULL,NULL,NULL,NULL
s6223,Children & Family Movies,NULL,NULL,NULL,NULL,NULL,NULL,NULL
s6224,International Movies, Romantic Movies,NULL,NULL,NULL,NULL,NULL,NULL
s6225,Comedies, International Movies, Romantic Movies,NULL,NULL,NULL,NULL,NULL
s6226,Comedies, Dramas, Independent Movies,NULL,NULL,NULL,NULL,NULL
s6227,Action & Adventure, Comedies, Independent Movies,NULL,NULL,NULL,NULL,NULL
s6228,Action & Adventure, International Movies,NULL,NULL,NULL,NULL,NULL,NULL
s6229,International TV Shows, Romantic TV Shows, TV Comedies,NULL,NULL,NULL,NULL,NULL
s6230,Dramas, International Movies,NULL,NULL,NULL,NULL,NULL,NULL
s6231,Comedies, International Movies, Romantic Movies,NULL,NULL,NULL,NULL,NULL
s6232,Documentaries, International Movies, Sports Movies,NULL,NULL,NULL,NULL,NULL
s6233,Dramas, International Movies,NULL,NULL,NULL,NULL,NULL,NULL
s6234,Documentaries, International Movies,NULL,NULL,NULL,NULL,NULL,NULL
s6235,Children & Family Movies,NULL,NULL,NULL,NULL,NULL,NULL,NULL
s6236,Children & Family Movies,NULL,NULL,NULL,NULL,NULL,NULL,NULL
s6237,Children & Family Movies,NULL,NULL,NULL,NULL,NULL,NULL,NULL
s6238,Children & Family Movies,NULL,NULL,NULL,NULL,NULL,NULL,NULL
s6239,Children & Family Movies,NULL,NULL,NULL,NULL,NULL,NULL,NULL
s6240,Children & Family Movies,NULL,NULL,NULL,NULL,NULL,NULL,NULL
s6241,Children & Family Movies,NULL,NULL,NULL,NULL,NULL,NULL,NULL
s6242,Children & Family Movies,NULL,NULL,NULL,NULL,NULL,NULL,NULL
s6243,Children & Family Movies,NULL,NULL,NULL,NULL,NULL,NULL,NULL
s6244,Children & Family Movies,NULL,NULL,NULL,NULL,NULL,NULL,NULL
s6245,Action & Adventure, Comedies,NULL,NULL,NULL,NULL,NULL,NULL
s6246,Comedies, International Movies,NULL,NULL,NULL,NULL,NULL,NULL
s6247,Action & Adventure, International Movies, Music & Musicals,NULL,NULL,NULL,NULL,NULL
s6248,Comedies, Sports Movies,NULL,NULL,NULL,NULL,NULL,NULL
s6249,Classic Movies, Thrillers,NULL,NULL,NULL,NULL,NULL,NULL
s6250,Kids' TV,NULL,NULL,NULL,NULL,NULL,NULL,NULL
s6251,Crime TV Shows, TV Dramas, TV Horror,NULL,NULL,NULL,NULL,NULL
s6252,Documentaries, Music & Musicals,NULL,NULL,NULL,NULL,NULL,NULL
s6253,Crime TV Shows, TV Comedies, TV Dramas,NULL,NULL,NULL,NULL,NULL
s6254,British TV Shows, Docuseries, Reality TV,NULL,NULL,NULL,NULL,NULL
s6255,Classic Movies, Comedies, Dramas,NULL,NULL,NULL,NULL,NULL
s6256,Dramas, Independent Movies, International Movies,NULL,NULL,NULL,NULL,NULL
s6257,Documentaries,NULL,NULL,NULL,NULL,NULL,NULL,NULL
s6258,Comedies, Dramas, Romantic Movies,NULL,NULL,NULL,NULL,NULL
s6259,Kids' TV,NULL,NULL,NULL,NULL,NULL,NULL,NULL
s6260,Documentaries, International Movies,NULL,NULL,NULL,NULL,NULL,NULL
s6261,Comedies, International Movies,NULL,NULL,NULL,NULL,NULL,NULL
s6262,Children & Family Movies, Documentaries, International Movies,NULL,NULL,NULL,NULL,NULL
s6263,Docuseries,NULL,NULL,NULL,NULL,NULL,NULL,NULL
s6264,International TV Shows, Korean TV Shows, Romantic TV Shows,NULL,NULL,NULL,NULL,NULL
s6265,Crime TV Shows, Romantic TV Shows, TV Dramas,NULL,NULL,NULL,NULL,NULL
s6266,International TV Shows, Romantic TV Shows, TV Comedies,NULL,NULL,NULL,NULL,NULL
s6267,Comedies, Cult Movies,NULL,NULL,NULL,NULL,NULL,NULL
s6268,Comedies,NULL,NULL,NULL,NULL,NULL,NULL,NULL
s6269,Comedies, Dramas, International Movies,NULL,NULL,NULL,NULL,NULL
s6270,Comedies, International Movies,NULL,NULL,NULL,NULL,NULL,NULL
s6271,Dramas, Romantic Movies,NULL,NULL,NULL,NULL,NULL,NULL
s6272,Children & Family Movies, Comedies,NULL,NULL,NULL,NULL,NULL,NULL
s6273,Documentaries,NULL,NULL,NULL,NULL,NULL,NULL,NULL
s6274,Documentaries, International Movies,NULL,NULL,NULL,NULL,NULL,NULL
s6275,Documentaries, LGBTQ Movies, Music & Musicals,NULL,NULL,NULL,NULL,NULL
s6276,International TV Shows, Romantic TV Shows, TV Dramas,NULL,NULL,NULL,NULL,NULL
s6277,Crime TV Shows, International TV Shows, TV Dramas,NULL,NULL,NULL,NULL,NULL
s6278,Dramas, International Movies, Romantic Movies,NULL,NULL,NULL,NULL,NULL
s6279,Documentaries, International Movies, Sports Movies,NULL,NULL,NULL,NULL,NULL
s6280,Romantic TV Shows, TV Dramas,NULL,NULL,NULL,NULL,NULL,NULL
s6281,Dramas, Independent Movies, International Movies,NULL,NULL,NULL,NULL,NULL
s6282,Kids' TV,NULL,NULL,NULL,NULL,NULL,NULL,NULL
s6283,Independent Movies, Thrillers,NULL,NULL,NULL,NULL,NULL,NULL
s6284,Children & Family Movies, Dramas,NULL,NULL,NULL,NULL,NULL,NULL
s6285,Children & Family Movies,NULL,NULL,NULL,NULL,NULL,NULL,NULL
s6286,Comedies, International Movies, Sports Movies,NULL,NULL,NULL,NULL,NULL
s6287,Dramas, International Movies, Romantic Movies,NULL,NULL,NULL,NULL,NULL
s6288,Comedies, International Movies,NULL,NULL,NULL,NULL,NULL,NULL
s6289,Documentaries,NULL,NULL,NULL,NULL,NULL,NULL,NULL
s6290,Dramas, International Movies, Romantic Movies,NULL,NULL,NULL,NULL,NULL
s6291,Comedies, International Movies, Romantic Movies,NULL,NULL,NULL,NULL,NULL
s6292,Anime Series, Kids' TV,NULL,NULL,NULL,NULL,NULL,NULL
s6293,Documentaries, International Movies, Sports Movies,NULL,NULL,NULL,NULL,NULL
s6294,Dramas, Independent Movies, International Movies,NULL,NULL,NULL,NULL,NULL
s6295,International TV Shows, TV Comedies,NULL,NULL,NULL,NULL,NULL,NULL
s6296,International TV Shows, Romantic TV Shows, TV Dramas,NULL,NULL,NULL,NULL,NULL
s6297,Comedies, International Movies, Romantic Movies,NULL,NULL,NULL,NULL,NULL
s6298,Children & Family Movies,NULL,NULL,NULL,NULL,NULL,NULL,NULL
s6299,Dramas, International Movies, Thrillers,NULL,NULL,NULL,NULL,NULL
s6300,Horror Movies, International Movies, Thrillers,NULL,NULL,NULL,NULL,NULL
s6301,Dramas, Independent Movies, International Movies,NULL,NULL,NULL,NULL,NULL
s6302,Kids' TV, TV Comedies,NULL,NULL,NULL,NULL,NULL,NULL
s6303,Comedies,NULL,NULL,NULL,NULL,NULL,NULL,NULL
s6304,Comedies,NULL,NULL,NULL,NULL,NULL,NULL,NULL
s6305,British TV Shows, International TV Shows, Reality TV,NULL,NULL,NULL,NULL,NULL
s6306,Children & Family Movies, Comedies,NULL,NULL,NULL,NULL,NULL,NULL
s6307,Action & Adventure,NULL,NULL,NULL,NULL,NULL,NULL,NULL
s6308,Documentaries,NULL,NULL,NULL,NULL,NULL,NULL,NULL
s6309,Children & Family Movies, Comedies,NULL,NULL,NULL,NULL,NULL,NULL
s6310,Documentaries, Music & Musicals,NULL,NULL,NULL,NULL,NULL,NULL
s6311,Stand-Up Comedy,NULL,NULL,NULL,NULL,NULL,NULL,NULL
s6312,Dramas, Independent Movies, International Movies,NULL,NULL,NULL,NULL,NULL
s6313,Documentaries, Faith & Spirituality,NULL,NULL,NULL,NULL,NULL,NULL
s6314,Dramas, International Movies,NULL,NULL,NULL,NULL,NULL,NULL
s6315,Dramas, International Movies, LGBTQ Movies,NULL,NULL,NULL,NULL,NULL
s6316,Comedies, Independent Movies, International Movies,NULL,NULL,NULL,NULL,NULL
s6317,Comedies, Dramas, Independent Movies,NULL,NULL,NULL,NULL,NULL
s6318,Action & Adventure, Comedies, International Movies,NULL,NULL,NULL,NULL,NULL
s6319,International TV Shows, TV Dramas, TV Horror,NULL,NULL,NULL,NULL,NULL
s6320,Crime TV Shows, International TV Shows, TV Dramas,NULL,NULL,NULL,NULL,NULL
s6321,Comedies, Dramas, International Movies,NULL,NULL,NULL,NULL,NULL
s6322,Dramas,NULL,NULL,NULL,NULL,NULL,NULL,NULL
s6323,Action & Adventure, Dramas,NULL,NULL,NULL,NULL,NULL,NULL
s6324,Crime TV Shows, International TV Shows, TV Dramas,NULL,NULL,NULL,NULL,NULL
s6325,Documentaries, International Movies,NULL,NULL,NULL,NULL,NULL,NULL
s6326,Action & Adventure, Sci-Fi & Fantasy,NULL,NULL,NULL,NULL,NULL,NULL
s6327,Action & Adventure,NULL,NULL,NULL,NULL,NULL,NULL,NULL
s6328,Dramas, Independent Movies,NULL,NULL,NULL,NULL,NULL,NULL
s6329,Dramas, International Movies, Thrillers,NULL,NULL,NULL,NULL,NULL
s6330,Documentaries,NULL,NULL,NULL,NULL,NULL,NULL,NULL
s6331,Thrillers,NULL,NULL,NULL,NULL,NULL,NULL,NULL
s6332,Dramas, Independent Movies, Music & Musicals,NULL,NULL,NULL,NULL,NULL
s6333,Dramas, Sports Movies,NULL,NULL,NULL,NULL,NULL,NULL
s6334,Children & Family Movies,NULL,NULL,NULL,NULL,NULL,NULL,NULL
s6335,Comedies, Independent Movies, International Movies,NULL,NULL,NULL,NULL,NULL
s6336,International TV Shows, TV Dramas, TV Sci-Fi & Fantasy,NULL,NULL,NULL,NULL,NULL
s6337,Action & Adventure, International Movies,NULL,NULL,NULL,NULL,NULL,NULL
s6338,Dramas,NULL,NULL,NULL,NULL,NULL,NULL,NULL
s6339,Dramas, Independent Movies, International Movies,NULL,NULL,NULL,NULL,NULL
s6340,Comedies, Dramas, Independent Movies,NULL,NULL,NULL,NULL,NULL
s6341,Comedies,NULL,NULL,NULL,NULL,NULL,NULL,NULL
s6342,British TV Shows, Docuseries, Science & Nature TV,NULL,NULL,NULL,NULL,NULL
s6343,Independent Movies, Thrillers,NULL,NULL,NULL,NULL,NULL,NULL
s6344,Action & Adventure, Comedies,NULL,NULL,NULL,NULL,NULL,NULL
s6345,Dramas, Independent Movies, Romantic Movies,NULL,NULL,NULL,NULL,NULL
s6346,Documentaries,NULL,NULL,NULL,NULL,NULL,NULL,NULL
s6347,Documentaries,NULL,NULL,NULL,NULL,NULL,NULL,NULL
s6348,TV Shows,NULL,NULL,NULL,NULL,NULL,NULL,NULL
s6349,Children & Family Movies,NULL,NULL,NULL,NULL,NULL,NULL,NULL
s6350,Documentaries,NULL,NULL,NULL,NULL,NULL,NULL,NULL
s6351,Classic Movies, Dramas, International Movies,NULL,NULL,NULL,NULL,NULL
s6352,Documentaries, International Movies, Sports Movies,NULL,NULL,NULL,NULL,NULL
s6353,Documentaries,NULL,NULL,NULL,NULL,NULL,NULL,NULL
s6354,Dramas, Independent Movies, Sci-Fi & Fantasy,NULL,NULL,NULL,NULL,NULL
s6355,Children & Family Movies, Comedies,NULL,NULL,NULL,NULL,NULL,NULL
s6356,Documentaries,NULL,NULL,NULL,NULL,NULL,NULL,NULL
s6357,Comedies, International Movies,NULL,NULL,NULL,NULL,NULL,NULL
s6358,Reality TV,NULL,NULL,NULL,NULL,NULL,NULL,NULL
s6359,Action & Adventure, Classic Movies, Dramas,NULL,NULL,NULL,NULL,NULL
s6360,Action & Adventure, Dramas, International Movies,NULL,NULL,NULL,NULL,NULL
s6361,Reality TV,NULL,NULL,NULL,NULL,NULL,NULL,NULL
s6362,British TV Shows, TV Comedies,NULL,NULL,NULL,NULL,NULL,NULL
s6363,Documentaries, Sports Movies,NULL,NULL,NULL,NULL,NULL,NULL
s6364,Documentaries, International Movies,NULL,NULL,NULL,NULL,NULL,NULL
s6365,British TV Shows, Docuseries, International TV Shows,NULL,NULL,NULL,NULL,NULL
s6366,Dramas, Independent Movies, Thrillers,NULL,NULL,NULL,NULL,NULL
s6367,Children & Family Movies,NULL,NULL,NULL,NULL,NULL,NULL,NULL
s6368,Comedies, Romantic Movies,NULL,NULL,NULL,NULL,NULL,NULL
s6369,Docuseries, Science & Nature TV,NULL,NULL,NULL,NULL,NULL,NULL
s6370,Dramas, Romantic Movies, Sports Movies,NULL,NULL,NULL,NULL,NULL
s6371,Children & Family Movies, Comedies,NULL,NULL,NULL,NULL,NULL,NULL
s6372,Crime TV Shows, Docuseries,NULL,NULL,NULL,NULL,NULL,NULL
s6373,Comedies, Independent Movies,NULL,NULL,NULL,NULL,NULL,NULL
s6374,Reality TV,NULL,NULL,NULL,NULL,NULL,NULL,NULL
s6375,Documentaries, International Movies, LGBTQ Movies,NULL,NULL,NULL,NULL,NULL
s6376,Dramas, Sports Movies,NULL,NULL,NULL,NULL,NULL,NULL
s6377,Independent Movies, Thrillers,NULL,NULL,NULL,NULL,NULL,NULL
s6378,Comedies,NULL,NULL,NULL,NULL,NULL,NULL,NULL
s6379,International TV Shows, Reality TV,NULL,NULL,NULL,NULL,NULL,NULL
s6380,Dramas, Thrillers,NULL,NULL,NULL,NULL,NULL,NULL
s6381,Action & Adventure, International Movies,NULL,NULL,NULL,NULL,NULL,NULL
s6382,TV Comedies,NULL,NULL,NULL,NULL,NULL,NULL,NULL
s6383,Children & Family Movies, Comedies,NULL,NULL,NULL,NULL,NULL,NULL
s6384,Children & Family Movies, Comedies,NULL,NULL,NULL,NULL,NULL,NULL
s6385,Children & Family Movies, Comedies,NULL,NULL,NULL,NULL,NULL,NULL
s6386,International TV Shows, TV Dramas,NULL,NULL,NULL,NULL,NULL,NULL
s6387,Action & Adventure, International Movies,NULL,NULL,NULL,NULL,NULL,NULL
s6388,Documentaries, International Movies,NULL,NULL,NULL,NULL,NULL,NULL
s6389,Independent Movies, Thrillers,NULL,NULL,NULL,NULL,NULL,NULL
s6390,Kids' TV,NULL,NULL,NULL,NULL,NULL,NULL,NULL
s6391,Dramas, Romantic Movies,NULL,NULL,NULL,NULL,NULL,NULL
s6392,Documentaries,NULL,NULL,NULL,NULL,NULL,NULL,NULL
s6393,Dramas, Independent Movies, International Movies,NULL,NULL,NULL,NULL,NULL
s6394,British TV Shows, TV Comedies,NULL,NULL,NULL,NULL,NULL,NULL
s6395,Action & Adventure, Independent Movies,NULL,NULL,NULL,NULL,NULL,NULL
s6396,Classic Movies, Dramas, Romantic Movies,NULL,NULL,NULL,NULL,NULL
s6397,Dramas, Independent Movies, International Movies,NULL,NULL,NULL,NULL,NULL
s6398,Horror Movies, Thrillers,NULL,NULL,NULL,NULL,NULL,NULL
s6399,British TV Shows, International TV Shows, Reality TV,NULL,NULL,NULL,NULL,NULL
s6400,Dramas, International Movies, Sports Movies,NULL,NULL,NULL,NULL,NULL
s6401,Comedies, International Movies, Romantic Movies,NULL,NULL,NULL,NULL,NULL
s6402,International TV Shows, Korean TV Shows, Romantic TV Shows,NULL,NULL,NULL,NULL,NULL
s6403,Comedies, Dramas, International Movies,NULL,NULL,NULL,NULL,NULL
s6404,Dramas, International Movies,NULL,NULL,NULL,NULL,NULL,NULL
s6405,Kids' TV,NULL,NULL,NULL,NULL,NULL,NULL,NULL
s6406,Children & Family Movies,NULL,NULL,NULL,NULL,NULL,NULL,NULL
s6407,Children & Family Movies,NULL,NULL,NULL,NULL,NULL,NULL,NULL
s6408,International TV Shows, Spanish-Language TV Shows, TV Dramas,NULL,NULL,NULL,NULL,NULL
s6409,Crime TV Shows, Romantic TV Shows, Spanish-Language TV Shows,NULL,NULL,NULL,NULL,NULL
s6410,Comedies, Dramas,NULL,NULL,NULL,NULL,NULL,NULL
s6411,Children & Family Movies, Comedies, Dramas,NULL,NULL,NULL,NULL,NULL
s6412,Docuseries,NULL,NULL,NULL,NULL,NULL,NULL,NULL
s6413,Dramas, Independent Movies,NULL,NULL,NULL,NULL,NULL,NULL
s6414,International TV Shows, Korean TV Shows, Romantic TV Shows,NULL,NULL,NULL,NULL,NULL
s6415,Comedies, Romantic Movies,NULL,NULL,NULL,NULL,NULL,NULL
s6416,Cult Movies, Horror Movies,NULL,NULL,NULL,NULL,NULL,NULL
s6417,Crime TV Shows, International TV Shows, TV Dramas,NULL,NULL,NULL,NULL,NULL
s6418,Documentaries,NULL,NULL,NULL,NULL,NULL,NULL,NULL
s6419,Comedies, Dramas, International Movies,NULL,NULL,NULL,NULL,NULL
s6420,Dramas, International Movies,NULL,NULL,NULL,NULL,NULL,NULL
s6421,Kids' TV,NULL,NULL,NULL,NULL,NULL,NULL,NULL
s6422,Dramas, International Movies,NULL,NULL,NULL,NULL,NULL,NULL
s6423,Dramas, LGBTQ Movies, Romantic Movies,NULL,NULL,NULL,NULL,NULL
s6424,Classic Movies, Cult Movies, Horror Movies,NULL,NULL,NULL,NULL,NULL
s6425,Horror Movies, Sci-Fi & Fantasy, Thrillers,NULL,NULL,NULL,NULL,NULL
s6426,Comedies,NULL,NULL,NULL,NULL,NULL,NULL,NULL
s6427,Anime Series, Crime TV Shows, TV Thrillers,NULL,NULL,NULL,NULL,NULL
s6428,Action & Adventure,NULL,NULL,NULL,NULL,NULL,NULL,NULL
s6429,Action & Adventure, Dramas, International Movies,NULL,NULL,NULL,NULL,NULL
s6430,Action & Adventure, Dramas, International Movies,NULL,NULL,NULL,NULL,NULL
s6431,International TV Shows, Romantic TV Shows, TV Comedies,NULL,NULL,NULL,NULL,NULL
s6432,Classic Movies, Dramas,NULL,NULL,NULL,NULL,NULL,NULL
s6433,Documentaries,NULL,NULL,NULL,NULL,NULL,NULL,NULL
s6434,Children & Family Movies, Comedies,NULL,NULL,NULL,NULL,NULL,NULL
s6435,Documentaries, International Movies,NULL,NULL,NULL,NULL,NULL,NULL
s6436,Action & Adventure, International Movies, Thrillers,NULL,NULL,NULL,NULL,NULL
s6437,Documentaries, International Movies,NULL,NULL,NULL,NULL,NULL,NULL
s6438,Dramas,NULL,NULL,NULL,NULL,NULL,NULL,NULL
s6439,Dramas, Faith & Spirituality, International Movies,NULL,NULL,NULL,NULL,NULL
s6440,Comedies, Dramas, International Movies,NULL,NULL,NULL,NULL,NULL
s6441,Comedies, International Movies, Romantic Movies,NULL,NULL,NULL,NULL,NULL
s6442,Comedies, Dramas, International Movies,NULL,NULL,NULL,NULL,NULL
s6443,Documentaries, International Movies,NULL,NULL,NULL,NULL,NULL,NULL
s6444,Dramas,NULL,NULL,NULL,NULL,NULL,NULL,NULL
s6445,Dramas, International Movies, Romantic Movies,NULL,NULL,NULL,NULL,NULL
s6446,Dramas,NULL,NULL,NULL,NULL,NULL,NULL,NULL
s6447,Children & Family Movies, Comedies,NULL,NULL,NULL,NULL,NULL,NULL
s6448,Action & Adventure, Comedies,NULL,NULL,NULL,NULL,NULL,NULL
s6449,Children & Family Movies, Classic Movies,NULL,NULL,NULL,NULL,NULL,NULL
s6450,Comedies, International Movies, Music & Musicals,NULL,NULL,NULL,NULL,NULL
s6451,Comedies, Cult Movies, Dramas,NULL,NULL,NULL,NULL,NULL
s6452,Docuseries, Reality TV, Science & Nature TV,NULL,NULL,NULL,NULL,NULL
s6453,Action & Adventure, Dramas, International Movies,NULL,NULL,NULL,NULL,NULL
s6454,Documentaries, Music & Musicals,NULL,NULL,NULL,NULL,NULL,NULL
s6455,Dramas, Independent Movies, International Movies,NULL,NULL,NULL,NULL,NULL
s6456,International TV Shows, Reality TV,NULL,NULL,NULL,NULL,NULL,NULL
s6457,Classic & Cult TV, TV Comedies,NULL,NULL,NULL,NULL,NULL,NULL
s6458,International TV Shows, Korean TV Shows, Reality TV,NULL,NULL,NULL,NULL,NULL
s6459,Horror Movies, Thrillers,NULL,NULL,NULL,NULL,NULL,NULL
s6460,British TV Shows, TV Comedies,NULL,NULL,NULL,NULL,NULL,NULL
s6461,British TV Shows, International TV Shows, Romantic TV Shows,NULL,NULL,NULL,NULL,NULL
s6462,Movies,NULL,NULL,NULL,NULL,NULL,NULL,NULL
s6463,Children & Family Movies,NULL,NULL,NULL,NULL,NULL,NULL,NULL
s6464,Movies,NULL,NULL,NULL,NULL,NULL,NULL,NULL
s6465,Children & Family Movies,NULL,NULL,NULL,NULL,NULL,NULL,NULL
s6466,Comedies, International Movies,NULL,NULL,NULL,NULL,NULL,NULL
s6467,Children & Family Movies, Comedies,NULL,NULL,NULL,NULL,NULL,NULL
s6468,Comedies, Dramas, International Movies,NULL,NULL,NULL,NULL,NULL
s6469,Cult Movies, Horror Movies,NULL,NULL,NULL,NULL,NULL,NULL
s6470,TV Shows,NULL,NULL,NULL,NULL,NULL,NULL,NULL
s6471,Action & Adventure, International Movies,NULL,NULL,NULL,NULL,NULL,NULL
s6472,Stand-Up Comedy,NULL,NULL,NULL,NULL,NULL,NULL,NULL
s6473,Dramas, Independent Movies, International Movies,NULL,NULL,NULL,NULL,NULL
s6474,Children & Family Movies, Classic Movies, Comedies,NULL,NULL,NULL,NULL,NULL
s6475,Independent Movies, Thrillers,NULL,NULL,NULL,NULL,NULL,NULL
s6476,Documentaries, Music & Musicals,NULL,NULL,NULL,NULL,NULL,NULL
s6477,Comedies, Faith & Spirituality, Romantic Movies,NULL,NULL,NULL,NULL,NULL
s6478,Docuseries,NULL,NULL,NULL,NULL,NULL,NULL,NULL
s6479,Comedies, Romantic Movies,NULL,NULL,NULL,NULL,NULL,NULL
s6480,Children & Family Movies, Dramas, Romantic Movies,NULL,NULL,NULL,NULL,NULL
s6481,Children & Family Movies, Comedies,NULL,NULL,NULL,NULL,NULL,NULL
s6482,Children & Family Movies, Comedies, Dramas,NULL,NULL,NULL,NULL,NULL
s6483,Dramas, International Movies, Thrillers,NULL,NULL,NULL,NULL,NULL
s6484,Kids' TV,NULL,NULL,NULL,NULL,NULL,NULL,NULL
s6485,Comedies, International Movies,NULL,NULL,NULL,NULL,NULL,NULL
s6486,Classic Movies, Comedies, International Movies,NULL,NULL,NULL,NULL,NULL
s6487,Action & Adventure, Horror Movies, Sci-Fi & Fantasy,NULL,NULL,NULL,NULL,NULL
s6488,British TV Shows, Docuseries, Science & Nature TV,NULL,NULL,NULL,NULL,NULL
s6489,Dramas, Independent Movies, International Movies,NULL,NULL,NULL,NULL,NULL
s6490,Dramas, International Movies, Thrillers,NULL,NULL,NULL,NULL,NULL
s6491,British TV Shows, Docuseries,NULL,NULL,NULL,NULL,NULL,NULL
s6492,Documentaries, Music & Musicals,NULL,NULL,NULL,NULL,NULL,NULL
s6493,Action & Adventure, Sci-Fi & Fantasy,NULL,NULL,NULL,NULL,NULL,NULL
s6494,Dramas,NULL,NULL,NULL,NULL,NULL,NULL,NULL
s6495,Comedies,NULL,NULL,NULL,NULL,NULL,NULL,NULL
s6496,Docuseries, International TV Shows,NULL,NULL,NULL,NULL,NULL,NULL
s6497,Action & Adventure, Classic Movies,NULL,NULL,NULL,NULL,NULL,NULL
s6498,Comedies, Sci-Fi & Fantasy,NULL,NULL,NULL,NULL,NULL,NULL
s6499,British TV Shows, Crime TV Shows, Docuseries,NULL,NULL,NULL,NULL,NULL
s6500,Documentaries, Music & Musicals,NULL,NULL,NULL,NULL,NULL,NULL
s6501,Dramas, Thrillers,NULL,NULL,NULL,NULL,NULL,NULL
s6502,Action & Adventure, Cult Movies, Dramas,NULL,NULL,NULL,NULL,NULL
s6503,Dramas, International Movies,NULL,NULL,NULL,NULL,NULL,NULL
s6504,Action & Adventure, Horror Movies, Sci-Fi & Fantasy,NULL,NULL,NULL,NULL,NULL
s6505,International TV Shows, Romantic TV Shows, TV Dramas,NULL,NULL,NULL,NULL,NULL
s6506,International TV Shows, Romantic TV Shows, TV Dramas,NULL,NULL,NULL,NULL,NULL
s6507,International TV Shows, Romantic TV Shows, TV Comedies,NULL,NULL,NULL,NULL,NULL
s6508,International TV Shows, Romantic TV Shows, TV Dramas,NULL,NULL,NULL,NULL,NULL
s6509,International TV Shows, Romantic TV Shows, TV Comedies,NULL,NULL,NULL,NULL,NULL
s6510,International TV Shows, Romantic TV Shows, TV Dramas,NULL,NULL,NULL,NULL,NULL
s6511,Dramas, Sports Movies,NULL,NULL,NULL,NULL,NULL,NULL
s6512,Action & Adventure, Comedies,NULL,NULL,NULL,NULL,NULL,NULL
s6513,Comedies, Independent Movies, International Movies,NULL,NULL,NULL,NULL,NULL
s6514,Crime TV Shows, Docuseries,NULL,NULL,NULL,NULL,NULL,NULL
s6515,Crime TV Shows, Docuseries,NULL,NULL,NULL,NULL,NULL,NULL
s6516,Comedies, Dramas, Independent Movies,NULL,NULL,NULL,NULL,NULL
s6517,Dramas, Independent Movies, International Movies,NULL,NULL,NULL,NULL,NULL
s6518,Dramas, International Movies,NULL,NULL,NULL,NULL,NULL,NULL
s6519,Dramas, Thrillers,NULL,NULL,NULL,NULL,NULL,NULL
s6520,Stand-Up Comedy & Talk Shows, TV Comedies,NULL,NULL,NULL,NULL,NULL,NULL
s6521,International TV Shows, TV Comedies,NULL,NULL,NULL,NULL,NULL,NULL
s6522,Documentaries,NULL,NULL,NULL,NULL,NULL,NULL,NULL
s6523,Action & Adventure, Dramas, International Movies,NULL,NULL,NULL,NULL,NULL
s6524,Dramas, Thrillers,NULL,NULL,NULL,NULL,NULL,NULL
s6525,Docuseries, TV Comedies,NULL,NULL,NULL,NULL,NULL,NULL
s6526,Documentaries, International Movies, Sports Movies,NULL,NULL,NULL,NULL,NULL
s6527,Dramas, Independent Movies, LGBTQ Movies,NULL,NULL,NULL,NULL,NULL
s6528,Horror Movies, International Movies, Thrillers,NULL,NULL,NULL,NULL,NULL
s6529,Documentaries, Sports Movies,NULL,NULL,NULL,NULL,NULL,NULL
s6530,Dramas, International Movies, Thrillers,NULL,NULL,NULL,NULL,NULL
s6531,Action & Adventure, Dramas, Independent Movies,NULL,NULL,NULL,NULL,NULL
s6532,Dramas, International Movies,NULL,NULL,NULL,NULL,NULL,NULL
s6533,Reality TV,NULL,NULL,NULL,NULL,NULL,NULL,NULL
s6534,Classic Movies, Dramas,NULL,NULL,NULL,NULL,NULL,NULL
s6535,Children & Family Movies, Comedies,NULL,NULL,NULL,NULL,NULL,NULL
s6536,Documentaries, International Movies,NULL,NULL,NULL,NULL,NULL,NULL
s6537,Children & Family Movies,NULL,NULL,NULL,NULL,NULL,NULL,NULL
s6538,Dramas, Thrillers,NULL,NULL,NULL,NULL,NULL,NULL
s6539,Crime TV Shows, Docuseries, International TV Shows,NULL,NULL,NULL,NULL,NULL
s6540,Documentaries, Faith & Spirituality, Music & Musicals,NULL,NULL,NULL,NULL,NULL
s6541,Dramas, Independent Movies,NULL,NULL,NULL,NULL,NULL,NULL
s6542,Comedies, Dramas, Independent Movies,NULL,NULL,NULL,NULL,NULL
s6543,Crime TV Shows, International TV Shows, TV Action & Adventure,NULL,NULL,NULL,NULL,NULL
s6544,Action & Adventure, International Movies, Romantic Movies,NULL,NULL,NULL,NULL,NULL
s6545,Horror Movies,NULL,NULL,NULL,NULL,NULL,NULL,NULL
s6546,Documentaries,NULL,NULL,NULL,NULL,NULL,NULL,NULL
s6547,Action & Adventure, Dramas, International Movies,NULL,NULL,NULL,NULL,NULL
s6548,Horror Movies, International Movies,NULL,NULL,NULL,NULL,NULL,NULL
s6549,Dramas,NULL,NULL,NULL,NULL,NULL,NULL,NULL
s6550,British TV Shows, Classic & Cult TV, TV Comedies,NULL,NULL,NULL,NULL,NULL
s6551,Children & Family Movies, Comedies,NULL,NULL,NULL,NULL,NULL,NULL
s6552,Dramas, Independent Movies, LGBTQ Movies,NULL,NULL,NULL,NULL,NULL
s6553,Action & Adventure, Horror Movies, International Movies,NULL,NULL,NULL,NULL,NULL
s6554,Dramas, International Movies,NULL,NULL,NULL,NULL,NULL,NULL
s6555,Dramas, Independent Movies, International Movies,NULL,NULL,NULL,NULL,NULL
s6556,Dramas, Independent Movies, LGBTQ Movies,NULL,NULL,NULL,NULL,NULL
s6557,International TV Shows, Romantic TV Shows, TV Dramas,NULL,NULL,NULL,NULL,NULL
s6558,Dramas, International Movies,NULL,NULL,NULL,NULL,NULL,NULL
s6559,Dramas, Independent Movies, International Movies,NULL,NULL,NULL,NULL,NULL
s6560,Crime TV Shows, International TV Shows, Spanish-Language TV Shows,NULL,NULL,NULL,NULL,NULL
s6561,British TV Shows, Docuseries,NULL,NULL,NULL,NULL,NULL,NULL
s6562,Documentaries, Music & Musicals,NULL,NULL,NULL,NULL,NULL,NULL
s6563,Action & Adventure,NULL,NULL,NULL,NULL,NULL,NULL,NULL
s6564,Dramas, Independent Movies, Romantic Movies,NULL,NULL,NULL,NULL,NULL
s6565,Dramas, International Movies, Thrillers,NULL,NULL,NULL,NULL,NULL
s6566,Dramas, Thrillers,NULL,NULL,NULL,NULL,NULL,NULL
s6567,Dramas, International Movies, Thrillers,NULL,NULL,NULL,NULL,NULL
s6568,Horror Movies, International Movies, Thrillers,NULL,NULL,NULL,NULL,NULL
s6569,International TV Shows, TV Horror, TV Thrillers,NULL,NULL,NULL,NULL,NULL
s6570,Dramas, International Movies,NULL,NULL,NULL,NULL,NULL,NULL
s6571,Classic Movies, Dramas, Independent Movies,NULL,NULL,NULL,NULL,NULL
s6572,Crime TV Shows, International TV Shows, TV Dramas,NULL,NULL,NULL,NULL,NULL
s6573,International TV Shows, TV Dramas,NULL,NULL,NULL,NULL,NULL,NULL
s6574,Dramas, Independent Movies,NULL,NULL,NULL,NULL,NULL,NULL
s6575,Comedies, International Movies,NULL,NULL,NULL,NULL,NULL,NULL
s6576,Documentaries,NULL,NULL,NULL,NULL,NULL,NULL,NULL
s6577,Comedies,NULL,NULL,NULL,NULL,NULL,NULL,NULL
s6578,Independent Movies, International Movies, Thrillers,NULL,NULL,NULL,NULL,NULL
s6579,Dramas, Thrillers,NULL,NULL,NULL,NULL,NULL,NULL
s6580,Comedies, Dramas, Independent Movies,NULL,NULL,NULL,NULL,NULL
s6581,Comedies, Dramas, Independent Movies,NULL,NULL,NULL,NULL,NULL
s6582,Children & Family Movies, Comedies,NULL,NULL,NULL,NULL,NULL,NULL
s6583,Comedies, Romantic Movies,NULL,NULL,NULL,NULL,NULL,NULL
s6584,Comedies,NULL,NULL,NULL,NULL,NULL,NULL,NULL
s6585,Horror Movies,NULL,NULL,NULL,NULL,NULL,NULL,NULL
s6586,International Movies, Sports Movies,NULL,NULL,NULL,NULL,NULL,NULL
s6587,Crime TV Shows, Docuseries,NULL,NULL,NULL,NULL,NULL,NULL
s6588,Crime TV Shows, International TV Shows, TV Dramas,NULL,NULL,NULL,NULL,NULL
s6589,International Movies, Thrillers,NULL,NULL,NULL,NULL,NULL,NULL
s6590,Documentaries,NULL,NULL,NULL,NULL,NULL,NULL,NULL
s6591,Horror Movies, Thrillers,NULL,NULL,NULL,NULL,NULL,NULL
s6592,Documentaries, International Movies,NULL,NULL,NULL,NULL,NULL,NULL
s6593,Action & Adventure,NULL,NULL,NULL,NULL,NULL,NULL,NULL
s6594,Stand-Up Comedy,NULL,NULL,NULL,NULL,NULL,NULL,NULL
s6595,Dramas, Thrillers,NULL,NULL,NULL,NULL,NULL,NULL
s6596,Horror Movies, Thrillers,NULL,NULL,NULL,NULL,NULL,NULL
s6597,Action & Adventure, International Movies,NULL,NULL,NULL,NULL,NULL,NULL
s6598,Thrillers,NULL,NULL,NULL,NULL,NULL,NULL,NULL
s6599,Thrillers,NULL,NULL,NULL,NULL,NULL,NULL,NULL
s6600,Dramas, International Movies,NULL,NULL,NULL,NULL,NULL,NULL
s6601,Horror Movies, Sci-Fi & Fantasy, Thrillers,NULL,NULL,NULL,NULL,NULL
s6602,International TV Shows,NULL,NULL,NULL,NULL,NULL,NULL,NULL
s6603,Dramas, International Movies,NULL,NULL,NULL,NULL,NULL,NULL
s6604,Crime TV Shows, TV Dramas, TV Mysteries,NULL,NULL,NULL,NULL,NULL
s6605,Action & Adventure, Comedies, International Movies,NULL,NULL,NULL,NULL,NULL
s6606,Action & Adventure, International Movies, Sci-Fi & Fantasy,NULL,NULL,NULL,NULL,NULL
s6607,Documentaries,NULL,NULL,NULL,NULL,NULL,NULL,NULL
s6608,Documentaries, International Movies,NULL,NULL,NULL,NULL,NULL,NULL
s6609,Dramas, International Movies,NULL,NULL,NULL,NULL,NULL,NULL
s6610,Action & Adventure,NULL,NULL,NULL,NULL,NULL,NULL,NULL
s6611,Dramas, International Movies, Music & Musicals,NULL,NULL,NULL,NULL,NULL
s6612,Stand-Up Comedy & Talk Shows,NULL,NULL,NULL,NULL,NULL,NULL,NULL
s6613,Comedies,NULL,NULL,NULL,NULL,NULL,NULL,NULL
s6614,Docuseries, Science & Nature TV,NULL,NULL,NULL,NULL,NULL,NULL
s6615,Action & Adventure, International Movies,NULL,NULL,NULL,NULL,NULL,NULL
s6616,Documentaries,NULL,NULL,NULL,NULL,NULL,NULL,NULL
s6617,Thrillers,NULL,NULL,NULL,NULL,NULL,NULL,NULL
s6618,Action & Adventure, International Movies, Sci-Fi & Fantasy,NULL,NULL,NULL,NULL,NULL
s6619,British TV Shows, Reality TV,NULL,NULL,NULL,NULL,NULL,NULL
s6620,Classic Movies, Dramas, Romantic Movies,NULL,NULL,NULL,NULL,NULL
s6621,Dramas, Thrillers,NULL,NULL,NULL,NULL,NULL,NULL
s6622,Children & Family Movies,NULL,NULL,NULL,NULL,NULL,NULL,NULL
s6623,Children & Family Movies, Dramas,NULL,NULL,NULL,NULL,NULL,NULL
s6624,International Movies, Thrillers,NULL,NULL,NULL,NULL,NULL,NULL
s6625,Comedies, Independent Movies,NULL,NULL,NULL,NULL,NULL,NULL
s6626,Comedies,NULL,NULL,NULL,NULL,NULL,NULL,NULL
s6627,Horror Movies,NULL,NULL,NULL,NULL,NULL,NULL,NULL
s6628,Action & Adventure, Documentaries, International Movies,NULL,NULL,NULL,NULL,NULL
s6629,Action & Adventure, Documentaries, International Movies,NULL,NULL,NULL,NULL,NULL
s6630,Action & Adventure, Documentaries, International Movies,NULL,NULL,NULL,NULL,NULL
s6631,Horror Movies, International Movies,NULL,NULL,NULL,NULL,NULL,NULL
s6632,Documentaries, International Movies,NULL,NULL,NULL,NULL,NULL,NULL
s6633,Comedies, Dramas, Independent Movies,NULL,NULL,NULL,NULL,NULL
s6634,Dramas, Thrillers,NULL,NULL,NULL,NULL,NULL,NULL
s6635,Action & Adventure, Horror Movies, Sci-Fi & Fantasy,NULL,NULL,NULL,NULL,NULL
s6636,Reality TV, Science & Nature TV,NULL,NULL,NULL,NULL,NULL,NULL
s6637,Action & Adventure, Comedies, International Movies,NULL,NULL,NULL,NULL,NULL
s6638,Dramas, Faith & Spirituality,NULL,NULL,NULL,NULL,NULL,NULL
s6639,Documentaries,NULL,NULL,NULL,NULL,NULL,NULL,NULL
s6640,Children & Family Movies, Comedies,NULL,NULL,NULL,NULL,NULL,NULL
s6641,Children & Family Movies, Comedies,NULL,NULL,NULL,NULL,NULL,NULL
s6642,Action & Adventure, Sci-Fi & Fantasy,NULL,NULL,NULL,NULL,NULL,NULL
s6643,Action & Adventure, Sci-Fi & Fantasy,NULL,NULL,NULL,NULL,NULL,NULL
s6644,Action & Adventure, Sci-Fi & Fantasy,NULL,NULL,NULL,NULL,NULL,NULL
s6645,Action & Adventure, Sci-Fi & Fantasy,NULL,NULL,NULL,NULL,NULL,NULL
s6646,Children & Family Movies,NULL,NULL,NULL,NULL,NULL,NULL,NULL
s6647,Romantic TV Shows, TV Comedies, TV Dramas,NULL,NULL,NULL,NULL,NULL
s6648,Documentaries,NULL,NULL,NULL,NULL,NULL,NULL,NULL
s6649,Documentaries, International Movies, LGBTQ Movies,NULL,NULL,NULL,NULL,NULL
s6650,Documentaries, International Movies,NULL,NULL,NULL,NULL,NULL,NULL
s6651,Dramas,NULL,NULL,NULL,NULL,NULL,NULL,NULL
s6652,Crime TV Shows, Docuseries,NULL,NULL,NULL,NULL,NULL,NULL
s6653,Crime TV Shows, International TV Shows, Spanish-Language TV Shows,NULL,NULL,NULL,NULL,NULL
s6654,Dramas, Independent Movies, International Movies,NULL,NULL,NULL,NULL,NULL
s6655,Action & Adventure, Dramas, International Movies,NULL,NULL,NULL,NULL,NULL
s6656,Comedies,NULL,NULL,NULL,NULL,NULL,NULL,NULL
s6657,Documentaries,NULL,NULL,NULL,NULL,NULL,NULL,NULL
s6658,Children & Family Movies, Sci-Fi & Fantasy,NULL,NULL,NULL,NULL,NULL,NULL
s6659,Kids' TV,NULL,NULL,NULL,NULL,NULL,NULL,NULL
s6660,British TV Shows, Docuseries, Science & Nature TV,NULL,NULL,NULL,NULL,NULL
s6661,British TV Shows, Docuseries, Science & Nature TV,NULL,NULL,NULL,NULL,NULL
s6662,Dramas,NULL,NULL,NULL,NULL,NULL,NULL,NULL
s6663,Comedies, Romantic Movies,NULL,NULL,NULL,NULL,NULL,NULL
s6664,International TV Shows, Romantic TV Shows, TV Comedies,NULL,NULL,NULL,NULL,NULL
s6665,Dramas, Romantic Movies,NULL,NULL,NULL,NULL,NULL,NULL
s6666,Stand-Up Comedy,NULL,NULL,NULL,NULL,NULL,NULL,NULL
s6667,Dramas, International Movies, Romantic Movies,NULL,NULL,NULL,NULL,NULL
s6668,Dramas, International Movies,NULL,NULL,NULL,NULL,NULL,NULL
s6669,Dramas, Independent Movies, International Movies,NULL,NULL,NULL,NULL,NULL
s6670,Dramas, International Movies, Thrillers,NULL,NULL,NULL,NULL,NULL
s6671,Action & Adventure,NULL,NULL,NULL,NULL,NULL,NULL,NULL
s6672,International TV Shows, Romantic TV Shows, Spanish-Language TV Shows,NULL,NULL,NULL,NULL,NULL
s6673,Crime TV Shows, International TV Shows, Spanish-Language TV Shows,NULL,NULL,NULL,NULL,NULL
s6674,Crime TV Shows, International TV Shows, Spanish-Language TV Shows,NULL,NULL,NULL,NULL,NULL
s6675,Classic & Cult TV, Kids' TV, Spanish-Language TV Shows,NULL,NULL,NULL,NULL,NULL
s6676,Documentaries, International Movies,NULL,NULL,NULL,NULL,NULL,NULL
s6677,Romantic TV Shows, Spanish-Language TV Shows, TV Dramas,NULL,NULL,NULL,NULL,NULL
s6678,Documentaries, International Movies,NULL,NULL,NULL,NULL,NULL,NULL
s6679,International TV Shows, Spanish-Language TV Shows, TV Comedies,NULL,NULL,NULL,NULL,NULL
s6680,Children & Family Movies, Documentaries, International Movies,NULL,NULL,NULL,NULL,NULL
s6681,International Movies, Sci-Fi & Fantasy,NULL,NULL,NULL,NULL,NULL,NULL
s6682,Documentaries,NULL,NULL,NULL,NULL,NULL,NULL,NULL
s6683,Dramas, Sci-Fi & Fantasy,NULL,NULL,NULL,NULL,NULL,NULL
s6684,Documentaries, International Movies,NULL,NULL,NULL,NULL,NULL,NULL
s6685,Documentaries, International Movies,NULL,NULL,NULL,NULL,NULL,NULL
s6686,Documentaries, International Movies,NULL,NULL,NULL,NULL,NULL,NULL
s6687,Documentaries,NULL,NULL,NULL,NULL,NULL,NULL,NULL
s6688,Horror Movies, Thrillers,NULL,NULL,NULL,NULL,NULL,NULL
s6689,Dramas, International Movies,NULL,NULL,NULL,NULL,NULL,NULL
s6690,Dramas, International Movies, Music & Musicals,NULL,NULL,NULL,NULL,NULL
s6691,Reality TV,NULL,NULL,NULL,NULL,NULL,NULL,NULL
s6692,Documentaries, International Movies,NULL,NULL,NULL,NULL,NULL,NULL
s6693,Comedies, Romantic Movies,NULL,NULL,NULL,NULL,NULL,NULL
s6694,International TV Shows, Spanish-Language TV Shows, TV Comedies,NULL,NULL,NULL,NULL,NULL
s6695,Dramas, Independent Movies, International Movies,NULL,NULL,NULL,NULL,NULL
s6696,British TV Shows, Crime TV Shows, Docuseries,NULL,NULL,NULL,NULL,NULL
s6697,Action & Adventure,NULL,NULL,NULL,NULL,NULL,NULL,NULL
s6698,Crime TV Shows, Spanish-Language TV Shows, TV Dramas,NULL,NULL,NULL,NULL,NULL
s6699,Independent Movies, Thrillers,NULL,NULL,NULL,NULL,NULL,NULL
s6700,Documentaries,NULL,NULL,NULL,NULL,NULL,NULL,NULL
s6701,Dramas, Independent Movies, Romantic Movies,NULL,NULL,NULL,NULL,NULL
s6702,Action & Adventure, Classic Movies,NULL,NULL,NULL,NULL,NULL,NULL
s6703,Dramas, Romantic Movies, Sci-Fi & Fantasy,NULL,NULL,NULL,NULL,NULL
s6704,Action & Adventure, Dramas, Sci-Fi & Fantasy,NULL,NULL,NULL,NULL,NULL
s6705,Comedies, Dramas, Independent Movies,NULL,NULL,NULL,NULL,NULL
s6706,Comedies, Cult Movies, International Movies,NULL,NULL,NULL,NULL,NULL
s6707,Dramas, International Movies, Romantic Movies,NULL,NULL,NULL,NULL,NULL
s6708,International Movies, Music & Musicals, Thrillers,NULL,NULL,NULL,NULL,NULL
s6709,Dramas, International Movies, LGBTQ Movies,NULL,NULL,NULL,NULL,NULL
s6710,International TV Shows,NULL,NULL,NULL,NULL,NULL,NULL,NULL
s6711,Children & Family Movies, Comedies, Faith & Spirituality,NULL,NULL,NULL,NULL,NULL
s6712,Horror Movies, Sci-Fi & Fantasy,NULL,NULL,NULL,NULL,NULL,NULL
s6713,Dramas, Independent Movies, Thrillers,NULL,NULL,NULL,NULL,NULL
s6714,Dramas, International Movies, Thrillers,NULL,NULL,NULL,NULL,NULL
s6715,British TV Shows, Docuseries, International TV Shows,NULL,NULL,NULL,NULL,NULL
s6716,Comedies, Sci-Fi & Fantasy,NULL,NULL,NULL,NULL,NULL,NULL
s6717,Dramas, Independent Movies, International Movies,NULL,NULL,NULL,NULL,NULL
s6718,International TV Shows, Romantic TV Shows, TV Comedies,NULL,NULL,NULL,NULL,NULL
s6719,International TV Shows, TV Dramas,NULL,NULL,NULL,NULL,NULL,NULL
s6720,Action & Adventure,NULL,NULL,NULL,NULL,NULL,NULL,NULL
s6721,Documentaries, International Movies,NULL,NULL,NULL,NULL,NULL,NULL
s6722,Comedies, Romantic Movies,NULL,NULL,NULL,NULL,NULL,NULL
s6723,Action & Adventure,NULL,NULL,NULL,NULL,NULL,NULL,NULL
s6724,Action & Adventure, Dramas, Independent Movies,NULL,NULL,NULL,NULL,NULL
s6725,British TV Shows, TV Comedies,NULL,NULL,NULL,NULL,NULL,NULL
s6726,Comedies, International Movies,NULL,NULL,NULL,NULL,NULL,NULL
s6727,Comedies, International Movies, Romantic Movies,NULL,NULL,NULL,NULL,NULL
s6728,Comedies, International Movies,NULL,NULL,NULL,NULL,NULL,NULL
s6729,Crime TV Shows, International TV Shows, TV Dramas,NULL,NULL,NULL,NULL,NULL
s6730,Comedies, Romantic Movies,NULL,NULL,NULL,NULL,NULL,NULL
s6731,Dramas, Independent Movies,NULL,NULL,NULL,NULL,NULL,NULL
s6732,Anime Series, International TV Shows,NULL,NULL,NULL,NULL,NULL,NULL
s6733,British TV Shows, Crime TV Shows, Docuseries,NULL,NULL,NULL,NULL,NULL
s6734,Action & Adventure, Dramas, International Movies,NULL,NULL,NULL,NULL,NULL
s6735,Comedies,NULL,NULL,NULL,NULL,NULL,NULL,NULL
s6736,Thrillers,NULL,NULL,NULL,NULL,NULL,NULL,NULL
s6737,Dramas, Independent Movies, International Movies,NULL,NULL,NULL,NULL,NULL
s6738,Documentaries, International Movies,NULL,NULL,NULL,NULL,NULL,NULL
s6739,Thrillers,NULL,NULL,NULL,NULL,NULL,NULL,NULL
s6740,Dramas, Independent Movies, International Movies,NULL,NULL,NULL,NULL,NULL
s6741,Comedies, International Movies,NULL,NULL,NULL,NULL,NULL,NULL
s6742,Crime TV Shows, International TV Shows, TV Action & Adventure,NULL,NULL,NULL,NULL,NULL
s6743,British TV Shows, Crime TV Shows, TV Dramas,NULL,NULL,NULL,NULL,NULL
s6744,Comedies, Cult Movies, Dramas,NULL,NULL,NULL,NULL,NULL
s6745,International TV Shows, TV Horror, TV Thrillers,NULL,NULL,NULL,NULL,NULL
s6746,Documentaries,NULL,NULL,NULL,NULL,NULL,NULL,NULL
s6747,Classic Movies, Dramas, Music & Musicals,NULL,NULL,NULL,NULL,NULL
s6748,Dramas, International Movies,NULL,NULL,NULL,NULL,NULL,NULL
s6749,Children & Family Movies, Comedies,NULL,NULL,NULL,NULL,NULL,NULL
s6750,Documentaries,NULL,NULL,NULL,NULL,NULL,NULL,NULL
s6751,Crime TV Shows, International TV Shows, TV Action & Adventure,NULL,NULL,NULL,NULL,NULL
s6752,Documentaries,NULL,NULL,NULL,NULL,NULL,NULL,NULL
s6753,Dramas, International Movies,NULL,NULL,NULL,NULL,NULL,NULL
s6754,Cult Movies, Horror Movies, Thrillers,NULL,NULL,NULL,NULL,NULL
s6755,Horror Movies, Thrillers,NULL,NULL,NULL,NULL,NULL,NULL
s6756,Horror Movies,NULL,NULL,NULL,NULL,NULL,NULL,NULL
s6757,Documentaries, International Movies,NULL,NULL,NULL,NULL,NULL,NULL
s6758,Dramas, Independent Movies, International Movies,NULL,NULL,NULL,NULL,NULL
s6759,Comedies, Romantic Movies,NULL,NULL,NULL,NULL,NULL,NULL
s6760,Action & Adventure,NULL,NULL,NULL,NULL,NULL,NULL,NULL
s6761,Horror Movies, International Movies,NULL,NULL,NULL,NULL,NULL,NULL
s6762,Documentaries, Sports Movies,NULL,NULL,NULL,NULL,NULL,NULL
s6763,Documentaries,NULL,NULL,NULL,NULL,NULL,NULL,NULL
s6764,International TV Shows, Reality TV,NULL,NULL,NULL,NULL,NULL,NULL
s6765,Documentaries, International Movies, Sports Movies,NULL,NULL,NULL,NULL,NULL
s6766,Action & Adventure, International Movies,NULL,NULL,NULL,NULL,NULL,NULL
s6767,Reality TV,NULL,NULL,NULL,NULL,NULL,NULL,NULL
s6768,Dramas,NULL,NULL,NULL,NULL,NULL,NULL,NULL
s6769,Comedies, International Movies,NULL,NULL,NULL,NULL,NULL,NULL
s6770,Dramas, Independent Movies, Music & Musicals,NULL,NULL,NULL,NULL,NULL
s6771,Kids' TV, Korean TV Shows,NULL,NULL,NULL,NULL,NULL,NULL
s6772,Action & Adventure, International Movies,NULL,NULL,NULL,NULL,NULL,NULL
s6773,Documentaries, International Movies,NULL,NULL,NULL,NULL,NULL,NULL
s6774,Docuseries, Science & Nature TV,NULL,NULL,NULL,NULL,NULL,NULL
s6775,International TV Shows, TV Dramas,NULL,NULL,NULL,NULL,NULL,NULL
s6776,Documentaries, Faith & Spirituality, International Movies,NULL,NULL,NULL,NULL,NULL
s6777,Dramas,NULL,NULL,NULL,NULL,NULL,NULL,NULL
s6778,Documentaries,NULL,NULL,NULL,NULL,NULL,NULL,NULL
s6779,Dramas, International Movies,NULL,NULL,NULL,NULL,NULL,NULL
s6780,Comedies,NULL,NULL,NULL,NULL,NULL,NULL,NULL
s6781,Documentaries,NULL,NULL,NULL,NULL,NULL,NULL,NULL
s6782,Children & Family Movies,NULL,NULL,NULL,NULL,NULL,NULL,NULL
s6783,Reality TV,NULL,NULL,NULL,NULL,NULL,NULL,NULL
s6784,Documentaries, International Movies, LGBTQ Movies,NULL,NULL,NULL,NULL,NULL
s6785,Action & Adventure, Classic Movies, Sci-Fi & Fantasy,NULL,NULL,NULL,NULL,NULL
s6786,British TV Shows, Docuseries, Science & Nature TV,NULL,NULL,NULL,NULL,NULL
s6787,Documentaries, International Movies, Sports Movies,NULL,NULL,NULL,NULL,NULL
s6788,Documentaries, International Movies, Sports Movies,NULL,NULL,NULL,NULL,NULL
s6789,International TV Shows, TV Dramas,NULL,NULL,NULL,NULL,NULL,NULL
s6790,Documentaries,NULL,NULL,NULL,NULL,NULL,NULL,NULL
s6791,Comedies, Romantic Movies,NULL,NULL,NULL,NULL,NULL,NULL
s6792,Crime TV Shows, International TV Shows, Spanish-Language TV Shows,NULL,NULL,NULL,NULL,NULL
s6793,Classic Movies, Comedies, International Movies,NULL,NULL,NULL,NULL,NULL
s6794,Dramas, Thrillers,NULL,NULL,NULL,NULL,NULL,NULL
s6795,Comedies, Dramas, Independent Movies,NULL,NULL,NULL,NULL,NULL
s6796,Classic & Cult TV, TV Comedies,NULL,NULL,NULL,NULL,NULL,NULL
s6797,Comedies, Dramas, Independent Movies,NULL,NULL,NULL,NULL,NULL
s6798,Children & Family Movies, Comedies,NULL,NULL,NULL,NULL,NULL,NULL
s6799,Children & Family Movies, Dramas,NULL,NULL,NULL,NULL,NULL,NULL
s6800,Documentaries,NULL,NULL,NULL,NULL,NULL,NULL,NULL
s6801,Comedies, International Movies,NULL,NULL,NULL,NULL,NULL,NULL
s6802,Dramas, Independent Movies,NULL,NULL,NULL,NULL,NULL,NULL
s6803,Dramas, Faith & Spirituality,NULL,NULL,NULL,NULL,NULL,NULL
s6804,Docuseries, Reality TV,NULL,NULL,NULL,NULL,NULL,NULL
s6805,Horror Movies,NULL,NULL,NULL,NULL,NULL,NULL,NULL
s6806,Horror Movies, International Movies,NULL,NULL,NULL,NULL,NULL,NULL
s6807,Classic & Cult TV, TV Comedies,NULL,NULL,NULL,NULL,NULL,NULL
s6808,Children & Family Movies, Comedies, Dramas,NULL,NULL,NULL,NULL,NULL
s6809,Action & Adventure, International Movies,NULL,NULL,NULL,NULL,NULL,NULL
s6810,Documentaries, International Movies, Sports Movies,NULL,NULL,NULL,NULL,NULL
s6811,British TV Shows, Docuseries, International TV Shows,NULL,NULL,NULL,NULL,NULL
s6812,Movies,NULL,NULL,NULL,NULL,NULL,NULL,NULL
s6813,Movies,NULL,NULL,NULL,NULL,NULL,NULL,NULL
s6814,Dramas, Independent Movies,NULL,NULL,NULL,NULL,NULL,NULL
s6815,Children & Family Movies, Dramas, Sports Movies,NULL,NULL,NULL,NULL,NULL
s6816,Documentaries,NULL,NULL,NULL,NULL,NULL,NULL,NULL
s6817,Action & Adventure, Dramas, International Movies,NULL,NULL,NULL,NULL,NULL
s6818,Dramas, Thrillers,NULL,NULL,NULL,NULL,NULL,NULL
s6819,Children & Family Movies, Comedies,NULL,NULL,NULL,NULL,NULL,NULL
s6820,Dramas, Independent Movies, International Movies,NULL,NULL,NULL,NULL,NULL
s6821,International TV Shows, TV Dramas,NULL,NULL,NULL,NULL,NULL,NULL
s6822,Dramas, International Movies,NULL,NULL,NULL,NULL,NULL,NULL
s6823,TV Action & Adventure, TV Comedies,NULL,NULL,NULL,NULL,NULL,NULL
s6824,Dramas, International Movies, Romantic Movies,NULL,NULL,NULL,NULL,NULL
s6825,International TV Shows, TV Comedies, TV Dramas,NULL,NULL,NULL,NULL,NULL
s6826,International TV Shows, Stand-Up Comedy & Talk Shows, TV Comedies,NULL,NULL,NULL,NULL,NULL
s6827,Dramas,NULL,NULL,NULL,NULL,NULL,NULL,NULL
s6828,Anime Series, International TV Shows,NULL,NULL,NULL,NULL,NULL,NULL
s6829,Children & Family Movies, Dramas, Sports Movies,NULL,NULL,NULL,NULL,NULL
s6830,Children & Family Movies, Dramas, Sports Movies,NULL,NULL,NULL,NULL,NULL
s6831,Horror Movies, Thrillers,NULL,NULL,NULL,NULL,NULL,NULL
s6832,Dramas, International Movies,NULL,NULL,NULL,NULL,NULL,NULL
s6833,Dramas,NULL,NULL,NULL,NULL,NULL,NULL,NULL
s6834,Documentaries, LGBTQ Movies,NULL,NULL,NULL,NULL,NULL,NULL
s6835,British TV Shows, Docuseries, International TV Shows,NULL,NULL,NULL,NULL,NULL
s6836,British TV Shows, Docuseries, International TV Shows,NULL,NULL,NULL,NULL,NULL
s6837,Crime TV Shows, International TV Shows, Romantic TV Shows,NULL,NULL,NULL,NULL,NULL
s6838,Children & Family Movies, Comedies,NULL,NULL,NULL,NULL,NULL,NULL
s6839,Kids' TV, TV Comedies,NULL,NULL,NULL,NULL,NULL,NULL
s6840,Comedies, Music & Musicals,NULL,NULL,NULL,NULL,NULL,NULL
s6841,Children & Family Movies, Comedies,NULL,NULL,NULL,NULL,NULL,NULL
s6842,Crime TV Shows, TV Comedies, TV Dramas,NULL,NULL,NULL,NULL,NULL
s6843,Action & Adventure, Comedies,NULL,NULL,NULL,NULL,NULL,NULL
s6844,Comedies, Romantic Movies,NULL,NULL,NULL,NULL,NULL,NULL
s6845,Action & Adventure, Dramas, International Movies,NULL,NULL,NULL,NULL,NULL
s6846,Horror Movies,NULL,NULL,NULL,NULL,NULL,NULL,NULL
s6847,Action & Adventure, Anime Features, International Movies,NULL,NULL,NULL,NULL,NULL
s6848,Action & Adventure, Sci-Fi & Fantasy,NULL,NULL,NULL,NULL,NULL,NULL
s6849,Action & Adventure, Anime Features, International Movies,NULL,NULL,NULL,NULL,NULL
s6850,Reality TV,NULL,NULL,NULL,NULL,NULL,NULL,NULL
s6851,Action & Adventure, Anime Features, International Movies,NULL,NULL,NULL,NULL,NULL
s6852,Action & Adventure, Dramas, International Movies,NULL,NULL,NULL,NULL,NULL
s6853,Dramas, International Movies,NULL,NULL,NULL,NULL,NULL,NULL
s6854,Classic Movies, Comedies, Music & Musicals,NULL,NULL,NULL,NULL,NULL
s6855,Dramas, Independent Movies,NULL,NULL,NULL,NULL,NULL,NULL
s6856,Comedies, International Movies,NULL,NULL,NULL,NULL,NULL,NULL
s6857,Documentaries, Sports Movies,NULL,NULL,NULL,NULL,NULL,NULL
s6858,International TV Shows, TV Dramas,NULL,NULL,NULL,NULL,NULL,NULL
s6859,Children & Family Movies, Dramas, Faith & Spirituality,NULL,NULL,NULL,NULL,NULL
s6860,Documentaries,NULL,NULL,NULL,NULL,NULL,NULL,NULL
s6861,Action & Adventure, International Movies,NULL,NULL,NULL,NULL,NULL,NULL
s6862,Dramas, Faith & Spirituality,NULL,NULL,NULL,NULL,NULL,NULL
s6863,Dramas, Faith & Spirituality,NULL,NULL,NULL,NULL,NULL,NULL
s6864,Dramas, Independent Movies, International Movies,NULL,NULL,NULL,NULL,NULL
s6865,Classic Movies, Comedies, International Movies,NULL,NULL,NULL,NULL,NULL
s6866,International Movies, Sci-Fi & Fantasy,NULL,NULL,NULL,NULL,NULL,NULL
s6867,Action & Adventure,NULL,NULL,NULL,NULL,NULL,NULL,NULL
s6868,Dramas,NULL,NULL,NULL,NULL,NULL,NULL,NULL
s6869,Kids' TV,NULL,NULL,NULL,NULL,NULL,NULL,NULL
s6870,Thrillers,NULL,NULL,NULL,NULL,NULL,NULL,NULL
s6871,Comedies, International Movies,NULL,NULL,NULL,NULL,NULL,NULL
s6872,Crime TV Shows, International TV Shows, TV Dramas,NULL,NULL,NULL,NULL,NULL
s6873,Independent Movies,NULL,NULL,NULL,NULL,NULL,NULL,NULL
s6874,International TV Shows, TV Dramas, TV Thrillers,NULL,NULL,NULL,NULL,NULL
s6875,Comedies, Independent Movies,NULL,NULL,NULL,NULL,NULL,NULL
s6876,Dramas,NULL,NULL,NULL,NULL,NULL,NULL,NULL
s6877,Comedies, Dramas, Independent Movies,NULL,NULL,NULL,NULL,NULL
s6878,Dramas, International Movies,NULL,NULL,NULL,NULL,NULL,NULL
s6879,Dramas,NULL,NULL,NULL,NULL,NULL,NULL,NULL
s6880,Action & Adventure, Thrillers,NULL,NULL,NULL,NULL,NULL,NULL
s6881,Classic Movies, Dramas,NULL,NULL,NULL,NULL,NULL,NULL
s6882,Dramas, Independent Movies,NULL,NULL,NULL,NULL,NULL,NULL
s6883,Comedies, Sports Movies,NULL,NULL,NULL,NULL,NULL,NULL
s6884,Children & Family Movies, Comedies,NULL,NULL,NULL,NULL,NULL,NULL
s6885,Comedies, Dramas, International Movies,NULL,NULL,NULL,NULL,NULL
s6886,TV Dramas, Teen TV Shows,NULL,NULL,NULL,NULL,NULL,NULL
s6887,Horror Movies, Thrillers,NULL,NULL,NULL,NULL,NULL,NULL
s6888,Dramas, Independent Movies, International Movies,NULL,NULL,NULL,NULL,NULL
s6889,Dramas,NULL,NULL,NULL,NULL,NULL,NULL,NULL
s6890,British TV Shows, International TV Shows, Reality TV,NULL,NULL,NULL,NULL,NULL
s6891,International TV Shows, Romantic TV Shows, Spanish-Language TV Shows,NULL,NULL,NULL,NULL,NULL
s6892,Comedies, International Movies, Music & Musicals,NULL,NULL,NULL,NULL,NULL
s6893,Comedies, Independent Movies,NULL,NULL,NULL,NULL,NULL,NULL
s6894,Classic Movies, Comedies, Music & Musicals,NULL,NULL,NULL,NULL,NULL
s6895,British TV Shows, International TV Shows, Reality TV,NULL,NULL,NULL,NULL,NULL
s6896,Docuseries, Science & Nature TV,NULL,NULL,NULL,NULL,NULL,NULL
s6897,Horror Movies, Thrillers,NULL,NULL,NULL,NULL,NULL,NULL
s6898,Comedies, Independent Movies, International Movies,NULL,NULL,NULL,NULL,NULL
s6899,Documentaries,NULL,NULL,NULL,NULL,NULL,NULL,NULL
s6900,Documentaries, LGBTQ Movies,NULL,NULL,NULL,NULL,NULL,NULL
s6901,Documentaries, International Movies, Sports Movies,NULL,NULL,NULL,NULL,NULL
s6902,Anime Series, Crime TV Shows,NULL,NULL,NULL,NULL,NULL,NULL
s6903,Documentaries, International Movies,NULL,NULL,NULL,NULL,NULL,NULL
s6904,Comedies, International Movies,NULL,NULL,NULL,NULL,NULL,NULL
s6905,Comedies, International Movies,NULL,NULL,NULL,NULL,NULL,NULL
s6906,Comedies, International Movies,NULL,NULL,NULL,NULL,NULL,NULL
s6907,International TV Shows, TV Comedies,NULL,NULL,NULL,NULL,NULL,NULL
s6908,Comedies, Dramas, International Movies,NULL,NULL,NULL,NULL,NULL
s6909,Comedies, International Movies, Romantic Movies,NULL,NULL,NULL,NULL,NULL
s6910,Children & Family Movies, Comedies, Music & Musicals,NULL,NULL,NULL,NULL,NULL
s6911,Action & Adventure, Anime Features, Sci-Fi & Fantasy,NULL,NULL,NULL,NULL,NULL
s6912,Action & Adventure, Sci-Fi & Fantasy,NULL,NULL,NULL,NULL,NULL,NULL
s6913,Dramas, International Movies, Music & Musicals,NULL,NULL,NULL,NULL,NULL
s6914,Action & Adventure, Dramas,NULL,NULL,NULL,NULL,NULL,NULL
s6915,Comedies, International Movies,NULL,NULL,NULL,NULL,NULL,NULL
s6916,Thrillers,NULL,NULL,NULL,NULL,NULL,NULL,NULL
s6917,Documentaries,NULL,NULL,NULL,NULL,NULL,NULL,NULL
s6918,TV Horror, TV Mysteries, TV Thrillers,NULL,NULL,NULL,NULL,NULL
s6919,International Movies, Music & Musicals,NULL,NULL,NULL,NULL,NULL,NULL
s6920,International TV Shows, Romantic TV Shows, TV Comedies,NULL,NULL,NULL,NULL,NULL
s6921,Horror Movies, Independent Movies,NULL,NULL,NULL,NULL,NULL,NULL
s6922,Comedies, International Movies, Romantic Movies,NULL,NULL,NULL,NULL,NULL
s6923,British TV Shows, Crime TV Shows, International TV Shows,NULL,NULL,NULL,NULL,NULL
s6924,TV Comedies, TV Dramas,NULL,NULL,NULL,NULL,NULL,NULL
s6925,Dramas, Independent Movies,NULL,NULL,NULL,NULL,NULL,NULL
s6926,Action & Adventure, International Movies, Sci-Fi & Fantasy,NULL,NULL,NULL,NULL,NULL
s6927,Documentaries, Sports Movies,NULL,NULL,NULL,NULL,NULL,NULL
s6928,Comedies, Cult Movies,NULL,NULL,NULL,NULL,NULL,NULL
s6929,Comedies, Cult Movies,NULL,NULL,NULL,NULL,NULL,NULL
s6930,Documentaries,NULL,NULL,NULL,NULL,NULL,NULL,NULL
s6931,British TV Shows, Crime TV Shows, Docuseries,NULL,NULL,NULL,NULL,NULL
s6932,Children & Family Movies, Comedies,NULL,NULL,NULL,NULL,NULL,NULL
s6933,Kids' TV, TV Comedies,NULL,NULL,NULL,NULL,NULL,NULL
s6934,Documentaries, Sports Movies,NULL,NULL,NULL,NULL,NULL,NULL
s6935,Documentaries,NULL,NULL,NULL,NULL,NULL,NULL,NULL
s6936,TV Comedies, TV Dramas,NULL,NULL,NULL,NULL,NULL,NULL
s6937,Action & Adventure, Comedies, Dramas,NULL,NULL,NULL,NULL,NULL
s6938,International TV Shows, Romantic TV Shows, TV Dramas,NULL,NULL,NULL,NULL,NULL
s6939,Documentaries, Horror Movies,NULL,NULL,NULL,NULL,NULL,NULL
s6940,Horror Movies, Independent Movies,NULL,NULL,NULL,NULL,NULL,NULL
s6941,Documentaries, International Movies,NULL,NULL,NULL,NULL,NULL,NULL
s6942,Classic & Cult TV, TV Horror, TV Mysteries,NULL,NULL,NULL,NULL,NULL
s6943,Horror Movies, Thrillers,NULL,NULL,NULL,NULL,NULL,NULL
s6944,Action & Adventure,NULL,NULL,NULL,NULL,NULL,NULL,NULL
s6945,Documentaries,NULL,NULL,NULL,NULL,NULL,NULL,NULL
s6946,Horror Movies, Thrillers,NULL,NULL,NULL,NULL,NULL,NULL
s6947,Horror Movies, Independent Movies,NULL,NULL,NULL,NULL,NULL,NULL
s6948,Dramas, Independent Movies, LGBTQ Movies,NULL,NULL,NULL,NULL,NULL
s6949,Documentaries,NULL,NULL,NULL,NULL,NULL,NULL,NULL
s6950,Comedies, Romantic Movies,NULL,NULL,NULL,NULL,NULL,NULL
s6951,Thrillers,NULL,NULL,NULL,NULL,NULL,NULL,NULL
s6952,International TV Shows, Reality TV,NULL,NULL,NULL,NULL,NULL,NULL
s6953,Children & Family Movies,NULL,NULL,NULL,NULL,NULL,NULL,NULL
s6954,TV Horror, TV Mysteries, TV Sci-Fi & Fantasy,NULL,NULL,NULL,NULL,NULL
s6955,Action & Adventure, Comedies, Independent Movies,NULL,NULL,NULL,NULL,NULL
s6956,Crime TV Shows, TV Action & Adventure,NULL,NULL,NULL,NULL,NULL,NULL
s6957,Dramas, Independent Movies,NULL,NULL,NULL,NULL,NULL,NULL
s6958,Action & Adventure, Cult Movies, Sci-Fi & Fantasy,NULL,NULL,NULL,NULL,NULL
s6959,Dramas, Romantic Movies, Sci-Fi & Fantasy,NULL,NULL,NULL,NULL,NULL
s6960,Dramas,NULL,NULL,NULL,NULL,NULL,NULL,NULL
s6961,Action & Adventure, Comedies, Dramas,NULL,NULL,NULL,NULL,NULL
s6962,Horror Movies,NULL,NULL,NULL,NULL,NULL,NULL,NULL
s6963,Action & Adventure, International Movies,NULL,NULL,NULL,NULL,NULL,NULL
s6964,International TV Shows, TV Dramas,NULL,NULL,NULL,NULL,NULL,NULL
s6965,Action & Adventure,NULL,NULL,NULL,NULL,NULL,NULL,NULL
s6966,International TV Shows, Korean TV Shows, Reality TV,NULL,NULL,NULL,NULL,NULL
s6967,Horror Movies, International Movies, Thrillers,NULL,NULL,NULL,NULL,NULL
s6968,International Movies, Thrillers,NULL,NULL,NULL,NULL,NULL,NULL
s6969,Documentaries, International Movies, Music & Musicals,NULL,NULL,NULL,NULL,NULL
s6970,Reality TV,NULL,NULL,NULL,NULL,NULL,NULL,NULL
s6971,TV Dramas,NULL,NULL,NULL,NULL,NULL,NULL,NULL
s6972,British TV Shows, Crime TV Shows, International TV Shows,NULL,NULL,NULL,NULL,NULL
s6973,Documentaries,NULL,NULL,NULL,NULL,NULL,NULL,NULL
s6974,Horror Movies, International Movies, Thrillers,NULL,NULL,NULL,NULL,NULL
s6975,Crime TV Shows, International TV Shows, Spanish-Language TV Shows,NULL,NULL,NULL,NULL,NULL
s6976,Dramas, International Movies,NULL,NULL,NULL,NULL,NULL,NULL
s6977,British TV Shows, Docuseries,NULL,NULL,NULL,NULL,NULL,NULL
s6978,Comedies, Romantic Movies,NULL,NULL,NULL,NULL,NULL,NULL
s6979,Documentaries, Sports Movies,NULL,NULL,NULL,NULL,NULL,NULL
s6980,Documentaries, International Movies,NULL,NULL,NULL,NULL,NULL,NULL
s6981,Dramas, International Movies, Romantic Movies,NULL,NULL,NULL,NULL,NULL
s6982,Kids' TV,NULL,NULL,NULL,NULL,NULL,NULL,NULL
s6983,Comedies, Dramas, International Movies,NULL,NULL,NULL,NULL,NULL
s6984,Dramas, International Movies, LGBTQ Movies,NULL,NULL,NULL,NULL,NULL
s6985,Comedies, Horror Movies,NULL,NULL,NULL,NULL,NULL,NULL
s6986,Documentaries,NULL,NULL,NULL,NULL,NULL,NULL,NULL
s6987,Comedies, Faith & Spirituality, International Movies,NULL,NULL,NULL,NULL,NULL
s6988,Comedies, Faith & Spirituality, International Movies,NULL,NULL,NULL,NULL,NULL
s6989,Dramas, International Movies,NULL,NULL,NULL,NULL,NULL,NULL
s6990,Dramas, Independent Movies, International Movies,NULL,NULL,NULL,NULL,NULL
s6991,Dramas, Romantic Movies,NULL,NULL,NULL,NULL,NULL,NULL
s6992,Dramas,NULL,NULL,NULL,NULL,NULL,NULL,NULL
s6993,Children & Family Movies, Comedies,NULL,NULL,NULL,NULL,NULL,NULL
s6994,Children & Family Movies, Comedies, Dramas,NULL,NULL,NULL,NULL,NULL
s6995,Dramas,NULL,NULL,NULL,NULL,NULL,NULL,NULL
s6996,Documentaries, International Movies, Sports Movies,NULL,NULL,NULL,NULL,NULL
s6997,International TV Shows, Romantic TV Shows, TV Dramas,NULL,NULL,NULL,NULL,NULL
s6998,Dramas, Horror Movies, Sci-Fi & Fantasy,NULL,NULL,NULL,NULL,NULL
s6999,British TV Shows, Docuseries, International TV Shows,NULL,NULL,NULL,NULL,NULL
s7000,Horror Movies, International Movies,NULL,NULL,NULL,NULL,NULL,NULL
s7001,Documentaries, International Movies,NULL,NULL,NULL,NULL,NULL,NULL
s7002,Documentaries, International Movies,NULL,NULL,NULL,NULL,NULL,NULL
s7003,Dramas,NULL,NULL,NULL,NULL,NULL,NULL,NULL
s7004,Comedies,NULL,NULL,NULL,NULL,NULL,NULL,NULL
s7005,Comedies, Independent Movies,NULL,NULL,NULL,NULL,NULL,NULL
s7006,Comedies, Sports Movies,NULL,NULL,NULL,NULL,NULL,NULL
s7007,Crime TV Shows, International TV Shows, TV Dramas,NULL,NULL,NULL,NULL,NULL
s7008,Classic Movies, Dramas, International Movies,NULL,NULL,NULL,NULL,NULL
s7009,Children & Family Movies, Comedies,NULL,NULL,NULL,NULL,NULL,NULL
s7010,Horror Movies, Thrillers,NULL,NULL,NULL,NULL,NULL,NULL
s7011,Documentaries,NULL,NULL,NULL,NULL,NULL,NULL,NULL
s7012,Comedies, Independent Movies, International Movies,NULL,NULL,NULL,NULL,NULL
s7013,Documentaries, Music & Musicals,NULL,NULL,NULL,NULL,NULL,NULL
s7014,Children & Family Movies, Comedies,NULL,NULL,NULL,NULL,NULL,NULL
s7015,Comedies,NULL,NULL,NULL,NULL,NULL,NULL,NULL
s7016,Comedies,NULL,NULL,NULL,NULL,NULL,NULL,NULL
s7017,Documentaries, International Movies,NULL,NULL,NULL,NULL,NULL,NULL
s7018,British TV Shows, International TV Shows, Reality TV,NULL,NULL,NULL,NULL,NULL
s7019,Dramas, Romantic Movies,NULL,NULL,NULL,NULL,NULL,NULL
s7020,Documentaries,NULL,NULL,NULL,NULL,NULL,NULL,NULL
s7021,Dramas, International Movies,NULL,NULL,NULL,NULL,NULL,NULL
s7022,Action & Adventure, Sci-Fi & Fantasy,NULL,NULL,NULL,NULL,NULL,NULL
s7023,Dramas, International Movies, Music & Musicals,NULL,NULL,NULL,NULL,NULL
s7024,International Movies, Music & Musicals, Romantic Movies,NULL,NULL,NULL,NULL,NULL
s7025,International TV Shows, Romantic TV Shows, TV Dramas,NULL,NULL,NULL,NULL,NULL
s7026,Horror Movies, Independent Movies, International Movies,NULL,NULL,NULL,NULL,NULL
s7027,Action & Adventure,NULL,NULL,NULL,NULL,NULL,NULL,NULL
s7028,Action & Adventure, Independent Movies,NULL,NULL,NULL,NULL,NULL,NULL
s7029,British TV Shows, Docuseries,NULL,NULL,NULL,NULL,NULL,NULL
s7030,Kids' TV,NULL,NULL,NULL,NULL,NULL,NULL,NULL
s7031,Comedies, Independent Movies, LGBTQ Movies,NULL,NULL,NULL,NULL,NULL
s7032,Comedies, Independent Movies, LGBTQ Movies,NULL,NULL,NULL,NULL,NULL
s7033,Dramas, Independent Movies, Music & Musicals,NULL,NULL,NULL,NULL,NULL
s7034,International TV Shows, Korean TV Shows, Reality TV,NULL,NULL,NULL,NULL,NULL
s7035,Horror Movies, International Movies, Thrillers,NULL,NULL,NULL,NULL,NULL
s7036,Dramas, Independent Movies, International Movies,NULL,NULL,NULL,NULL,NULL
s7037,Documentaries, Sports Movies,NULL,NULL,NULL,NULL,NULL,NULL
s7038,Documentaries,NULL,NULL,NULL,NULL,NULL,NULL,NULL
s7039,Documentaries,NULL,NULL,NULL,NULL,NULL,NULL,NULL
s7040,International TV Shows, Spanish-Language TV Shows, TV Comedies,NULL,NULL,NULL,NULL,NULL
s7041,Comedies, Dramas, International Movies,NULL,NULL,NULL,NULL,NULL
s7042,Documentaries, International Movies,NULL,NULL,NULL,NULL,NULL,NULL
s7043,Action & Adventure,NULL,NULL,NULL,NULL,NULL,NULL,NULL
s7044,Action & Adventure, Dramas,NULL,NULL,NULL,NULL,NULL,NULL
s7045,Comedies,NULL,NULL,NULL,NULL,NULL,NULL,NULL
s7046,Children & Family Movies, Documentaries,NULL,NULL,NULL,NULL,NULL,NULL
s7047,Comedies, International Movies, Romantic Movies,NULL,NULL,NULL,NULL,NULL
s7048,Dramas, Independent Movies,NULL,NULL,NULL,NULL,NULL,NULL
s7049,Comedies, Dramas, Independent Movies,NULL,NULL,NULL,NULL,NULL
s7050,Dramas, Faith & Spirituality, Romantic Movies,NULL,NULL,NULL,NULL,NULL
s7051,TV Comedies,NULL,NULL,NULL,NULL,NULL,NULL,NULL
s7052,Documentaries, International Movies, Sports Movies,NULL,NULL,NULL,NULL,NULL
s7053,Action & Adventure, International Movies, Sci-Fi & Fantasy,NULL,NULL,NULL,NULL,NULL
s7054,Comedies, International Movies, Romantic Movies,NULL,NULL,NULL,NULL,NULL
s7055,Reality TV, TV Comedies,NULL,NULL,NULL,NULL,NULL,NULL
s7056,Children & Family Movies,NULL,NULL,NULL,NULL,NULL,NULL,NULL
s7057,Stand-Up Comedy,NULL,NULL,NULL,NULL,NULL,NULL,NULL
s7058,Children & Family Movies, Comedies, Sci-Fi & Fantasy,NULL,NULL,NULL,NULL,NULL
s7059,Dramas, International Movies, Romantic Movies,NULL,NULL,NULL,NULL,NULL
s7060,International TV Shows, Romantic TV Shows, TV Comedies,NULL,NULL,NULL,NULL,NULL
s7061,Action & Adventure, Dramas,NULL,NULL,NULL,NULL,NULL,NULL
s7062,Horror Movies, International Movies, Thrillers,NULL,NULL,NULL,NULL,NULL
s7063,Dramas, International Movies, Romantic Movies,NULL,NULL,NULL,NULL,NULL
s7064,Action & Adventure, Sci-Fi & Fantasy,NULL,NULL,NULL,NULL,NULL,NULL
s7065,Dramas, International Movies, Romantic Movies,NULL,NULL,NULL,NULL,NULL
s7066,Thrillers,NULL,NULL,NULL,NULL,NULL,NULL,NULL
s7067,Documentaries,NULL,NULL,NULL,NULL,NULL,NULL,NULL
s7068,Children & Family Movies, Comedies,NULL,NULL,NULL,NULL,NULL,NULL
s7069,Dramas, Independent Movies, International Movies,NULL,NULL,NULL,NULL,NULL
s7070,British TV Shows, Docuseries, Science & Nature TV,NULL,NULL,NULL,NULL,NULL
s7071,Action & Adventure, Children & Family Movies, Sci-Fi & Fantasy,NULL,NULL,NULL,NULL,NULL
s7072,Action & Adventure, Children & Family Movies, Classic Movies,NULL,NULL,NULL,NULL,NULL
s7073,Action & Adventure, Children & Family Movies, Classic Movies,NULL,NULL,NULL,NULL,NULL
s7074,Action & Adventure, Children & Family Movies, Classic Movies,NULL,NULL,NULL,NULL,NULL
s7075,Dramas, Thrillers,NULL,NULL,NULL,NULL,NULL,NULL
s7076,Documentaries,NULL,NULL,NULL,NULL,NULL,NULL,NULL
s7077,Documentaries, International Movies,NULL,NULL,NULL,NULL,NULL,NULL
s7078,Action & Adventure,NULL,NULL,NULL,NULL,NULL,NULL,NULL
s7079,Action & Adventure, Children & Family Movies, Sci-Fi & Fantasy,NULL,NULL,NULL,NULL,NULL
s7080,Action & Adventure, Dramas, International Movies,NULL,NULL,NULL,NULL,NULL
s7081,British TV Shows, Docuseries, International TV Shows,NULL,NULL,NULL,NULL,NULL
s7082,Crime TV Shows, Docuseries,NULL,NULL,NULL,NULL,NULL,NULL
s7083,Docuseries, International TV Shows,NULL,NULL,NULL,NULL,NULL,NULL
s7084,Reality TV,NULL,NULL,NULL,NULL,NULL,NULL,NULL
s7085,Comedies, Dramas, International Movies,NULL,NULL,NULL,NULL,NULL
s7086,Crime TV Shows, TV Dramas,NULL,NULL,NULL,NULL,NULL,NULL
s7087,Comedies,NULL,NULL,NULL,NULL,NULL,NULL,NULL
s7088,Dramas, International Movies, Sci-Fi & Fantasy,NULL,NULL,NULL,NULL,NULL
s7089,Action & Adventure, Anime Features, International Movies,NULL,NULL,NULL,NULL,NULL
s7090,Action & Adventure, Anime Features, International Movies,NULL,NULL,NULL,NULL,NULL
s7091,Action & Adventure, Anime Features, International Movies,NULL,NULL,NULL,NULL,NULL
s7092,Dramas, Sports Movies,NULL,NULL,NULL,NULL,NULL,NULL
s7093,Documentaries,NULL,NULL,NULL,NULL,NULL,NULL,NULL
s7094,Dramas, Independent Movies, International Movies,NULL,NULL,NULL,NULL,NULL
s7095,Dramas, Independent Movies, International Movies,NULL,NULL,NULL,NULL,NULL
s7096,Comedies, Dramas, International Movies,NULL,NULL,NULL,NULL,NULL
s7097,Documentaries, Sports Movies,NULL,NULL,NULL,NULL,NULL,NULL
s7098,Children & Family Movies, Sci-Fi & Fantasy,NULL,NULL,NULL,NULL,NULL,NULL
s7099,Kids' TV,NULL,NULL,NULL,NULL,NULL,NULL,NULL
s7100,Dramas, International Movies, Romantic Movies,NULL,NULL,NULL,NULL,NULL
s7101,Docuseries, International TV Shows, Science & Nature TV,NULL,NULL,NULL,NULL,NULL
s7102,International TV Shows, Korean TV Shows, Stand-Up Comedy & Talk Shows,NULL,NULL,NULL,NULL,NULL
s7103,Dramas, International Movies, Music & Musicals,NULL,NULL,NULL,NULL,NULL
s7104,Children & Family Movies, Comedies,NULL,NULL,NULL,NULL,NULL,NULL
s7105,Comedies, International Movies, Music & Musicals,NULL,NULL,NULL,NULL,NULL
s7106,Comedies, International Movies, Romantic Movies,NULL,NULL,NULL,NULL,NULL
s7107,Comedies, International Movies, Music & Musicals,NULL,NULL,NULL,NULL,NULL
s7108,Documentaries, Sports Movies,NULL,NULL,NULL,NULL,NULL,NULL
s7109,Children & Family Movies,NULL,NULL,NULL,NULL,NULL,NULL,NULL
s7110,Dramas, International Movies, Romantic Movies,NULL,NULL,NULL,NULL,NULL
s7111,Children & Family Movies, Music & Musicals,NULL,NULL,NULL,NULL,NULL,NULL
s7112,Documentaries, Sports Movies,NULL,NULL,NULL,NULL,NULL,NULL
s7113,Crime TV Shows, International TV Shows, TV Dramas,NULL,NULL,NULL,NULL,NULL
s7114,Dramas, Thrillers,NULL,NULL,NULL,NULL,NULL,NULL
s7115,Comedies, Dramas, International Movies,NULL,NULL,NULL,NULL,NULL
s7116,Dramas, International Movies,NULL,NULL,NULL,NULL,NULL,NULL
s7117,Movies,NULL,NULL,NULL,NULL,NULL,NULL,NULL
s7118,Dramas, Independent Movies, International Movies,NULL,NULL,NULL,NULL,NULL
s7119,Dramas, Independent Movies, International Movies,NULL,NULL,NULL,NULL,NULL
s7120,Comedies, Dramas, International Movies,NULL,NULL,NULL,NULL,NULL
s7121,International TV Shows, Stand-Up Comedy & Talk Shows,NULL,NULL,NULL,NULL,NULL,NULL
s7122,Comedies, Cult Movies,NULL,NULL,NULL,NULL,NULL,NULL
s7123,Dramas, International Movies, Romantic Movies,NULL,NULL,NULL,NULL,NULL
s7124,Reality TV,NULL,NULL,NULL,NULL,NULL,NULL,NULL
s7125,Documentaries,NULL,NULL,NULL,NULL,NULL,NULL,NULL
s7126,Classic & Cult TV, TV Action & Adventure, TV Dramas,NULL,NULL,NULL,NULL,NULL
s7127,Dramas, Music & Musicals,NULL,NULL,NULL,NULL,NULL,NULL
s7128,Documentaries, Faith & Spirituality,NULL,NULL,NULL,NULL,NULL,NULL
s7129,Documentaries, LGBTQ Movies,NULL,NULL,NULL,NULL,NULL,NULL
s7130,International TV Shows, TV Dramas,NULL,NULL,NULL,NULL,NULL,NULL
s7131,Documentaries, Music & Musicals,NULL,NULL,NULL,NULL,NULL,NULL
s7132,Kids' TV,NULL,NULL,NULL,NULL,NULL,NULL,NULL
s7133,Documentaries,NULL,NULL,NULL,NULL,NULL,NULL,NULL
s7134,Action & Adventure, Dramas, International Movies,NULL,NULL,NULL,NULL,NULL
s7135,Documentaries, International Movies, Music & Musicals,NULL,NULL,NULL,NULL,NULL
s7136,Documentaries, International Movies,NULL,NULL,NULL,NULL,NULL,NULL
s7137,Action & Adventure, Sci-Fi & Fantasy,NULL,NULL,NULL,NULL,NULL,NULL
s7138,International Movies, Thrillers,NULL,NULL,NULL,NULL,NULL,NULL
s7139,Documentaries, Music & Musicals,NULL,NULL,NULL,NULL,NULL,NULL
s7140,Dramas, Independent Movies, Sci-Fi & Fantasy,NULL,NULL,NULL,NULL,NULL
s7141,British TV Shows, TV Dramas, TV Sci-Fi & Fantasy,NULL,NULL,NULL,NULL,NULL
s7142,Action & Adventure, International Movies,NULL,NULL,NULL,NULL,NULL,NULL
s7143,International TV Shows, Spanish-Language TV Shows, TV Dramas,NULL,NULL,NULL,NULL,NULL
s7144,International TV Shows, Spanish-Language TV Shows, TV Dramas,NULL,NULL,NULL,NULL,NULL
s7145,Comedies, International Movies, Romantic Movies,NULL,NULL,NULL,NULL,NULL
s7146,Children & Family Movies, Comedies,NULL,NULL,NULL,NULL,NULL,NULL
s7147,Documentaries,NULL,NULL,NULL,NULL,NULL,NULL,NULL
s7148,Comedies, Dramas,NULL,NULL,NULL,NULL,NULL,NULL
s7149,Kids' TV,NULL,NULL,NULL,NULL,NULL,NULL,NULL
s7150,Comedies, Romantic Movies,NULL,NULL,NULL,NULL,NULL,NULL
s7151,Comedies, Dramas, Independent Movies,NULL,NULL,NULL,NULL,NULL
s7152,Action & Adventure, Sci-Fi & Fantasy,NULL,NULL,NULL,NULL,NULL,NULL
s7153,Comedies, Romantic Movies,NULL,NULL,NULL,NULL,NULL,NULL
s7154,Action & Adventure, Comedies, International Movies,NULL,NULL,NULL,NULL,NULL
s7155,Documentaries, Music & Musicals,NULL,NULL,NULL,NULL,NULL,NULL
s7156,Anime Series, Crime TV Shows, International TV Shows,NULL,NULL,NULL,NULL,NULL
s7157,Action & Adventure, Dramas,NULL,NULL,NULL,NULL,NULL,NULL
s7158,Crime TV Shows, International TV Shows, TV Action & Adventure,NULL,NULL,NULL,NULL,NULL
s7159,Dramas, International Movies,NULL,NULL,NULL,NULL,NULL,NULL
s7160,Dramas, International Movies, Romantic Movies,NULL,NULL,NULL,NULL,NULL
s7161,Action & Adventure, Dramas, International Movies,NULL,NULL,NULL,NULL,NULL
s7162,Dramas, International Movies,NULL,NULL,NULL,NULL,NULL,NULL
s7163,Action & Adventure, Dramas, International Movies,NULL,NULL,NULL,NULL,NULL
s7164,Dramas, International Movies, Romantic Movies,NULL,NULL,NULL,NULL,NULL
s7165,Children & Family Movies, Dramas,NULL,NULL,NULL,NULL,NULL,NULL
s7166,Dramas, International Movies, Music & Musicals,NULL,NULL,NULL,NULL,NULL
s7167,Thrillers,NULL,NULL,NULL,NULL,NULL,NULL,NULL
s7168,Dramas, Independent Movies, International Movies,NULL,NULL,NULL,NULL,NULL
s7169,Horror Movies, International Movies, Thrillers,NULL,NULL,NULL,NULL,NULL
s7170,International Movies, Music & Musicals, Romantic Movies,NULL,NULL,NULL,NULL,NULL
s7171,Comedies, Romantic Movies,NULL,NULL,NULL,NULL,NULL,NULL
s7172,Comedies, Dramas, Independent Movies,NULL,NULL,NULL,NULL,NULL
s7173,Stand-Up Comedy,NULL,NULL,NULL,NULL,NULL,NULL,NULL
s7174,Dramas, International Movies,NULL,NULL,NULL,NULL,NULL,NULL
s7175,Comedies, Dramas, International Movies,NULL,NULL,NULL,NULL,NULL
s7176,Docuseries,NULL,NULL,NULL,NULL,NULL,NULL,NULL
s7177,Docuseries,NULL,NULL,NULL,NULL,NULL,NULL,NULL
s7178,Docuseries,NULL,NULL,NULL,NULL,NULL,NULL,NULL
s7179,Stand-Up Comedy,NULL,NULL,NULL,NULL,NULL,NULL,NULL
s7180,Stand-Up Comedy,NULL,NULL,NULL,NULL,NULL,NULL,NULL
s7181,Stand-Up Comedy,NULL,NULL,NULL,NULL,NULL,NULL,NULL
s7182,Documentaries, LGBTQ Movies,NULL,NULL,NULL,NULL,NULL,NULL
s7183,Crime TV Shows, International TV Shows, Romantic TV Shows,NULL,NULL,NULL,NULL,NULL
s7184,Action & Adventure, Dramas, International Movies,NULL,NULL,NULL,NULL,NULL
s7185,Crime TV Shows, International TV Shows, TV Comedies,NULL,NULL,NULL,NULL,NULL
s7186,International TV Shows, TV Dramas,NULL,NULL,NULL,NULL,NULL,NULL
s7187,Comedies, Dramas, International Movies,NULL,NULL,NULL,NULL,NULL
s7188,Crime TV Shows, International TV Shows, TV Dramas,NULL,NULL,NULL,NULL,NULL
s7189,Classic Movies, Comedies, Dramas,NULL,NULL,NULL,NULL,NULL
s7190,Comedies, International Movies, Music & Musicals,NULL,NULL,NULL,NULL,NULL
s7191,Dramas, Independent Movies, International Movies,NULL,NULL,NULL,NULL,NULL
s7192,Action & Adventure,NULL,NULL,NULL,NULL,NULL,NULL,NULL
s7193,Action & Adventure,NULL,NULL,NULL,NULL,NULL,NULL,NULL
s7194,Comedies, Independent Movies, Romantic Movies,NULL,NULL,NULL,NULL,NULL
s7195,Dramas, International Movies, Sports Movies,NULL,NULL,NULL,NULL,NULL
s7196,Action & Adventure, Dramas, International Movies,NULL,NULL,NULL,NULL,NULL
s7197,Kids' TV,NULL,NULL,NULL,NULL,NULL,NULL,NULL
s7198,Action & Adventure,NULL,NULL,NULL,NULL,NULL,NULL,NULL
s7199,Action & Adventure,NULL,NULL,NULL,NULL,NULL,NULL,NULL
s7200,Action & Adventure, Independent Movies, Sci-Fi & Fantasy,NULL,NULL,NULL,NULL,NULL
s7201,Documentaries, International Movies,NULL,NULL,NULL,NULL,NULL,NULL
s7202,Action & Adventure,NULL,NULL,NULL,NULL,NULL,NULL,NULL
s7203,Action & Adventure, Dramas, Independent Movies,NULL,NULL,NULL,NULL,NULL
s7204,Comedies, Cult Movies, Horror Movies,NULL,NULL,NULL,NULL,NULL
s7205,Action & Adventure, Comedies, Romantic Movies,NULL,NULL,NULL,NULL,NULL
s7206,Action & Adventure, Dramas, International Movies,NULL,NULL,NULL,NULL,NULL
s7207,Dramas, Independent Movies, Thrillers,NULL,NULL,NULL,NULL,NULL
s7208,Dramas, Independent Movies,NULL,NULL,NULL,NULL,NULL,NULL
s7209,Action & Adventure, Comedies,NULL,NULL,NULL,NULL,NULL,NULL
s7210,British TV Shows, Docuseries, Science & Nature TV,NULL,NULL,NULL,NULL,NULL
s7211,Comedies, Cult Movies, Sports Movies,NULL,NULL,NULL,NULL,NULL
s7212,Dramas,NULL,NULL,NULL,NULL,NULL,NULL,NULL
s7213,Comedies, International Movies,NULL,NULL,NULL,NULL,NULL,NULL
s7214,Thrillers,NULL,NULL,NULL,NULL,NULL,NULL,NULL
s7215,International TV Shows, Romantic TV Shows, TV Dramas,NULL,NULL,NULL,NULL,NULL
s7216,British TV Shows, International TV Shows, Reality TV,NULL,NULL,NULL,NULL,NULL
s7217,Comedies, Horror Movies, International Movies,NULL,NULL,NULL,NULL,NULL
s7218,Anime Series, International TV Shows,NULL,NULL,NULL,NULL,NULL,NULL
s7219,Horror Movies, Thrillers,NULL,NULL,NULL,NULL,NULL,NULL
s7220,Classic Movies, Documentaries,NULL,NULL,NULL,NULL,NULL,NULL
s7221,Sci-Fi & Fantasy, Thrillers,NULL,NULL,NULL,NULL,NULL,NULL
s7222,Documentaries,NULL,NULL,NULL,NULL,NULL,NULL,NULL
s7223,Docuseries, International TV Shows,NULL,NULL,NULL,NULL,NULL,NULL
s7224,Action & Adventure, Dramas, International Movies,NULL,NULL,NULL,NULL,NULL
s7225,International Movies, Romantic Movies,NULL,NULL,NULL,NULL,NULL,NULL
s7226,Comedies, International Movies, Thrillers,NULL,NULL,NULL,NULL,NULL
s7227,Children & Family Movies,NULL,NULL,NULL,NULL,NULL,NULL,NULL
s7228,Children & Family Movies,NULL,NULL,NULL,NULL,NULL,NULL,NULL
s7229,Children & Family Movies,NULL,NULL,NULL,NULL,NULL,NULL,NULL
s7230,Children & Family Movies,NULL,NULL,NULL,NULL,NULL,NULL,NULL
s7231,Children & Family Movies,NULL,NULL,NULL,NULL,NULL,NULL,NULL
s7232,Children & Family Movies,NULL,NULL,NULL,NULL,NULL,NULL,NULL
s7233,Children & Family Movies,NULL,NULL,NULL,NULL,NULL,NULL,NULL
s7234,Children & Family Movies,NULL,NULL,NULL,NULL,NULL,NULL,NULL
s7235,Dramas, Independent Movies,NULL,NULL,NULL,NULL,NULL,NULL
s7236,Kids' TV,NULL,NULL,NULL,NULL,NULL,NULL,NULL
s7237,Horror Movies,NULL,NULL,NULL,NULL,NULL,NULL,NULL
s7238,Comedies, Dramas,NULL,NULL,NULL,NULL,NULL,NULL
s7239,Dramas, Independent Movies, International Movies,NULL,NULL,NULL,NULL,NULL
s7240,Action & Adventure, Comedies, Cult Movies,NULL,NULL,NULL,NULL,NULL
s7241,Children & Family Movies, Comedies,NULL,NULL,NULL,NULL,NULL,NULL
s7242,Children & Family Movies, Comedies,NULL,NULL,NULL,NULL,NULL,NULL
s7243,Action & Adventure, Comedies, International Movies,NULL,NULL,NULL,NULL,NULL
s7244,Dramas, International Movies, Romantic Movies,NULL,NULL,NULL,NULL,NULL
s7245,Documentaries, Music & Musicals,NULL,NULL,NULL,NULL,NULL,NULL
s7246,International TV Shows, Romantic TV Shows, TV Dramas,NULL,NULL,NULL,NULL,NULL
s7247,Comedies, Dramas, International Movies,NULL,NULL,NULL,NULL,NULL
s7248,Dramas, International Movies, Romantic Movies,NULL,NULL,NULL,NULL,NULL
s7249,Music & Musicals,NULL,NULL,NULL,NULL,NULL,NULL,NULL
s7250,International Movies, Romantic Movies,NULL,NULL,NULL,NULL,NULL,NULL
s7251,Comedies, International Movies,NULL,NULL,NULL,NULL,NULL,NULL
s7252,Documentaries,NULL,NULL,NULL,NULL,NULL,NULL,NULL
s7253,Classic Movies, Dramas, Music & Musicals,NULL,NULL,NULL,NULL,NULL
s7254,Comedies, International Movies,NULL,NULL,NULL,NULL,NULL,NULL
s7255,International TV Shows, Spanish-Language TV Shows, TV Comedies,NULL,NULL,NULL,NULL,NULL
s7256,International TV Shows, TV Dramas,NULL,NULL,NULL,NULL,NULL,NULL
s7257,Crime TV Shows, International TV Shows, Spanish-Language TV Shows,NULL,NULL,NULL,NULL,NULL
s7258,Classic & Cult TV, Crime TV Shows, International TV Shows,NULL,NULL,NULL,NULL,NULL
s7259,Crime TV Shows, International TV Shows, Spanish-Language TV Shows,NULL,NULL,NULL,NULL,NULL
s7260,Dramas, International Movies, Thrillers,NULL,NULL,NULL,NULL,NULL
s7261,Horror Movies, International Movies,NULL,NULL,NULL,NULL,NULL,NULL
s7262,Action & Adventure,NULL,NULL,NULL,NULL,NULL,NULL,NULL
s7263,Sci-Fi & Fantasy, Thrillers,NULL,NULL,NULL,NULL,NULL,NULL
s7264,Comedies, Independent Movies,NULL,NULL,NULL,NULL,NULL,NULL
s7265,International TV Shows, Spanish-Language TV Shows, TV Dramas,NULL,NULL,NULL,NULL,NULL
s7266,Dramas, International Movies,NULL,NULL,NULL,NULL,NULL,NULL
s7267,British TV Shows, International TV Shows, TV Dramas,NULL,NULL,NULL,NULL,NULL
s7268,Action & Adventure,NULL,NULL,NULL,NULL,NULL,NULL,NULL
s7269,Crime TV Shows, International TV Shows, Korean TV Shows,NULL,NULL,NULL,NULL,NULL
s7270,Dramas, Independent Movies, LGBTQ Movies,NULL,NULL,NULL,NULL,NULL
s7271,Action & Adventure,NULL,NULL,NULL,NULL,NULL,NULL,NULL
s7272,Dramas, Independent Movies, Romantic Movies,NULL,NULL,NULL,NULL,NULL
s7273,Documentaries, International Movies, Sports Movies,NULL,NULL,NULL,NULL,NULL
s7274,Documentaries, International Movies,NULL,NULL,NULL,NULL,NULL,NULL
s7275,Comedies, Romantic Movies,NULL,NULL,NULL,NULL,NULL,NULL
s7276,Children & Family Movies,NULL,NULL,NULL,NULL,NULL,NULL,NULL
s7277,Movies,NULL,NULL,NULL,NULL,NULL,NULL,NULL
s7278,Movies,NULL,NULL,NULL,NULL,NULL,NULL,NULL
s7279,Children & Family Movies,NULL,NULL,NULL,NULL,NULL,NULL,NULL
s7280,British TV Shows, Kids' TV,NULL,NULL,NULL,NULL,NULL,NULL
s7281,Comedies, Horror Movies, International Movies,NULL,NULL,NULL,NULL,NULL
s7282,Action & Adventure, Faith & Spirituality, Sci-Fi & Fantasy,NULL,NULL,NULL,NULL,NULL
s7283,Children & Family Movies,NULL,NULL,NULL,NULL,NULL,NULL,NULL
s7284,Action & Adventure, International Movies, Sci-Fi & Fantasy,NULL,NULL,NULL,NULL,NULL
s7285,Action & Adventure, Cult Movies, International Movies,NULL,NULL,NULL,NULL,NULL
s7286,Docuseries,NULL,NULL,NULL,NULL,NULL,NULL,NULL
s7287,Action & Adventure, Horror Movies, Sci-Fi & Fantasy,NULL,NULL,NULL,NULL,NULL
s7288,Kids' TV,NULL,NULL,NULL,NULL,NULL,NULL,NULL
s7289,Kids' TV,NULL,NULL,NULL,NULL,NULL,NULL,NULL
s7290,Documentaries, International Movies,NULL,NULL,NULL,NULL,NULL,NULL
s7291,Action & Adventure, Children & Family Movies,NULL,NULL,NULL,NULL,NULL,NULL
s7292,Kids' TV,NULL,NULL,NULL,NULL,NULL,NULL,NULL
s7293,Children & Family Movies, Comedies,NULL,NULL,NULL,NULL,NULL,NULL
s7294,Documentaries, International Movies, Sports Movies,NULL,NULL,NULL,NULL,NULL
s7295,Classic Movies, Documentaries,NULL,NULL,NULL,NULL,NULL,NULL
s7296,International TV Shows, Romantic TV Shows, TV Comedies,NULL,NULL,NULL,NULL,NULL
s7297,Comedies, LGBTQ Movies,NULL,NULL,NULL,NULL,NULL,NULL
s7298,Reality TV,NULL,NULL,NULL,NULL,NULL,NULL,NULL
s7299,Comedies, Horror Movies, Independent Movies,NULL,NULL,NULL,NULL,NULL
s7300,Documentaries, LGBTQ Movies,NULL,NULL,NULL,NULL,NULL,NULL
s7301,British TV Shows, Docuseries, Science & Nature TV,NULL,NULL,NULL,NULL,NULL
s7302,British TV Shows, Docuseries, Science & Nature TV,NULL,NULL,NULL,NULL,NULL
s7303,Horror Movies, Independent Movies, Thrillers,NULL,NULL,NULL,NULL,NULL
s7304,Action & Adventure, International Movies,NULL,NULL,NULL,NULL,NULL,NULL
s7305,Dramas, Faith & Spirituality,NULL,NULL,NULL,NULL,NULL,NULL
s7306,Classic Movies, Dramas, International Movies,NULL,NULL,NULL,NULL,NULL
s7307,Dramas, Thrillers,NULL,NULL,NULL,NULL,NULL,NULL
s7308,British TV Shows, TV Comedies,NULL,NULL,NULL,NULL,NULL,NULL
s7309,Dramas,NULL,NULL,NULL,NULL,NULL,NULL,NULL
s7310,Action & Adventure, International Movies,NULL,NULL,NULL,NULL,NULL,NULL
s7311,Documentaries, Music & Musicals,NULL,NULL,NULL,NULL,NULL,NULL
s7312,Action & Adventure, International Movies, Romantic Movies,NULL,NULL,NULL,NULL,NULL
s7313,Kids' TV, TV Comedies,NULL,NULL,NULL,NULL,NULL,NULL
s7314,Children & Family Movies, Comedies,NULL,NULL,NULL,NULL,NULL,NULL
s7315,Children & Family Movies, Comedies,NULL,NULL,NULL,NULL,NULL,NULL
s7316,Dramas, Independent Movies,NULL,NULL,NULL,NULL,NULL,NULL
s7317,Comedies,NULL,NULL,NULL,NULL,NULL,NULL,NULL
s7318,Children & Family Movies, Comedies,NULL,NULL,NULL,NULL,NULL,NULL
s7319,Children & Family Movies, Comedies,NULL,NULL,NULL,NULL,NULL,NULL
s7320,Children & Family Movies, Comedies,NULL,NULL,NULL,NULL,NULL,NULL
s7321,Comedies, Dramas, Independent Movies,NULL,NULL,NULL,NULL,NULL
s7322,Kids' TV, TV Comedies,NULL,NULL,NULL,NULL,NULL,NULL
s7323,Thrillers,NULL,NULL,NULL,NULL,NULL,NULL,NULL
s7324,Documentaries,NULL,NULL,NULL,NULL,NULL,NULL,NULL
s7325,Crime TV Shows, Docuseries, International TV Shows,NULL,NULL,NULL,NULL,NULL
s7326,Crime TV Shows, International TV Shows, Romantic TV Shows,NULL,NULL,NULL,NULL,NULL
s7327,Action & Adventure, Comedies, Independent Movies,NULL,NULL,NULL,NULL,NULL
s7328,Dramas, Independent Movies,NULL,NULL,NULL,NULL,NULL,NULL
s7329,Action & Adventure, International Movies, Sci-Fi & Fantasy,NULL,NULL,NULL,NULL,NULL
s7330,Dramas, Independent Movies, International Movies,NULL,NULL,NULL,NULL,NULL
s7331,Action & Adventure, Classic Movies, Cult Movies,NULL,NULL,NULL,NULL,NULL
s7332,Kids' TV,NULL,NULL,NULL,NULL,NULL,NULL,NULL
s7333,Classic Movies, Dramas, Romantic Movies,NULL,NULL,NULL,NULL,NULL
s7334,British TV Shows, Crime TV Shows, International TV Shows,NULL,NULL,NULL,NULL,NULL
s7335,Documentaries, International Movies, Music & Musicals,NULL,NULL,NULL,NULL,NULL
s7336,Action & Adventure, Comedies, International Movies,NULL,NULL,NULL,NULL,NULL
s7337,Comedies, International Movies,NULL,NULL,NULL,NULL,NULL,NULL
s7338,Dramas, International Movies, Sports Movies,NULL,NULL,NULL,NULL,NULL
s7339,International TV Shows, Spanish-Language TV Shows, TV Comedies,NULL,NULL,NULL,NULL,NULL
s7340,Documentaries, International Movies,NULL,NULL,NULL,NULL,NULL,NULL
s7341,Crime TV Shows, Docuseries, International TV Shows,NULL,NULL,NULL,NULL,NULL
s7342,Documentaries, Sports Movies,NULL,NULL,NULL,NULL,NULL,NULL
s7343,TV Dramas, TV Horror, TV Mysteries,NULL,NULL,NULL,NULL,NULL
s7344,International TV Shows, Romantic TV Shows, TV Comedies,NULL,NULL,NULL,NULL,NULL
s7345,Comedies, Romantic Movies,NULL,NULL,NULL,NULL,NULL,NULL
s7346,Comedies, Dramas, International Movies,NULL,NULL,NULL,NULL,NULL
s7347,Comedies, International Movies, Romantic Movies,NULL,NULL,NULL,NULL,NULL
s7348,Action & Adventure, Comedies, International Movies,NULL,NULL,NULL,NULL,NULL
s7349,International TV Shows, Korean TV Shows, Romantic TV Shows,NULL,NULL,NULL,NULL,NULL
s7350,International TV Shows, TV Comedies, TV Dramas,NULL,NULL,NULL,NULL,NULL
s7351,Dramas, Thrillers,NULL,NULL,NULL,NULL,NULL,NULL
s7352,Comedies, International Movies, Romantic Movies,NULL,NULL,NULL,NULL,NULL
s7353,Comedies, International Movies, Romantic Movies,NULL,NULL,NULL,NULL,NULL
s7354,British TV Shows, International TV Shows, Reality TV,NULL,NULL,NULL,NULL,NULL
s7355,Comedies, International Movies, Romantic Movies,NULL,NULL,NULL,NULL,NULL
s7356,Documentaries,NULL,NULL,NULL,NULL,NULL,NULL,NULL
s7357,Dramas, Independent Movies, LGBTQ Movies,NULL,NULL,NULL,NULL,NULL
s7358,Dramas, International Movies,NULL,NULL,NULL,NULL,NULL,NULL
s7359,Documentaries, International Movies, Sports Movies,NULL,NULL,NULL,NULL,NULL
s7360,International TV Shows, Romantic TV Shows, TV Comedies,NULL,NULL,NULL,NULL,NULL
s7361,Dramas, International Movies, Romantic Movies,NULL,NULL,NULL,NULL,NULL
s7362,Horror Movies, International Movies, Thrillers,NULL,NULL,NULL,NULL,NULL
s7363,Comedies, International Movies, Sports Movies,NULL,NULL,NULL,NULL,NULL
s7364,International Movies, Thrillers,NULL,NULL,NULL,NULL,NULL,NULL
s7365,Dramas, International Movies,NULL,NULL,NULL,NULL,NULL,NULL
s7366,Comedies,NULL,NULL,NULL,NULL,NULL,NULL,NULL
s7367,Horror Movies, International Movies,NULL,NULL,NULL,NULL,NULL,NULL
s7368,Action & Adventure, Classic Movies, Cult Movies,NULL,NULL,NULL,NULL,NULL
s7369,TV Dramas,NULL,NULL,NULL,NULL,NULL,NULL,NULL
s7370,Comedies,NULL,NULL,NULL,NULL,NULL,NULL,NULL
s7371,Cult Movies, Horror Movies,NULL,NULL,NULL,NULL,NULL,NULL
s7372,Dramas, International Movies,NULL,NULL,NULL,NULL,NULL,NULL
s7373,Dramas, Independent Movies, International Movies,NULL,NULL,NULL,NULL,NULL
s7374,Documentaries,NULL,NULL,NULL,NULL,NULL,NULL,NULL
s7375,International Movies, Thrillers,NULL,NULL,NULL,NULL,NULL,NULL
s7376,Kids' TV, TV Comedies,NULL,NULL,NULL,NULL,NULL,NULL
s7377,Anime Series, International TV Shows,NULL,NULL,NULL,NULL,NULL,NULL
s7378,Children & Family Movies,NULL,NULL,NULL,NULL,NULL,NULL,NULL
s7379,Action & Adventure, Documentaries, International Movies,NULL,NULL,NULL,NULL,NULL
s7380,Children & Family Movies, Documentaries, International Movies,NULL,NULL,NULL,NULL,NULL
s7381,Action & Adventure, Dramas, International Movies,NULL,NULL,NULL,NULL,NULL
s7382,International TV Shows, TV Action & Adventure, TV Sci-Fi & Fantasy,NULL,NULL,NULL,NULL,NULL
s7383,International TV Shows, TV Action & Adventure, TV Sci-Fi & Fantasy,NULL,NULL,NULL,NULL,NULL
s7384,International TV Shows, TV Comedies,NULL,NULL,NULL,NULL,NULL,NULL
s7385,Comedies, International Movies,NULL,NULL,NULL,NULL,NULL,NULL
s7386,International TV Shows, Romantic TV Shows, TV Dramas,NULL,NULL,NULL,NULL,NULL
s7387,Comedies, International Movies, Music & Musicals,NULL,NULL,NULL,NULL,NULL
s7388,Dramas, International Movies, Music & Musicals,NULL,NULL,NULL,NULL,NULL
s7389,Dramas, International Movies,NULL,NULL,NULL,NULL,NULL,NULL
s7390,Horror Movies,NULL,NULL,NULL,NULL,NULL,NULL,NULL
s7391,Action & Adventure, Dramas,NULL,NULL,NULL,NULL,NULL,NULL
s7392,Comedies, International Movies, Romantic Movies,NULL,NULL,NULL,NULL,NULL
s7393,International TV Shows, Reality TV, TV Action & Adventure,NULL,NULL,NULL,NULL,NULL
s7394,Dramas, Independent Movies, International Movies,NULL,NULL,NULL,NULL,NULL
s7395,Dramas, International Movies, Romantic Movies,NULL,NULL,NULL,NULL,NULL
s7396,Dramas, Independent Movies,NULL,NULL,NULL,NULL,NULL,NULL
s7397,Dramas, Independent Movies,NULL,NULL,NULL,NULL,NULL,NULL
s7398,Comedies, Independent Movies, Romantic Movies,NULL,NULL,NULL,NULL,NULL
s7399,Documentaries, International Movies,NULL,NULL,NULL,NULL,NULL,NULL
s7400,Comedies, Dramas, International Movies,NULL,NULL,NULL,NULL,NULL
s7401,Dramas, Independent Movies, International Movies,NULL,NULL,NULL,NULL,NULL
s7402,Dramas, Independent Movies, International Movies,NULL,NULL,NULL,NULL,NULL
s7403,Horror Movies, Thrillers,NULL,NULL,NULL,NULL,NULL,NULL
s7404,Action & Adventure,NULL,NULL,NULL,NULL,NULL,NULL,NULL
s7405,Docuseries,NULL,NULL,NULL,NULL,NULL,NULL,NULL
s7406,Movies,NULL,NULL,NULL,NULL,NULL,NULL,NULL
s7407,TV Comedies,NULL,NULL,NULL,NULL,NULL,NULL,NULL
s7408,Dramas, Independent Movies, International Movies,NULL,NULL,NULL,NULL,NULL
s7409,Reality TV, Romantic TV Shows,NULL,NULL,NULL,NULL,NULL,NULL
s7410,Docuseries, Science & Nature TV, TV Dramas,NULL,NULL,NULL,NULL,NULL
s7411,Action & Adventure, International Movies,NULL,NULL,NULL,NULL,NULL,NULL
s7412,Stand-Up Comedy,NULL,NULL,NULL,NULL,NULL,NULL,NULL
s7413,Documentaries, Faith & Spirituality,NULL,NULL,NULL,NULL,NULL,NULL
s7414,Documentaries, International Movies,NULL,NULL,NULL,NULL,NULL,NULL
s7415,Documentaries, Sports Movies,NULL,NULL,NULL,NULL,NULL,NULL
s7416,Action & Adventure, Sci-Fi & Fantasy,NULL,NULL,NULL,NULL,NULL,NULL
s7417,Anime Features, Children & Family Movies,NULL,NULL,NULL,NULL,NULL,NULL
s7418,Children & Family Movies, Music & Musicals,NULL,NULL,NULL,NULL,NULL,NULL
s7419,British TV Shows, International TV Shows, Reality TV,NULL,NULL,NULL,NULL,NULL
s7420,Dramas, Independent Movies, International Movies,NULL,NULL,NULL,NULL,NULL
s7421,Action & Adventure, International Movies,NULL,NULL,NULL,NULL,NULL,NULL
s7422,Dramas, Independent Movies, International Movies,NULL,NULL,NULL,NULL,NULL
s7423,Comedies, Dramas, International Movies,NULL,NULL,NULL,NULL,NULL
s7424,Dramas, Independent Movies,NULL,NULL,NULL,NULL,NULL,NULL
s7425,Dramas, International Movies,NULL,NULL,NULL,NULL,NULL,NULL
s7426,Comedies, International Movies, Music & Musicals,NULL,NULL,NULL,NULL,NULL
s7427,Documentaries,NULL,NULL,NULL,NULL,NULL,NULL,NULL
s7428,Documentaries,NULL,NULL,NULL,NULL,NULL,NULL,NULL
s7429,Comedies, International Movies, Romantic Movies,NULL,NULL,NULL,NULL,NULL
s7430,Comedies, Dramas, International Movies,NULL,NULL,NULL,NULL,NULL
s7431,Dramas, Independent Movies, Thrillers,NULL,NULL,NULL,NULL,NULL
s7432,Classic Movies, Dramas, Independent Movies,NULL,NULL,NULL,NULL,NULL
s7433,Dramas,NULL,NULL,NULL,NULL,NULL,NULL,NULL
s7434,Horror Movies, International Movies, Thrillers,NULL,NULL,NULL,NULL,NULL
s7435,Documentaries,NULL,NULL,NULL,NULL,NULL,NULL,NULL
s7436,British TV Shows, Docuseries, International TV Shows,NULL,NULL,NULL,NULL,NULL
s7437,Reality TV,NULL,NULL,NULL,NULL,NULL,NULL,NULL
s7438,Dramas, International Movies, Romantic Movies,NULL,NULL,NULL,NULL,NULL
s7439,International TV Shows, Romantic TV Shows, TV Comedies,NULL,NULL,NULL,NULL,NULL
s7440,Comedies, Dramas, Independent Movies,NULL,NULL,NULL,NULL,NULL
s7441,Dramas, International Movies, Thrillers,NULL,NULL,NULL,NULL,NULL
s7442,Documentaries,NULL,NULL,NULL,NULL,NULL,NULL,NULL
s7443,Action & Adventure, Comedies, Sci-Fi & Fantasy,NULL,NULL,NULL,NULL,NULL
s7444,Action & Adventure, Comedies, Sci-Fi & Fantasy,NULL,NULL,NULL,NULL,NULL
s7445,Dramas, Independent Movies,NULL,NULL,NULL,NULL,NULL,NULL
s7446,Action & Adventure, Dramas, International Movies,NULL,NULL,NULL,NULL,NULL
s7447,International TV Shows, TV Dramas,NULL,NULL,NULL,NULL,NULL,NULL
s7448,International TV Shows, TV Dramas, Teen TV Shows,NULL,NULL,NULL,NULL,NULL
s7449,Comedies, International Movies,NULL,NULL,NULL,NULL,NULL,NULL
s7450,International TV Shows, Reality TV, Spanish-Language TV Shows,NULL,NULL,NULL,NULL,NULL
s7451,Comedies, International Movies, Sci-Fi & Fantasy,NULL,NULL,NULL,NULL,NULL
s7452,Action & Adventure, Dramas, International Movies,NULL,NULL,NULL,NULL,NULL
s7453,Children & Family Movies, Comedies,NULL,NULL,NULL,NULL,NULL,NULL
s7454,International TV Shows, Stand-Up Comedy & Talk Shows, TV Comedies,NULL,NULL,NULL,NULL,NULL
s7455,Action & Adventure, Sci-Fi & Fantasy,NULL,NULL,NULL,NULL,NULL,NULL
s7456,Kids' TV,NULL,NULL,NULL,NULL,NULL,NULL,NULL
s7457,Dramas, Independent Movies, LGBTQ Movies,NULL,NULL,NULL,NULL,NULL
s7458,Kids' TV,NULL,NULL,NULL,NULL,NULL,NULL,NULL
s7459,Dramas, International Movies,NULL,NULL,NULL,NULL,NULL,NULL
s7460,Reality TV,NULL,NULL,NULL,NULL,NULL,NULL,NULL
s7461,Children & Family Movies, Dramas, Sports Movies,NULL,NULL,NULL,NULL,NULL
s7462,Children & Family Movies, Comedies,NULL,NULL,NULL,NULL,NULL,NULL
s7463,Dramas, International Movies, Music & Musicals,NULL,NULL,NULL,NULL,NULL
s7464,Crime TV Shows, International TV Shows, Spanish-Language TV Shows,NULL,NULL,NULL,NULL,NULL
s7465,Anime Features,NULL,NULL,NULL,NULL,NULL,NULL,NULL
s7466,Dramas, International Movies,NULL,NULL,NULL,NULL,NULL,NULL
s7467,Romantic Movies,NULL,NULL,NULL,NULL,NULL,NULL,NULL
s7468,Documentaries,NULL,NULL,NULL,NULL,NULL,NULL,NULL
s7469,International TV Shows, Romantic TV Shows, TV Comedies,NULL,NULL,NULL,NULL,NULL
s7470,Documentaries, Music & Musicals,NULL,NULL,NULL,NULL,NULL,NULL
s7471,Dramas, Independent Movies,NULL,NULL,NULL,NULL,NULL,NULL
s7472,Documentaries,NULL,NULL,NULL,NULL,NULL,NULL,NULL
s7473,Action & Adventure, Dramas,NULL,NULL,NULL,NULL,NULL,NULL
s7474,Comedies, International Movies, Romantic Movies,NULL,NULL,NULL,NULL,NULL
s7475,Dramas, Independent Movies,NULL,NULL,NULL,NULL,NULL,NULL
s7476,Dramas, Independent Movies, International Movies,NULL,NULL,NULL,NULL,NULL
s7477,Action & Adventure, Horror Movies, Independent Movies,NULL,NULL,NULL,NULL,NULL
s7478,Dramas, Independent Movies, Thrillers,NULL,NULL,NULL,NULL,NULL
s7479,Dramas, International Movies,NULL,NULL,NULL,NULL,NULL,NULL
s7480,Dramas,NULL,NULL,NULL,NULL,NULL,NULL,NULL
s7481,International TV Shows, Korean TV Shows, Romantic TV Shows,NULL,NULL,NULL,NULL,NULL
s7482,Dramas,NULL,NULL,NULL,NULL,NULL,NULL,NULL
s7483,Thrillers,NULL,NULL,NULL,NULL,NULL,NULL,NULL
s7484,British TV Shows, International TV Shows, Reality TV,NULL,NULL,NULL,NULL,NULL
s7485,Action & Adventure, Comedies,NULL,NULL,NULL,NULL,NULL,NULL
s7486,British TV Shows, Docuseries, Science & Nature TV,NULL,NULL,NULL,NULL,NULL
s7487,Children & Family Movies, Comedies,NULL,NULL,NULL,NULL,NULL,NULL
s7488,Comedies, International Movies,NULL,NULL,NULL,NULL,NULL,NULL
s7489,Children & Family Movies,NULL,NULL,NULL,NULL,NULL,NULL,NULL
s7490,Children & Family Movies,NULL,NULL,NULL,NULL,NULL,NULL,NULL
s7491,Children & Family Movies, Music & Musicals,NULL,NULL,NULL,NULL,NULL,NULL
s7492,Children & Family Movies,NULL,NULL,NULL,NULL,NULL,NULL,NULL
s7493,Children & Family Movies,NULL,NULL,NULL,NULL,NULL,NULL,NULL
s7494,Children & Family Movies,NULL,NULL,NULL,NULL,NULL,NULL,NULL
s7495,Children & Family Movies,NULL,NULL,NULL,NULL,NULL,NULL,NULL
s7496,Children & Family Movies,NULL,NULL,NULL,NULL,NULL,NULL,NULL
s7497,Children & Family Movies,NULL,NULL,NULL,NULL,NULL,NULL,NULL
s7498,Children & Family Movies,NULL,NULL,NULL,NULL,NULL,NULL,NULL
s7499,Children & Family Movies,NULL,NULL,NULL,NULL,NULL,NULL,NULL
s7500,Children & Family Movies,NULL,NULL,NULL,NULL,NULL,NULL,NULL
s7501,Children & Family Movies,NULL,NULL,NULL,NULL,NULL,NULL,NULL
s7502,Children & Family Movies,NULL,NULL,NULL,NULL,NULL,NULL,NULL
s7503,Kids' TV,NULL,NULL,NULL,NULL,NULL,NULL,NULL
s7504,Comedies, Romantic Movies,NULL,NULL,NULL,NULL,NULL,NULL
s7505,British TV Shows, Docuseries, International TV Shows,NULL,NULL,NULL,NULL,NULL
s7506,British TV Shows, Docuseries, International TV Shows,NULL,NULL,NULL,NULL,NULL
s7507,Dramas, Independent Movies, Sci-Fi & Fantasy,NULL,NULL,NULL,NULL,NULL
s7508,Dramas, Independent Movies, LGBTQ Movies,NULL,NULL,NULL,NULL,NULL
s7509,Action & Adventure, Comedies, International Movies,NULL,NULL,NULL,NULL,NULL
s7510,Dramas, Independent Movies, International Movies,NULL,NULL,NULL,NULL,NULL
s7511,Dramas, Independent Movies, International Movies,NULL,NULL,NULL,NULL,NULL
s7512,Documentaries,NULL,NULL,NULL,NULL,NULL,NULL,NULL
s7513,Dramas, International Movies,NULL,NULL,NULL,NULL,NULL,NULL
s7514,Children & Family Movies, Comedies,NULL,NULL,NULL,NULL,NULL,NULL
s7515,Action & Adventure, Documentaries, International Movies,NULL,NULL,NULL,NULL,NULL
s7516,Comedies,NULL,NULL,NULL,NULL,NULL,NULL,NULL
s7517,Dramas,NULL,NULL,NULL,NULL,NULL,NULL,NULL
s7518,Comedies, Romantic Movies,NULL,NULL,NULL,NULL,NULL,NULL
s7519,Documentaries, International Movies,NULL,NULL,NULL,NULL,NULL,NULL
s7520,Comedies, Dramas, International Movies,NULL,NULL,NULL,NULL,NULL
s7521,Comedies,NULL,NULL,NULL,NULL,NULL,NULL,NULL
s7522,Kids' TV, TV Comedies,NULL,NULL,NULL,NULL,NULL,NULL
s7523,Comedies, International Movies,NULL,NULL,NULL,NULL,NULL,NULL
s7524,Dramas, Independent Movies,NULL,NULL,NULL,NULL,NULL,NULL
s7525,Comedies, International Movies, Romantic Movies,NULL,NULL,NULL,NULL,NULL
s7526,Children & Family Movies,NULL,NULL,NULL,NULL,NULL,NULL,NULL
s7527,Children & Family Movies, Comedies,NULL,NULL,NULL,NULL,NULL,NULL
s7528,Comedies, Cult Movies, Horror Movies,NULL,NULL,NULL,NULL,NULL
s7529,Crime TV Shows, Docuseries,NULL,NULL,NULL,NULL,NULL,NULL
s7530,Kids' TV, TV Comedies,NULL,NULL,NULL,NULL,NULL,NULL
s7531,Action & Adventure, Classic Movies, Dramas,NULL,NULL,NULL,NULL,NULL
s7532,Children & Family Movies, Comedies,NULL,NULL,NULL,NULL,NULL,NULL
s7533,Dramas, Independent Movies, International Movies,NULL,NULL,NULL,NULL,NULL
s7534,Dramas, Faith & Spirituality,NULL,NULL,NULL,NULL,NULL,NULL
s7535,Comedies, International Movies,NULL,NULL,NULL,NULL,NULL,NULL
s7536,Comedies, Independent Movies,NULL,NULL,NULL,NULL,NULL,NULL
s7537,Comedies, Romantic Movies,NULL,NULL,NULL,NULL,NULL,NULL
s7538,Dramas,NULL,NULL,NULL,NULL,NULL,NULL,NULL
s7539,British TV Shows, International TV Shows, Reality TV,NULL,NULL,NULL,NULL,NULL
s7540,Comedies, Dramas, International Movies,NULL,NULL,NULL,NULL,NULL
s7541,International TV Shows, Stand-Up Comedy & Talk Shows,NULL,NULL,NULL,NULL,NULL,NULL
s7542,Children & Family Movies, Comedies,NULL,NULL,NULL,NULL,NULL,NULL
s7543,Children & Family Movies, Comedies,NULL,NULL,NULL,NULL,NULL,NULL
s7544,Comedies, Dramas, International Movies,NULL,NULL,NULL,NULL,NULL
s7545,Action & Adventure, Comedies, International Movies,NULL,NULL,NULL,NULL,NULL
s7546,Documentaries,NULL,NULL,NULL,NULL,NULL,NULL,NULL
s7547,Dramas,NULL,NULL,NULL,NULL,NULL,NULL,NULL
s7548,British TV Shows, Docuseries,NULL,NULL,NULL,NULL,NULL,NULL
s7549,Action & Adventure, Dramas, International Movies,NULL,NULL,NULL,NULL,NULL
s7550,Dramas, Romantic Movies,NULL,NULL,NULL,NULL,NULL,NULL
s7551,Comedies, International Movies,NULL,NULL,NULL,NULL,NULL,NULL
s7552,TV Comedies, TV Sci-Fi & Fantasy,NULL,NULL,NULL,NULL,NULL,NULL
s7553,Horror Movies, International Movies,NULL,NULL,NULL,NULL,NULL,NULL
s7554,Comedies, Sports Movies,NULL,NULL,NULL,NULL,NULL,NULL
s7555,Documentaries, International Movies,NULL,NULL,NULL,NULL,NULL,NULL
s7556,Horror Movies,NULL,NULL,NULL,NULL,NULL,NULL,NULL
s7557,Documentaries,NULL,NULL,NULL,NULL,NULL,NULL,NULL
s7558,Action & Adventure, Comedies, International Movies,NULL,NULL,NULL,NULL,NULL
s7559,Dramas, Independent Movies,NULL,NULL,NULL,NULL,NULL,NULL
s7560,Action & Adventure, Anime Features, International Movies,NULL,NULL,NULL,NULL,NULL
s7561,Stand-Up Comedy,NULL,NULL,NULL,NULL,NULL,NULL,NULL
s7562,Documentaries,NULL,NULL,NULL,NULL,NULL,NULL,NULL
s7563,Action & Adventure, Comedies, Independent Movies,NULL,NULL,NULL,NULL,NULL
s7564,Documentaries,NULL,NULL,NULL,NULL,NULL,NULL,NULL
s7565,Action & Adventure, Children & Family Movies,NULL,NULL,NULL,NULL,NULL,NULL
s7566,Dramas, International Movies,NULL,NULL,NULL,NULL,NULL,NULL
s7567,Comedies,NULL,NULL,NULL,NULL,NULL,NULL,NULL
s7568,Dramas, Independent Movies,NULL,NULL,NULL,NULL,NULL,NULL
s7569,Docuseries, Science & Nature TV,NULL,NULL,NULL,NULL,NULL,NULL
s7570,Docuseries, Science & Nature TV,NULL,NULL,NULL,NULL,NULL,NULL
s7571,Documentaries,NULL,NULL,NULL,NULL,NULL,NULL,NULL
s7572,British TV Shows, Docuseries, Science & Nature TV,NULL,NULL,NULL,NULL,NULL
s7573,British TV Shows, Docuseries, Science & Nature TV,NULL,NULL,NULL,NULL,NULL
s7574,British TV Shows, Docuseries, Science & Nature TV,NULL,NULL,NULL,NULL,NULL
s7575,British TV Shows, Docuseries, Science & Nature TV,NULL,NULL,NULL,NULL,NULL
s7576,Classic Movies, Documentaries,NULL,NULL,NULL,NULL,NULL,NULL
s7577,Docuseries,NULL,NULL,NULL,NULL,NULL,NULL,NULL
s7578,Dramas, International Movies,NULL,NULL,NULL,NULL,NULL,NULL
s7579,Dramas, Faith & Spirituality,NULL,NULL,NULL,NULL,NULL,NULL
s7580,Children & Family Movies, Comedies,NULL,NULL,NULL,NULL,NULL,NULL
s7581,Documentaries,NULL,NULL,NULL,NULL,NULL,NULL,NULL
s7582,Action & Adventure, Sci-Fi & Fantasy,NULL,NULL,NULL,NULL,NULL,NULL
s7583,Action & Adventure, Dramas, International Movies,NULL,NULL,NULL,NULL,NULL
s7584,Dramas, Independent Movies,NULL,NULL,NULL,NULL,NULL,NULL
s7585,Dramas, Independent Movies, Thrillers,NULL,NULL,NULL,NULL,NULL
s7586,Dramas, Independent Movies, Thrillers,NULL,NULL,NULL,NULL,NULL
s7587,British TV Shows, International TV Shows, Reality TV,NULL,NULL,NULL,NULL,NULL
s7588,Dramas, Romantic Movies,NULL,NULL,NULL,NULL,NULL,NULL
s7589,Anime Series, Kids' TV,NULL,NULL,NULL,NULL,NULL,NULL
s7590,Kids' TV, TV Comedies,NULL,NULL,NULL,NULL,NULL,NULL
s7591,Comedies, International Movies,NULL,NULL,NULL,NULL,NULL,NULL
s7592,Comedies, Dramas, International Movies,NULL,NULL,NULL,NULL,NULL
s7593,Comedies, Romantic Movies,NULL,NULL,NULL,NULL,NULL,NULL
s7594,International TV Shows, TV Dramas, TV Thrillers,NULL,NULL,NULL,NULL,NULL
s7595,Children & Family Movies,NULL,NULL,NULL,NULL,NULL,NULL,NULL
s7596,Children & Family Movies,NULL,NULL,NULL,NULL,NULL,NULL,NULL
s7597,Children & Family Movies, Comedies,NULL,NULL,NULL,NULL,NULL,NULL
s7598,British TV Shows, Romantic TV Shows, TV Dramas,NULL,NULL,NULL,NULL,NULL
s7599,Documentaries,NULL,NULL,NULL,NULL,NULL,NULL,NULL
s7600,Children & Family Movies, Documentaries,NULL,NULL,NULL,NULL,NULL,NULL
s7601,Documentaries,NULL,NULL,NULL,NULL,NULL,NULL,NULL
s7602,Documentaries,NULL,NULL,NULL,NULL,NULL,NULL,NULL
s7603,Documentaries,NULL,NULL,NULL,NULL,NULL,NULL,NULL
s7604,Documentaries,NULL,NULL,NULL,NULL,NULL,NULL,NULL
s7605,Documentaries,NULL,NULL,NULL,NULL,NULL,NULL,NULL
s7606,Documentaries,NULL,NULL,NULL,NULL,NULL,NULL,NULL
s7607,Documentaries,NULL,NULL,NULL,NULL,NULL,NULL,NULL
s7608,Documentaries,NULL,NULL,NULL,NULL,NULL,NULL,NULL
s7609,Documentaries,NULL,NULL,NULL,NULL,NULL,NULL,NULL
s7610,Documentaries,NULL,NULL,NULL,NULL,NULL,NULL,NULL
s7611,Documentaries,NULL,NULL,NULL,NULL,NULL,NULL,NULL
s7612,Documentaries,NULL,NULL,NULL,NULL,NULL,NULL,NULL
s7613,Documentaries,NULL,NULL,NULL,NULL,NULL,NULL,NULL
s7614,Documentaries,NULL,NULL,NULL,NULL,NULL,NULL,NULL
s7615,Documentaries,NULL,NULL,NULL,NULL,NULL,NULL,NULL
s7616,Documentaries,NULL,NULL,NULL,NULL,NULL,NULL,NULL
s7617,Documentaries,NULL,NULL,NULL,NULL,NULL,NULL,NULL
s7618,Documentaries,NULL,NULL,NULL,NULL,NULL,NULL,NULL
s7619,Movies,NULL,NULL,NULL,NULL,NULL,NULL,NULL
s7620,Dramas, Thrillers,NULL,NULL,NULL,NULL,NULL,NULL
s7621,Dramas,NULL,NULL,NULL,NULL,NULL,NULL,NULL
s7622,Documentaries, Music & Musicals,NULL,NULL,NULL,NULL,NULL,NULL
s7623,Dramas,NULL,NULL,NULL,NULL,NULL,NULL,NULL
s7624,Crime TV Shows, International TV Shows, TV Dramas,NULL,NULL,NULL,NULL,NULL
s7625,Docuseries, International TV Shows, Spanish-Language TV Shows,NULL,NULL,NULL,NULL,NULL
s7626,Documentaries, International Movies,NULL,NULL,NULL,NULL,NULL,NULL
s7627,Documentaries, International Movies, Music & Musicals,NULL,NULL,NULL,NULL,NULL
s7628,Anime Series, Crime TV Shows,NULL,NULL,NULL,NULL,NULL,NULL
s7629,TV Comedies, TV Dramas,NULL,NULL,NULL,NULL,NULL,NULL
s7630,British TV Shows, Crime TV Shows, Docuseries,NULL,NULL,NULL,NULL,NULL
s7631,Dramas, Independent Movies, International Movies,NULL,NULL,NULL,NULL,NULL
s7632,Dramas, Independent Movies, International Movies,NULL,NULL,NULL,NULL,NULL
s7633,International TV Shows, Romantic TV Shows, TV Dramas,NULL,NULL,NULL,NULL,NULL
s7634,Documentaries, International Movies, Music & Musicals,NULL,NULL,NULL,NULL,NULL
s7635,Comedies, Dramas, Independent Movies,NULL,NULL,NULL,NULL,NULL
s7636,Documentaries, International Movies,NULL,NULL,NULL,NULL,NULL,NULL
s7637,Action & Adventure, Sci-Fi & Fantasy,NULL,NULL,NULL,NULL,NULL,NULL
s7638,Action & Adventure, Classic Movies, Comedies,NULL,NULL,NULL,NULL,NULL
s7639,Action & Adventure, Comedies,NULL,NULL,NULL,NULL,NULL,NULL
s7640,Action & Adventure, Comedies,NULL,NULL,NULL,NULL,NULL,NULL
s7641,Crime TV Shows, International TV Shows, TV Dramas,NULL,NULL,NULL,NULL,NULL
s7642,Comedies, International Movies,NULL,NULL,NULL,NULL,NULL,NULL
s7643,Action & Adventure,NULL,NULL,NULL,NULL,NULL,NULL,NULL
s7644,Comedies, Horror Movies, International Movies,NULL,NULL,NULL,NULL,NULL
s7645,Comedies, Horror Movies, International Movies,NULL,NULL,NULL,NULL,NULL
s7646,Comedies, Horror Movies, International Movies,NULL,NULL,NULL,NULL,NULL
s7647,Kids' TV, TV Action & Adventure, TV Sci-Fi & Fantasy,NULL,NULL,NULL,NULL,NULL
s7648,Documentaries,NULL,NULL,NULL,NULL,NULL,NULL,NULL
s7649,Docuseries,NULL,NULL,NULL,NULL,NULL,NULL,NULL
s7650,Kids' TV,NULL,NULL,NULL,NULL,NULL,NULL,NULL
s7651,Comedies, International Movies, Romantic Movies,NULL,NULL,NULL,NULL,NULL
s7652,Action & Adventure, International Movies,NULL,NULL,NULL,NULL,NULL,NULL
s7653,Documentaries, Faith & Spirituality,NULL,NULL,NULL,NULL,NULL,NULL
s7654,Dramas, International Movies,NULL,NULL,NULL,NULL,NULL,NULL
s7655,Documentaries, Music & Musicals,NULL,NULL,NULL,NULL,NULL,NULL
s7656,Documentaries, Music & Musicals,NULL,NULL,NULL,NULL,NULL,NULL
s7657,Documentaries, Music & Musicals,NULL,NULL,NULL,NULL,NULL,NULL
s7658,Documentaries, Music & Musicals,NULL,NULL,NULL,NULL,NULL,NULL
s7659,Dramas, International Movies,NULL,NULL,NULL,NULL,NULL,NULL
s7660,Action & Adventure, Classic Movies, International Movies,NULL,NULL,NULL,NULL,NULL
s7661,Dramas, International Movies, Romantic Movies,NULL,NULL,NULL,NULL,NULL
s7662,Documentaries, Music & Musicals,NULL,NULL,NULL,NULL,NULL,NULL
s7663,Documentaries, International Movies, Music & Musicals,NULL,NULL,NULL,NULL,NULL
s7664,Dramas,NULL,NULL,NULL,NULL,NULL,NULL,NULL
s7665,Documentaries,NULL,NULL,NULL,NULL,NULL,NULL,NULL
s7666,Dramas, International Movies, Music & Musicals,NULL,NULL,NULL,NULL,NULL
s7667,Docuseries, Science & Nature TV,NULL,NULL,NULL,NULL,NULL,NULL
s7668,Cult Movies, Independent Movies, Thrillers,NULL,NULL,NULL,NULL,NULL
s7669,Documentaries, International Movies,NULL,NULL,NULL,NULL,NULL,NULL
s7670,Children & Family Movies, Comedies,NULL,NULL,NULL,NULL,NULL,NULL
s7671,Action & Adventure, Dramas, International Movies,NULL,NULL,NULL,NULL,NULL
s7672,British TV Shows, Reality TV,NULL,NULL,NULL,NULL,NULL,NULL
s7673,Action & Adventure, International Movies,NULL,NULL,NULL,NULL,NULL,NULL
s7674,Documentaries,NULL,NULL,NULL,NULL,NULL,NULL,NULL
s7675,British TV Shows, Kids' TV, TV Comedies,NULL,NULL,NULL,NULL,NULL
s7676,International TV Shows, Korean TV Shows, Romantic TV Shows,NULL,NULL,NULL,NULL,NULL
s7677,Action & Adventure, International Movies,NULL,NULL,NULL,NULL,NULL,NULL
s7678,Comedies, Dramas, Independent Movies,NULL,NULL,NULL,NULL,NULL
s7679,Action & Adventure, International Movies,NULL,NULL,NULL,NULL,NULL,NULL
s7680,Docuseries,NULL,NULL,NULL,NULL,NULL,NULL,NULL
s7681,Comedies, Dramas, International Movies,NULL,NULL,NULL,NULL,NULL
s7682,Dramas, Independent Movies, International Movies,NULL,NULL,NULL,NULL,NULL
s7683,Dramas, International Movies,NULL,NULL,NULL,NULL,NULL,NULL
s7684,Documentaries, International Movies,NULL,NULL,NULL,NULL,NULL,NULL
s7685,Horror Movies, Thrillers,NULL,NULL,NULL,NULL,NULL,NULL
s7686,Comedies, Dramas, International Movies,NULL,NULL,NULL,NULL,NULL
s7687,Action & Adventure,NULL,NULL,NULL,NULL,NULL,NULL,NULL
s7688,Horror Movies, International Movies,NULL,NULL,NULL,NULL,NULL,NULL
s7689,Comedies, Independent Movies, International Movies,NULL,NULL,NULL,NULL,NULL
s7690,Kids' TV, TV Comedies,NULL,NULL,NULL,NULL,NULL,NULL
s7691,Dramas, Romantic Movies,NULL,NULL,NULL,NULL,NULL,NULL
s7692,Dramas, International Movies,NULL,NULL,NULL,NULL,NULL,NULL
s7693,Documentaries, International Movies,NULL,NULL,NULL,NULL,NULL,NULL
s7694,Crime TV Shows, TV Comedies,NULL,NULL,NULL,NULL,NULL,NULL
s7695,Action & Adventure, International Movies,NULL,NULL,NULL,NULL,NULL,NULL
s7696,Action & Adventure, Dramas,NULL,NULL,NULL,NULL,NULL,NULL
s7697,Dramas,NULL,NULL,NULL,NULL,NULL,NULL,NULL
s7698,Dramas, International Movies,NULL,NULL,NULL,NULL,NULL,NULL
s7699,Kids' TV,NULL,NULL,NULL,NULL,NULL,NULL,NULL
s7700,Documentaries, International Movies, Sports Movies,NULL,NULL,NULL,NULL,NULL
s7701,Dramas, International Movies, Romantic Movies,NULL,NULL,NULL,NULL,NULL
s7702,Thrillers,NULL,NULL,NULL,NULL,NULL,NULL,NULL
s7703,Comedies, Dramas, International Movies,NULL,NULL,NULL,NULL,NULL
s7704,Dramas, Independent Movies, Romantic Movies,NULL,NULL,NULL,NULL,NULL
s7705,Horror Movies, Thrillers,NULL,NULL,NULL,NULL,NULL,NULL
s7706,Docuseries,NULL,NULL,NULL,NULL,NULL,NULL,NULL
s7707,Dramas, International Movies, Romantic Movies,NULL,NULL,NULL,NULL,NULL
s7708,Dramas, Independent Movies, International Movies,NULL,NULL,NULL,NULL,NULL
s7709,Classic Movies, Cult Movies, Documentaries,NULL,NULL,NULL,NULL,NULL
s7710,TV Comedies,NULL,NULL,NULL,NULL,NULL,NULL,NULL
s7711,International TV Shows, Romantic TV Shows, Spanish-Language TV Shows,NULL,NULL,NULL,NULL,NULL
s7712,Action & Adventure,NULL,NULL,NULL,NULL,NULL,NULL,NULL
s7713,Dramas, International Movies, Sports Movies,NULL,NULL,NULL,NULL,NULL
s7714,Documentaries,NULL,NULL,NULL,NULL,NULL,NULL,NULL
s7715,Action & Adventure,NULL,NULL,NULL,NULL,NULL,NULL,NULL
s7716,Comedies, International Movies, Romantic Movies,NULL,NULL,NULL,NULL,NULL
s7717,Action & Adventure, Comedies,NULL,NULL,NULL,NULL,NULL,NULL
s7718,Dramas, International Movies,NULL,NULL,NULL,NULL,NULL,NULL
s7719,Reality TV,NULL,NULL,NULL,NULL,NULL,NULL,NULL
s7720,Comedies, International Movies,NULL,NULL,NULL,NULL,NULL,NULL
s7721,Comedies, Horror Movies, International Movies,NULL,NULL,NULL,NULL,NULL
s7722,Classic & Cult TV, Kids' TV, TV Comedies,NULL,NULL,NULL,NULL,NULL
s7723,Movies,NULL,NULL,NULL,NULL,NULL,NULL,NULL
s7724,Dramas, International Movies,NULL,NULL,NULL,NULL,NULL,NULL
s7725,Children & Family Movies, Comedies, Romantic Movies,NULL,NULL,NULL,NULL,NULL
s7726,TV Dramas, TV Horror, TV Mysteries,NULL,NULL,NULL,NULL,NULL
s7727,Dramas, LGBTQ Movies,NULL,NULL,NULL,NULL,NULL,NULL
s7728,Documentaries,NULL,NULL,NULL,NULL,NULL,NULL,NULL
s7729,Thrillers,NULL,NULL,NULL,NULL,NULL,NULL,NULL
s7730,Crime TV Shows, TV Action & Adventure, TV Dramas,NULL,NULL,NULL,NULL,NULL
s7731,Dramas, International Movies, Thrillers,NULL,NULL,NULL,NULL,NULL
s7732,Documentaries,NULL,NULL,NULL,NULL,NULL,NULL,NULL
s7733,Children & Family Movies, Comedies,NULL,NULL,NULL,NULL,NULL,NULL
s7734,Dramas, International Movies, Thrillers,NULL,NULL,NULL,NULL,NULL
s7735,Action & Adventure, Dramas, International Movies,NULL,NULL,NULL,NULL,NULL
s7736,Classic Movies, Dramas, LGBTQ Movies,NULL,NULL,NULL,NULL,NULL
s7737,International Movies, Romantic Movies,NULL,NULL,NULL,NULL,NULL,NULL
s7738,Horror Movies, International Movies,NULL,NULL,NULL,NULL,NULL,NULL
s7739,Comedies, International Movies, Romantic Movies,NULL,NULL,NULL,NULL,NULL
s7740,Dramas, Independent Movies, International Movies,NULL,NULL,NULL,NULL,NULL
s7741,Children & Family Movies, Documentaries,NULL,NULL,NULL,NULL,NULL,NULL
s7742,Romantic Movies,NULL,NULL,NULL,NULL,NULL,NULL,NULL
s7743,Dramas, Independent Movies, International Movies,NULL,NULL,NULL,NULL,NULL
s7744,TV Shows,NULL,NULL,NULL,NULL,NULL,NULL,NULL
s7745,Dramas, International Movies, Music & Musicals,NULL,NULL,NULL,NULL,NULL
s7746,Dramas, International Movies,NULL,NULL,NULL,NULL,NULL,NULL
s7747,Dramas, Independent Movies, International Movies,NULL,NULL,NULL,NULL,NULL
s7748,British TV Shows, Docuseries, Science & Nature TV,NULL,NULL,NULL,NULL,NULL
s7749,British TV Shows, Docuseries, International TV Shows,NULL,NULL,NULL,NULL,NULL
s7750,Action & Adventure, Sci-Fi & Fantasy,NULL,NULL,NULL,NULL,NULL,NULL
s7751,Dramas, International Movies,NULL,NULL,NULL,NULL,NULL,NULL
s7752,Action & Adventure, Classic Movies, Dramas,NULL,NULL,NULL,NULL,NULL
s7753,Dramas,NULL,NULL,NULL,NULL,NULL,NULL,NULL
s7754,Documentaries, International Movies,NULL,NULL,NULL,NULL,NULL,NULL
s7755,Documentaries, Faith & Spirituality, International Movies,NULL,NULL,NULL,NULL,NULL
s7756,Action & Adventure, Children & Family Movies, Comedies,NULL,NULL,NULL,NULL,NULL
s7757,TV Comedies,NULL,NULL,NULL,NULL,NULL,NULL,NULL
s7758,Dramas, Independent Movies, Romantic Movies,NULL,NULL,NULL,NULL,NULL
s7759,Dramas, Independent Movies, LGBTQ Movies,NULL,NULL,NULL,NULL,NULL
s7760,Crime TV Shows, International TV Shows, TV Dramas,NULL,NULL,NULL,NULL,NULL
s7761,Kids' TV, Korean TV Shows,NULL,NULL,NULL,NULL,NULL,NULL
s7762,Kids' TV,NULL,NULL,NULL,NULL,NULL,NULL,NULL
s7763,Kids' TV,NULL,NULL,NULL,NULL,NULL,NULL,NULL
s7764,Kids' TV,NULL,NULL,NULL,NULL,NULL,NULL,NULL
s7765,Kids' TV,NULL,NULL,NULL,NULL,NULL,NULL,NULL
s7766,Kids' TV,NULL,NULL,NULL,NULL,NULL,NULL,NULL
s7767,Kids' TV,NULL,NULL,NULL,NULL,NULL,NULL,NULL
s7768,Kids' TV,NULL,NULL,NULL,NULL,NULL,NULL,NULL
s7769,Kids' TV,NULL,NULL,NULL,NULL,NULL,NULL,NULL
s7770,Kids' TV,NULL,NULL,NULL,NULL,NULL,NULL,NULL
s7771,Kids' TV,NULL,NULL,NULL,NULL,NULL,NULL,NULL
s7772,Kids' TV,NULL,NULL,NULL,NULL,NULL,NULL,NULL
s7773,Kids' TV,NULL,NULL,NULL,NULL,NULL,NULL,NULL
s7774,Kids' TV,NULL,NULL,NULL,NULL,NULL,NULL,NULL
s7775,Movies,NULL,NULL,NULL,NULL,NULL,NULL,NULL
s7776,Children & Family Movies,NULL,NULL,NULL,NULL,NULL,NULL,NULL
s7777,Movies,NULL,NULL,NULL,NULL,NULL,NULL,NULL
s7778,Kids' TV,NULL,NULL,NULL,NULL,NULL,NULL,NULL
s7779,Movies,NULL,NULL,NULL,NULL,NULL,NULL,NULL
s7780,Kids' TV,NULL,NULL,NULL,NULL,NULL,NULL,NULL
s7781,Children & Family Movies, Sci-Fi & Fantasy,NULL,NULL,NULL,NULL,NULL,NULL
s7782,Movies,NULL,NULL,NULL,NULL,NULL,NULL,NULL
s7783,Kids' TV,NULL,NULL,NULL,NULL,NULL,NULL,NULL
s7784,Kids' TV,NULL,NULL,NULL,NULL,NULL,NULL,NULL
s7785,Kids' TV,NULL,NULL,NULL,NULL,NULL,NULL,NULL
s7786,Kids' TV,NULL,NULL,NULL,NULL,NULL,NULL,NULL
s7787,Kids' TV,NULL,NULL,NULL,NULL,NULL,NULL,NULL
s7788,Children & Family Movies,NULL,NULL,NULL,NULL,NULL,NULL,NULL
s7789,Children & Family Movies,NULL,NULL,NULL,NULL,NULL,NULL,NULL
s7790,Dramas, Independent Movies, International Movies,NULL,NULL,NULL,NULL,NULL
s7791,Classic Movies, Documentaries,NULL,NULL,NULL,NULL,NULL,NULL
s7792,International Movies, Romantic Movies,NULL,NULL,NULL,NULL,NULL,NULL
s7793,Documentaries,NULL,NULL,NULL,NULL,NULL,NULL,NULL
s7794,Dramas, Thrillers,NULL,NULL,NULL,NULL,NULL,NULL
s7795,Comedies, International Movies, Romantic Movies,NULL,NULL,NULL,NULL,NULL
s7796,Kids' TV, TV Comedies,NULL,NULL,NULL,NULL,NULL,NULL
s7797,Dramas, Independent Movies, LGBTQ Movies,NULL,NULL,NULL,NULL,NULL
s7798,Comedies, Romantic Movies,NULL,NULL,NULL,NULL,NULL,NULL
s7799,Crime TV Shows, Docuseries,NULL,NULL,NULL,NULL,NULL,NULL
s7800,Documentaries,NULL,NULL,NULL,NULL,NULL,NULL,NULL
s7801,International TV Shows, Spanish-Language TV Shows, TV Comedies,NULL,NULL,NULL,NULL,NULL
s7802,Action & Adventure, Dramas, International Movies,NULL,NULL,NULL,NULL,NULL
s7803,Classic Movies, Cult Movies, Dramas,NULL,NULL,NULL,NULL,NULL
s7804,Dramas, International Movies,NULL,NULL,NULL,NULL,NULL,NULL
s7805,Action & Adventure,NULL,NULL,NULL,NULL,NULL,NULL,NULL
s7806,Comedies, Dramas, International Movies,NULL,NULL,NULL,NULL,NULL
s7807,International TV Shows, Romantic TV Shows, TV Dramas,NULL,NULL,NULL,NULL,NULL
s7808,Documentaries, Sports Movies,NULL,NULL,NULL,NULL,NULL,NULL
s7809,International TV Shows, Romantic TV Shows, Spanish-Language TV Shows,NULL,NULL,NULL,NULL,NULL
s7810,Action & Adventure,NULL,NULL,NULL,NULL,NULL,NULL,NULL
s7811,International TV Shows, Romantic TV Shows, TV Comedies,NULL,NULL,NULL,NULL,NULL
s7812,Dramas,NULL,NULL,NULL,NULL,NULL,NULL,NULL
s7813,International TV Shows, Stand-Up Comedy & Talk Shows, TV Comedies,NULL,NULL,NULL,NULL,NULL
s7814,Stand-Up Comedy & Talk Shows, TV Comedies,NULL,NULL,NULL,NULL,NULL,NULL
s7815,Children & Family Movies, Comedies,NULL,NULL,NULL,NULL,NULL,NULL
s7816,International TV Shows, Romantic TV Shows, TV Dramas,NULL,NULL,NULL,NULL,NULL
s7817,Children & Family Movies,NULL,NULL,NULL,NULL,NULL,NULL,NULL
s7818,Dramas, Independent Movies,NULL,NULL,NULL,NULL,NULL,NULL
s7819,Documentaries, International Movies, Sports Movies,NULL,NULL,NULL,NULL,NULL
s7820,Dramas, International Movies,NULL,NULL,NULL,NULL,NULL,NULL
s7821,Classic Movies, Dramas, Sports Movies,NULL,NULL,NULL,NULL,NULL
s7822,Dramas, International Movies,NULL,NULL,NULL,NULL,NULL,NULL
s7823,Documentaries,NULL,NULL,NULL,NULL,NULL,NULL,NULL
s7824,Action & Adventure, Comedies, International Movies,NULL,NULL,NULL,NULL,NULL
s7825,Dramas, International Movies, Romantic Movies,NULL,NULL,NULL,NULL,NULL
s7826,Comedies, Dramas, Independent Movies,NULL,NULL,NULL,NULL,NULL
s7827,Children & Family Movies, Comedies,NULL,NULL,NULL,NULL,NULL,NULL
s7828,Classic Movies, Dramas, International Movies,NULL,NULL,NULL,NULL,NULL
s7829,International TV Shows, TV Dramas,NULL,NULL,NULL,NULL,NULL,NULL
s7830,Dramas, International Movies,NULL,NULL,NULL,NULL,NULL,NULL
s7831,Comedies, Dramas, International Movies,NULL,NULL,NULL,NULL,NULL
s7832,Action & Adventure, Horror Movies, International Movies,NULL,NULL,NULL,NULL,NULL
s7833,Horror Movies, International Movies, Thrillers,NULL,NULL,NULL,NULL,NULL
s7834,Dramas, International Movies, Music & Musicals,NULL,NULL,NULL,NULL,NULL
s7835,Documentaries,NULL,NULL,NULL,NULL,NULL,NULL,NULL
s7836,International TV Shows, Romantic TV Shows, TV Dramas,NULL,NULL,NULL,NULL,NULL
s7837,Dramas, International Movies,NULL,NULL,NULL,NULL,NULL,NULL
s7838,Comedies, International Movies, Romantic Movies,NULL,NULL,NULL,NULL,NULL
s7839,International TV Shows, Romantic TV Shows, TV Dramas,NULL,NULL,NULL,NULL,NULL
s7840,Classic Movies, Dramas,NULL,NULL,NULL,NULL,NULL,NULL
s7841,International TV Shows, Romantic TV Shows, Spanish-Language TV Shows,NULL,NULL,NULL,NULL,NULL
s7842,Dramas,NULL,NULL,NULL,NULL,NULL,NULL,NULL
s7843,Crime TV Shows, TV Dramas, TV Mysteries,NULL,NULL,NULL,NULL,NULL
s7844,Horror Movies,NULL,NULL,NULL,NULL,NULL,NULL,NULL
s7845,Action & Adventure, Cult Movies,NULL,NULL,NULL,NULL,NULL,NULL
s7846,Dramas, International Movies,NULL,NULL,NULL,NULL,NULL,NULL
s7847,Documentaries, International Movies,NULL,NULL,NULL,NULL,NULL,NULL
s7848,TV Action & Adventure, TV Comedies, TV Sci-Fi & Fantasy,NULL,NULL,NULL,NULL,NULL
s7849,Documentaries,NULL,NULL,NULL,NULL,NULL,NULL,NULL
s7850,Action & Adventure, Dramas, International Movies,NULL,NULL,NULL,NULL,NULL
s7851,British TV Shows, Docuseries, International TV Shows,NULL,NULL,NULL,NULL,NULL
s7852,Documentaries, Music & Musicals,NULL,NULL,NULL,NULL,NULL,NULL
s7853,Action & Adventure, Comedies, International Movies,NULL,NULL,NULL,NULL,NULL
s7854,Action & Adventure, Dramas,NULL,NULL,NULL,NULL,NULL,NULL
s7855,Dramas, Romantic Movies,NULL,NULL,NULL,NULL,NULL,NULL
s7856,Dramas, Sci-Fi & Fantasy,NULL,NULL,NULL,NULL,NULL,NULL
s7857,Crime TV Shows, TV Comedies, TV Dramas,NULL,NULL,NULL,NULL,NULL
s7858,Action & Adventure, Horror Movies, Sci-Fi & Fantasy,NULL,NULL,NULL,NULL,NULL
s7859,Documentaries, Music & Musicals,NULL,NULL,NULL,NULL,NULL,NULL
s7860,Documentaries,NULL,NULL,NULL,NULL,NULL,NULL,NULL
s7861,Action & Adventure, Comedies, International Movies,NULL,NULL,NULL,NULL,NULL
s7862,Dramas, International Movies,NULL,NULL,NULL,NULL,NULL,NULL
s7863,Crime TV Shows, International TV Shows, TV Dramas,NULL,NULL,NULL,NULL,NULL
s7864,Action & Adventure, Dramas, Independent Movies,NULL,NULL,NULL,NULL,NULL
s7865,British TV Shows, Kids' TV,NULL,NULL,NULL,NULL,NULL,NULL
s7866,Dramas, Romantic Movies,NULL,NULL,NULL,NULL,NULL,NULL
s7867,Dramas, Independent Movies, International Movies,NULL,NULL,NULL,NULL,NULL
s7868,International TV Shows, Reality TV, Spanish-Language TV Shows,NULL,NULL,NULL,NULL,NULL
s7869,Dramas, Thrillers,NULL,NULL,NULL,NULL,NULL,NULL
s7870,Dramas, International Movies,NULL,NULL,NULL,NULL,NULL,NULL
s7871,British TV Shows, Crime TV Shows, TV Dramas,NULL,NULL,NULL,NULL,NULL
s7872,Horror Movies, International Movies,NULL,NULL,NULL,NULL,NULL,NULL
s7873,International TV Shows, Romantic TV Shows, TV Comedies,NULL,NULL,NULL,NULL,NULL
s7874,Dramas, Independent Movies, International Movies,NULL,NULL,NULL,NULL,NULL
s7875,Dramas, Independent Movies, International Movies,NULL,NULL,NULL,NULL,NULL
s7876,Dramas, International Movies,NULL,NULL,NULL,NULL,NULL,NULL
s7877,Documentaries, International Movies,NULL,NULL,NULL,NULL,NULL,NULL
s7878,Action & Adventure, Independent Movies, International Movies,NULL,NULL,NULL,NULL,NULL
s7879,Anime Series,NULL,NULL,NULL,NULL,NULL,NULL,NULL
s7880,Action & Adventure, Classic Movies, Dramas,NULL,NULL,NULL,NULL,NULL
s7881,Dramas, Sports Movies,NULL,NULL,NULL,NULL,NULL,NULL
s7882,Dramas, Sports Movies,NULL,NULL,NULL,NULL,NULL,NULL
s7883,Dramas, Sports Movies,NULL,NULL,NULL,NULL,NULL,NULL
s7884,Dramas, Sports Movies,NULL,NULL,NULL,NULL,NULL,NULL
s7885,Action & Adventure, Sci-Fi & Fantasy,NULL,NULL,NULL,NULL,NULL,NULL
s7886,Dramas, International Movies,NULL,NULL,NULL,NULL,NULL,NULL
s7887,Documentaries,NULL,NULL,NULL,NULL,NULL,NULL,NULL
s7888,Documentaries,NULL,NULL,NULL,NULL,NULL,NULL,NULL
s7889,Action & Adventure, Comedies, Music & Musicals,NULL,NULL,NULL,NULL,NULL
s7890,Dramas, Independent Movies,NULL,NULL,NULL,NULL,NULL,NULL
s7891,Comedies, Independent Movies,NULL,NULL,NULL,NULL,NULL,NULL
s7892,Children & Family Movies, Independent Movies,NULL,NULL,NULL,NULL,NULL,NULL
s7893,International TV Shows, Romantic TV Shows, Teen TV Shows,NULL,NULL,NULL,NULL,NULL
s7894,Documentaries, International Movies, Music & Musicals,NULL,NULL,NULL,NULL,NULL
s7895,Classic Movies, Horror Movies, Thrillers,NULL,NULL,NULL,NULL,NULL
s7896,Dramas,NULL,NULL,NULL,NULL,NULL,NULL,NULL
s7897,TV Comedies, TV Dramas,NULL,NULL,NULL,NULL,NULL,NULL
s7898,International TV Shows, Romantic TV Shows, Spanish-Language TV Shows,NULL,NULL,NULL,NULL,NULL
s7899,Dramas, Independent Movies, International Movies,NULL,NULL,NULL,NULL,NULL
s7900,Action & Adventure, Independent Movies,NULL,NULL,NULL,NULL,NULL,NULL
s7901,Action & Adventure, Comedies, International Movies,NULL,NULL,NULL,NULL,NULL
s7902,Comedies, Romantic Movies,NULL,NULL,NULL,NULL,NULL,NULL
s7903,Action & Adventure, International Movies, Music & Musicals,NULL,NULL,NULL,NULL,NULL
s7904,Comedies, Romantic Movies,NULL,NULL,NULL,NULL,NULL,NULL
s7905,Dramas, Romantic Movies,NULL,NULL,NULL,NULL,NULL,NULL
s7906,Thrillers,NULL,NULL,NULL,NULL,NULL,NULL,NULL
s7907,Anime Series, International TV Shows,NULL,NULL,NULL,NULL,NULL,NULL
s7908,Children & Family Movies, Comedies, Sports Movies,NULL,NULL,NULL,NULL,NULL
s7909,Docuseries, Stand-Up Comedy & Talk Shows,NULL,NULL,NULL,NULL,NULL,NULL
s7910,Stand-Up Comedy,NULL,NULL,NULL,NULL,NULL,NULL,NULL
s7911,Dramas, International Movies,NULL,NULL,NULL,NULL,NULL,NULL
s7912,Documentaries, International Movies,NULL,NULL,NULL,NULL,NULL,NULL
s7913,Action & Adventure,NULL,NULL,NULL,NULL,NULL,NULL,NULL
s7914,Dramas, Independent Movies, International Movies,NULL,NULL,NULL,NULL,NULL
s7915,Documentaries, International Movies,NULL,NULL,NULL,NULL,NULL,NULL
s7916,Dramas, International Movies, Romantic Movies,NULL,NULL,NULL,NULL,NULL
s7917,Comedies, Sci-Fi & Fantasy,NULL,NULL,NULL,NULL,NULL,NULL
s7918,Dramas, International Movies, Romantic Movies,NULL,NULL,NULL,NULL,NULL
s7919,International TV Shows, Romantic TV Shows, TV Dramas,NULL,NULL,NULL,NULL,NULL
s7920,Documentaries, International Movies,NULL,NULL,NULL,NULL,NULL,NULL
s7921,Comedies, Independent Movies, Romantic Movies,NULL,NULL,NULL,NULL,NULL
s7922,Dramas, International Movies,NULL,NULL,NULL,NULL,NULL,NULL
s7923,Dramas, International Movies, Romantic Movies,NULL,NULL,NULL,NULL,NULL
s7924,Dramas, International Movies, Music & Musicals,NULL,NULL,NULL,NULL,NULL
s7925,Dramas, International Movies,NULL,NULL,NULL,NULL,NULL,NULL
s7926,Dramas, International Movies,NULL,NULL,NULL,NULL,NULL,NULL
s7927,Dramas, International Movies,NULL,NULL,NULL,NULL,NULL,NULL
s7928,Comedies, International Movies,NULL,NULL,NULL,NULL,NULL,NULL
s7929,Action & Adventure, Dramas, Faith & Spirituality,NULL,NULL,NULL,NULL,NULL
s7930,Children & Family Movies,NULL,NULL,NULL,NULL,NULL,NULL,NULL
s7931,Classic Movies, Documentaries,NULL,NULL,NULL,NULL,NULL,NULL
s7932,Comedies, Dramas, International Movies,NULL,NULL,NULL,NULL,NULL
s7933,Classic Movies, Dramas, International Movies,NULL,NULL,NULL,NULL,NULL
s7934,Children & Family Movies, Comedies,NULL,NULL,NULL,NULL,NULL,NULL
s7935,Children & Family Movies,NULL,NULL,NULL,NULL,NULL,NULL,NULL
s7936,Dramas, International Movies,NULL,NULL,NULL,NULL,NULL,NULL
s7937,Comedies, International Movies, Music & Musicals,NULL,NULL,NULL,NULL,NULL
s7938,Action & Adventure, Comedies, International Movies,NULL,NULL,NULL,NULL,NULL
s7939,Dramas, International Movies,NULL,NULL,NULL,NULL,NULL,NULL
s7940,Dramas, International Movies,NULL,NULL,NULL,NULL,NULL,NULL
s7941,Dramas, Faith & Spirituality, International Movies,NULL,NULL,NULL,NULL,NULL
s7942,Documentaries, Music & Musicals,NULL,NULL,NULL,NULL,NULL,NULL
s7943,Docuseries, International TV Shows,NULL,NULL,NULL,NULL,NULL,NULL
s7944,Dramas, International Movies, Music & Musicals,NULL,NULL,NULL,NULL,NULL
s7945,Comedies, Cult Movies, Dramas,NULL,NULL,NULL,NULL,NULL
s7946,Dramas, LGBTQ Movies,NULL,NULL,NULL,NULL,NULL,NULL
s7947,Action & Adventure, Independent Movies,NULL,NULL,NULL,NULL,NULL,NULL
s7948,Comedies, International Movies, Romantic Movies,NULL,NULL,NULL,NULL,NULL
s7949,Reality TV,NULL,NULL,NULL,NULL,NULL,NULL,NULL
s7950,Comedies, Dramas,NULL,NULL,NULL,NULL,NULL,NULL
s7951,Dramas,NULL,NULL,NULL,NULL,NULL,NULL,NULL
s7952,Comedies, Dramas, Independent Movies,NULL,NULL,NULL,NULL,NULL
s7953,Children & Family Movies,NULL,NULL,NULL,NULL,NULL,NULL,NULL
s7954,Crime TV Shows, TV Dramas,NULL,NULL,NULL,NULL,NULL,NULL
s7955,Classic Movies, Comedies, Independent Movies,NULL,NULL,NULL,NULL,NULL
s7956,Comedies, Horror Movies,NULL,NULL,NULL,NULL,NULL,NULL
s7957,Comedies, Horror Movies,NULL,NULL,NULL,NULL,NULL,NULL
s7958,Classic Movies, Dramas,NULL,NULL,NULL,NULL,NULL,NULL
s7959,Comedies, Dramas,NULL,NULL,NULL,NULL,NULL,NULL
s7960,Children & Family Movies,NULL,NULL,NULL,NULL,NULL,NULL,NULL
s7961,Action & Adventure, Comedies, Cult Movies,NULL,NULL,NULL,NULL,NULL
s7962,Horror Movies,NULL,NULL,NULL,NULL,NULL,NULL,NULL
s7963,Horror Movies,NULL,NULL,NULL,NULL,NULL,NULL,NULL
s7964,Action & Adventure,NULL,NULL,NULL,NULL,NULL,NULL,NULL
s7965,Children & Family Movies, Classic Movies, Dramas,NULL,NULL,NULL,NULL,NULL
s7966,Documentaries, International Movies, Music & Musicals,NULL,NULL,NULL,NULL,NULL
s7967,Action & Adventure, Sci-Fi & Fantasy,NULL,NULL,NULL,NULL,NULL,NULL
s7968,Dramas, International Movies, Music & Musicals,NULL,NULL,NULL,NULL,NULL
s7969,International TV Shows, Korean TV Shows, Romantic TV Shows,NULL,NULL,NULL,NULL,NULL
s7970,Dramas, Thrillers,NULL,NULL,NULL,NULL,NULL,NULL
s7971,Documentaries, International Movies,NULL,NULL,NULL,NULL,NULL,NULL
s7972,Documentaries, International Movies,NULL,NULL,NULL,NULL,NULL,NULL
s7973,Documentaries, International Movies,NULL,NULL,NULL,NULL,NULL,NULL
s7974,Documentaries, International Movies,NULL,NULL,NULL,NULL,NULL,NULL
s7975,Documentaries, International Movies,NULL,NULL,NULL,NULL,NULL,NULL
s7976,Documentaries,NULL,NULL,NULL,NULL,NULL,NULL,NULL
s7977,Documentaries,NULL,NULL,NULL,NULL,NULL,NULL,NULL
s7978,Documentaries,NULL,NULL,NULL,NULL,NULL,NULL,NULL
s7979,Documentaries, International Movies,NULL,NULL,NULL,NULL,NULL,NULL
s7980,Documentaries, International Movies,NULL,NULL,NULL,NULL,NULL,NULL
s7981,Comedies, International Movies,NULL,NULL,NULL,NULL,NULL,NULL
s7982,Documentaries, International Movies, Sports Movies,NULL,NULL,NULL,NULL,NULL
s7983,TV Comedies,NULL,NULL,NULL,NULL,NULL,NULL,NULL
s7984,Dramas, Independent Movies, International Movies,NULL,NULL,NULL,NULL,NULL
s7985,International TV Shows, TV Comedies,NULL,NULL,NULL,NULL,NULL,NULL
s7986,Action & Adventure,NULL,NULL,NULL,NULL,NULL,NULL,NULL
s7987,Comedies, Dramas, Romantic Movies,NULL,NULL,NULL,NULL,NULL
s7988,Comedies, Dramas, Romantic Movies,NULL,NULL,NULL,NULL,NULL
s7989,Dramas, International Movies, Romantic Movies,NULL,NULL,NULL,NULL,NULL
s7990,Comedies, Dramas, International Movies,NULL,NULL,NULL,NULL,NULL
s7991,Dramas,NULL,NULL,NULL,NULL,NULL,NULL,NULL
s7992,Crime TV Shows, Docuseries, International TV Shows,NULL,NULL,NULL,NULL,NULL
s7993,Comedies, International Movies,NULL,NULL,NULL,NULL,NULL,NULL
s7994,TV Dramas,NULL,NULL,NULL,NULL,NULL,NULL,NULL
s7995,Dramas, International Movies, Thrillers,NULL,NULL,NULL,NULL,NULL
s7996,Dramas, Independent Movies, International Movies,NULL,NULL,NULL,NULL,NULL
s7997,Comedies, International Movies, Music & Musicals,NULL,NULL,NULL,NULL,NULL
s7998,Dramas, International Movies,NULL,NULL,NULL,NULL,NULL,NULL
s7999,Horror Movies,NULL,NULL,NULL,NULL,NULL,NULL,NULL
s8000,Dramas, International Movies,NULL,NULL,NULL,NULL,NULL,NULL
s8001,Documentaries,NULL,NULL,NULL,NULL,NULL,NULL,NULL
s8002,Horror Movies, Thrillers,NULL,NULL,NULL,NULL,NULL,NULL
s8003,British TV Shows, Crime TV Shows, International TV Shows,NULL,NULL,NULL,NULL,NULL
s8004,Action & Adventure, Comedies,NULL,NULL,NULL,NULL,NULL,NULL
s8005,Action & Adventure, Dramas, International Movies,NULL,NULL,NULL,NULL,NULL
s8006,Movies,NULL,NULL,NULL,NULL,NULL,NULL,NULL
s8007,Movies,NULL,NULL,NULL,NULL,NULL,NULL,NULL
s8008,Movies,NULL,NULL,NULL,NULL,NULL,NULL,NULL
s8009,Dramas, International Movies,NULL,NULL,NULL,NULL,NULL,NULL
s8010,Dramas, Independent Movies,NULL,NULL,NULL,NULL,NULL,NULL
s8011,Children & Family Movies, Comedies,NULL,NULL,NULL,NULL,NULL,NULL
s8012,Documentaries, Music & Musicals,NULL,NULL,NULL,NULL,NULL,NULL
s8013,Dramas, International Movies, Thrillers,NULL,NULL,NULL,NULL,NULL
s8014,Horror Movies, International Movies,NULL,NULL,NULL,NULL,NULL,NULL
s8015,Dramas, International Movies, Thrillers,NULL,NULL,NULL,NULL,NULL
s8016,Kids' TV,NULL,NULL,NULL,NULL,NULL,NULL,NULL
s8017,Dramas, Independent Movies, International Movies,NULL,NULL,NULL,NULL,NULL
s8018,Action & Adventure, Independent Movies,NULL,NULL,NULL,NULL,NULL,NULL
s8019,Horror Movies,NULL,NULL,NULL,NULL,NULL,NULL,NULL
s8020,Documentaries,NULL,NULL,NULL,NULL,NULL,NULL,NULL
s8021,Crime TV Shows, International TV Shows, TV Action & Adventure,NULL,NULL,NULL,NULL,NULL
s8022,International TV Shows, Spanish-Language TV Shows, TV Dramas,NULL,NULL,NULL,NULL,NULL
s8023,International TV Shows, Spanish-Language TV Shows, TV Dramas,NULL,NULL,NULL,NULL,NULL
s8024,Action & Adventure, Dramas, International Movies,NULL,NULL,NULL,NULL,NULL
s8025,Comedies, International Movies, Romantic Movies,NULL,NULL,NULL,NULL,NULL
s8026,Action & Adventure, Dramas, Sci-Fi & Fantasy,NULL,NULL,NULL,NULL,NULL
s8027,Horror Movies, International Movies,NULL,NULL,NULL,NULL,NULL,NULL
s8028,Horror Movies,NULL,NULL,NULL,NULL,NULL,NULL,NULL
s8029,Comedies, Dramas, Romantic Movies,NULL,NULL,NULL,NULL,NULL
s8030,Action & Adventure,NULL,NULL,NULL,NULL,NULL,NULL,NULL
s8031,Reality TV,NULL,NULL,NULL,NULL,NULL,NULL,NULL
s8032,Reality TV,NULL,NULL,NULL,NULL,NULL,NULL,NULL
s8033,Action & Adventure, Comedies,NULL,NULL,NULL,NULL,NULL,NULL
s8034,Action & Adventure, International Movies,NULL,NULL,NULL,NULL,NULL,NULL
s8035,Documentaries, Sports Movies,NULL,NULL,NULL,NULL,NULL,NULL
s8036,Action & Adventure, Sci-Fi & Fantasy,NULL,NULL,NULL,NULL,NULL,NULL
s8037,Comedies, Dramas, Independent Movies,NULL,NULL,NULL,NULL,NULL
s8038,Comedies, Romantic Movies,NULL,NULL,NULL,NULL,NULL,NULL
s8039,Dramas, Independent Movies,NULL,NULL,NULL,NULL,NULL,NULL
s8040,Thrillers,NULL,NULL,NULL,NULL,NULL,NULL,NULL
s8041,Reality TV,NULL,NULL,NULL,NULL,NULL,NULL,NULL
s8042,Action & Adventure, Dramas, International Movies,NULL,NULL,NULL,NULL,NULL
s8043,Action & Adventure, Comedies, Sci-Fi & Fantasy,NULL,NULL,NULL,NULL,NULL
s8044,Comedies, Dramas, Independent Movies,NULL,NULL,NULL,NULL,NULL
s8045,Documentaries, Sports Movies,NULL,NULL,NULL,NULL,NULL,NULL
s8046,Comedies,NULL,NULL,NULL,NULL,NULL,NULL,NULL
s8047,Action & Adventure, Dramas,NULL,NULL,NULL,NULL,NULL,NULL
s8048,Comedies, International Movies, Romantic Movies,NULL,NULL,NULL,NULL,NULL
s8049,Documentaries,NULL,NULL,NULL,NULL,NULL,NULL,NULL
s8050,Dramas, International Movies,NULL,NULL,NULL,NULL,NULL,NULL
s8051,Comedies, Independent Movies, International Movies,NULL,NULL,NULL,NULL,NULL
s8052,Action & Adventure, Children & Family Movies, Sci-Fi & Fantasy,NULL,NULL,NULL,NULL,NULL
s8053,Action & Adventure, Children & Family Movies, Sci-Fi & Fantasy,NULL,NULL,NULL,NULL,NULL
s8054,Action & Adventure, International Movies, Sci-Fi & Fantasy,NULL,NULL,NULL,NULL,NULL
s8055,Dramas, Romantic Movies,NULL,NULL,NULL,NULL,NULL,NULL
s8056,Comedies, Romantic Movies,NULL,NULL,NULL,NULL,NULL,NULL
s8057,Action & Adventure, Dramas, Independent Movies,NULL,NULL,NULL,NULL,NULL
s8058,Documentaries, Sports Movies,NULL,NULL,NULL,NULL,NULL,NULL
s8059,International TV Shows, Romantic TV Shows, TV Dramas,NULL,NULL,NULL,NULL,NULL
s8060,Dramas, Faith & Spirituality, Sports Movies,NULL,NULL,NULL,NULL,NULL
s8061,Horror Movies, Independent Movies,NULL,NULL,NULL,NULL,NULL,NULL
s8062,Documentaries,NULL,NULL,NULL,NULL,NULL,NULL,NULL
s8063,Kids' TV,NULL,NULL,NULL,NULL,NULL,NULL,NULL
s8064,Dramas, Music & Musicals,NULL,NULL,NULL,NULL,NULL,NULL
s8065,TV Action & Adventure, TV Dramas,NULL,NULL,NULL,NULL,NULL,NULL
s8066,Comedies, Dramas, Independent Movies,NULL,NULL,NULL,NULL,NULL
s8067,Documentaries, Sports Movies,NULL,NULL,NULL,NULL,NULL,NULL
s8068,Action & Adventure, Sci-Fi & Fantasy,NULL,NULL,NULL,NULL,NULL,NULL
s8069,Action & Adventure, Comedies,NULL,NULL,NULL,NULL,NULL,NULL
s8070,Documentaries,NULL,NULL,NULL,NULL,NULL,NULL,NULL
s8071,Kids' TV,NULL,NULL,NULL,NULL,NULL,NULL,NULL
s8072,Dramas, Independent Movies,NULL,NULL,NULL,NULL,NULL,NULL
s8073,Comedies, Cult Movies, Dramas,NULL,NULL,NULL,NULL,NULL
s8074,Dramas, International Movies, Sports Movies,NULL,NULL,NULL,NULL,NULL
s8075,Children & Family Movies, Comedies,NULL,NULL,NULL,NULL,NULL,NULL
s8076,Children & Family Movies, Comedies,NULL,NULL,NULL,NULL,NULL,NULL
s8077,Children & Family Movies, Comedies,NULL,NULL,NULL,NULL,NULL,NULL
s8078,Action & Adventure, Comedies, International Movies,NULL,NULL,NULL,NULL,NULL
s8079,Horror Movies, Independent Movies,NULL,NULL,NULL,NULL,NULL,NULL
s8080,Thrillers,NULL,NULL,NULL,NULL,NULL,NULL,NULL
s8081,Action & Adventure,NULL,NULL,NULL,NULL,NULL,NULL,NULL
s8082,Documentaries,NULL,NULL,NULL,NULL,NULL,NULL,NULL
s8083,Action & Adventure, Children & Family Movies, Sci-Fi & Fantasy,NULL,NULL,NULL,NULL,NULL
s8084,Romantic TV Shows, TV Dramas, TV Sci-Fi & Fantasy,NULL,NULL,NULL,NULL,NULL
s8085,Dramas, Independent Movies, International Movies,NULL,NULL,NULL,NULL,NULL
s8086,International TV Shows, TV Comedies, TV Dramas,NULL,NULL,NULL,NULL,NULL
s8087,Documentaries, International Movies,NULL,NULL,NULL,NULL,NULL,NULL
s8088,Comedies,NULL,NULL,NULL,NULL,NULL,NULL,NULL
s8089,Comedies, International Movies,NULL,NULL,NULL,NULL,NULL,NULL
s8090,Horror Movies,NULL,NULL,NULL,NULL,NULL,NULL,NULL
s8091,Dramas, International Movies,NULL,NULL,NULL,NULL,NULL,NULL
s8092,Horror Movies, International Movies,NULL,NULL,NULL,NULL,NULL,NULL
s8093,Documentaries,NULL,NULL,NULL,NULL,NULL,NULL,NULL
s8094,Kids' TV,NULL,NULL,NULL,NULL,NULL,NULL,NULL
s8095,Kids' TV, Korean TV Shows,NULL,NULL,NULL,NULL,NULL,NULL
s8096,Horror Movies, Thrillers,NULL,NULL,NULL,NULL,NULL,NULL
s8097,Documentaries, International Movies, Sports Movies,NULL,NULL,NULL,NULL,NULL
s8098,International TV Shows, Reality TV,NULL,NULL,NULL,NULL,NULL,NULL
s8099,Comedies, International Movies, Romantic Movies,NULL,NULL,NULL,NULL,NULL
s8100,Comedies, Independent Movies, LGBTQ Movies,NULL,NULL,NULL,NULL,NULL
s8101,Dramas, Thrillers,NULL,NULL,NULL,NULL,NULL,NULL
s8102,Comedies, Romantic Movies,NULL,NULL,NULL,NULL,NULL,NULL
s8103,Kids' TV,NULL,NULL,NULL,NULL,NULL,NULL,NULL
s8104,Classic Movies, Comedies, Romantic Movies,NULL,NULL,NULL,NULL,NULL
s8105,Documentaries, International Movies, LGBTQ Movies,NULL,NULL,NULL,NULL,NULL
s8106,Classic Movies, Comedies, Cult Movies,NULL,NULL,NULL,NULL,NULL
s8107,Comedies, Dramas,NULL,NULL,NULL,NULL,NULL,NULL
s8108,Crime TV Shows, International TV Shows, Korean TV Shows,NULL,NULL,NULL,NULL,NULL
s8109,Action & Adventure, Dramas, International Movies,NULL,NULL,NULL,NULL,NULL
s8110,Docuseries, International TV Shows,NULL,NULL,NULL,NULL,NULL,NULL
s8111,Children & Family Movies, Comedies,NULL,NULL,NULL,NULL,NULL,NULL
s8112,Action & Adventure, Dramas,NULL,NULL,NULL,NULL,NULL,NULL
s8113,Dramas, International Movies, Thrillers,NULL,NULL,NULL,NULL,NULL
s8114,Comedies, International Movies, Music & Musicals,NULL,NULL,NULL,NULL,NULL
s8115,Comedies, Dramas, International Movies,NULL,NULL,NULL,NULL,NULL
s8116,International Movies, Thrillers,NULL,NULL,NULL,NULL,NULL,NULL
s8117,Dramas, International Movies, Romantic Movies,NULL,NULL,NULL,NULL,NULL
s8118,International TV Shows, Korean TV Shows, TV Comedies,NULL,NULL,NULL,NULL,NULL
s8119,Comedies, Dramas, Romantic Movies,NULL,NULL,NULL,NULL,NULL
s8120,Dramas, International Movies, Sports Movies,NULL,NULL,NULL,NULL,NULL
s8121,Dramas, Independent Movies, International Movies,NULL,NULL,NULL,NULL,NULL
s8122,Kids' TV,NULL,NULL,NULL,NULL,NULL,NULL,NULL
s8123,Children & Family Movies,NULL,NULL,NULL,NULL,NULL,NULL,NULL
s8124,Dramas, Independent Movies, Thrillers,NULL,NULL,NULL,NULL,NULL
s8125,Comedies, Dramas, International Movies,NULL,NULL,NULL,NULL,NULL
s8126,Kids' TV, Korean TV Shows,NULL,NULL,NULL,NULL,NULL,NULL
s8127,Comedies, Cult Movies,NULL,NULL,NULL,NULL,NULL,NULL
s8128,Action & Adventure, Classic Movies, Dramas,NULL,NULL,NULL,NULL,NULL
s8129,Action & Adventure, Sci-Fi & Fantasy,NULL,NULL,NULL,NULL,NULL,NULL
s8130,British TV Shows, Docuseries, Science & Nature TV,NULL,NULL,NULL,NULL,NULL
s8131,Comedies,NULL,NULL,NULL,NULL,NULL,NULL,NULL
s8132,Dramas, International Movies, Romantic Movies,NULL,NULL,NULL,NULL,NULL
s8133,Crime TV Shows, Docuseries,NULL,NULL,NULL,NULL,NULL,NULL
s8134,Documentaries,NULL,NULL,NULL,NULL,NULL,NULL,NULL
s8135,Documentaries, LGBTQ Movies,NULL,NULL,NULL,NULL,NULL,NULL
s8136,Documentaries,NULL,NULL,NULL,NULL,NULL,NULL,NULL
s8137,Dramas, Independent Movies, International Movies,NULL,NULL,NULL,NULL,NULL
s8138,International TV Shows, TV Dramas,NULL,NULL,NULL,NULL,NULL,NULL
s8139,Dramas, Horror Movies, Music & Musicals,NULL,NULL,NULL,NULL,NULL
s8140,Dramas, Independent Movies, Thrillers,NULL,NULL,NULL,NULL,NULL
s8141,Comedies, Dramas, Independent Movies,NULL,NULL,NULL,NULL,NULL
s8142,Action & Adventure, Dramas, International Movies,NULL,NULL,NULL,NULL,NULL
s8143,Action & Adventure, International Movies,NULL,NULL,NULL,NULL,NULL,NULL
s8144,Kids' TV,NULL,NULL,NULL,NULL,NULL,NULL,NULL
s8145,Dramas, International Movies, Music & Musicals,NULL,NULL,NULL,NULL,NULL
s8146,Dramas, International Movies,NULL,NULL,NULL,NULL,NULL,NULL
s8147,Comedies, Romantic Movies,NULL,NULL,NULL,NULL,NULL,NULL
s8148,Crime TV Shows, TV Action & Adventure, TV Thrillers,NULL,NULL,NULL,NULL,NULL
s8149,TV Dramas,NULL,NULL,NULL,NULL,NULL,NULL,NULL
s8150,Action & Adventure, International Movies, Romantic Movies,NULL,NULL,NULL,NULL,NULL
s8151,International Movies, Thrillers,NULL,NULL,NULL,NULL,NULL,NULL
s8152,Children & Family Movies,NULL,NULL,NULL,NULL,NULL,NULL,NULL
s8153,Children & Family Movies,NULL,NULL,NULL,NULL,NULL,NULL,NULL
s8154,Comedies, International Movies,NULL,NULL,NULL,NULL,NULL,NULL
s8155,Children & Family Movies,NULL,NULL,NULL,NULL,NULL,NULL,NULL
s8156,Documentaries,NULL,NULL,NULL,NULL,NULL,NULL,NULL
s8157,Dramas, International Movies, Thrillers,NULL,NULL,NULL,NULL,NULL
s8158,Dramas, Independent Movies, LGBTQ Movies,NULL,NULL,NULL,NULL,NULL
s8159,Children & Family Movies, Comedies,NULL,NULL,NULL,NULL,NULL,NULL
s8160,Children & Family Movies, Comedies,NULL,NULL,NULL,NULL,NULL,NULL
s8161,Action & Adventure, Comedies,NULL,NULL,NULL,NULL,NULL,NULL
s8162,Comedies, International Movies, Music & Musicals,NULL,NULL,NULL,NULL,NULL
s8163,Children & Family Movies,NULL,NULL,NULL,NULL,NULL,NULL,NULL
s8164,Dramas, International Movies,NULL,NULL,NULL,NULL,NULL,NULL
s8165,Dramas, Independent Movies, International Movies,NULL,NULL,NULL,NULL,NULL
s8166,International TV Shows, Romantic TV Shows, Spanish-Language TV Shows,NULL,NULL,NULL,NULL,NULL
s8167,Action & Adventure, Sci-Fi & Fantasy,NULL,NULL,NULL,NULL,NULL,NULL
s8168,Action & Adventure, Sci-Fi & Fantasy,NULL,NULL,NULL,NULL,NULL,NULL
s8169,Documentaries, International Movies,NULL,NULL,NULL,NULL,NULL,NULL
s8170,Horror Movies, Independent Movies, Thrillers,NULL,NULL,NULL,NULL,NULL
s8171,Comedies, International Movies, Romantic Movies,NULL,NULL,NULL,NULL,NULL
s8172,Action & Adventure, International Movies, Music & Musicals,NULL,NULL,NULL,NULL,NULL
s8173,Kids' TV, TV Comedies,NULL,NULL,NULL,NULL,NULL,NULL
s8174,TV Shows,NULL,NULL,NULL,NULL,NULL,NULL,NULL
s8175,TV Comedies,NULL,NULL,NULL,NULL,NULL,NULL,NULL
s8176,Docuseries,NULL,NULL,NULL,NULL,NULL,NULL,NULL
s8177,Documentaries, Sports Movies,NULL,NULL,NULL,NULL,NULL,NULL
s8178,Action & Adventure, Dramas, International Movies,NULL,NULL,NULL,NULL,NULL
s8179,Documentaries, International Movies,NULL,NULL,NULL,NULL,NULL,NULL
s8180,Dramas, Thrillers,NULL,NULL,NULL,NULL,NULL,NULL
s8181,International TV Shows, TV Dramas,NULL,NULL,NULL,NULL,NULL,NULL
s8182,Children & Family Movies,NULL,NULL,NULL,NULL,NULL,NULL,NULL
s8183,Kids' TV, TV Comedies,NULL,NULL,NULL,NULL,NULL,NULL
s8184,Children & Family Movies,NULL,NULL,NULL,NULL,NULL,NULL,NULL
s8185,Children & Family Movies,NULL,NULL,NULL,NULL,NULL,NULL,NULL
s8186,Dramas, International Movies, Sci-Fi & Fantasy,NULL,NULL,NULL,NULL,NULL
s8187,Action & Adventure, Dramas, International Movies,NULL,NULL,NULL,NULL,NULL
s8188,Comedies, Dramas, Romantic Movies,NULL,NULL,NULL,NULL,NULL
s8189,Horror Movies,NULL,NULL,NULL,NULL,NULL,NULL,NULL
s8190,Classic & Cult TV, TV Comedies,NULL,NULL,NULL,NULL,NULL,NULL
s8191,Children & Family Movies, Comedies,NULL,NULL,NULL,NULL,NULL,NULL
s8192,Documentaries,NULL,NULL,NULL,NULL,NULL,NULL,NULL
s8193,Comedies, Dramas, International Movies,NULL,NULL,NULL,NULL,NULL
s8194,International TV Shows, Reality TV,NULL,NULL,NULL,NULL,NULL,NULL
s8195,Comedies, Dramas, International Movies,NULL,NULL,NULL,NULL,NULL
s8196,Action & Adventure, Comedies, Independent Movies,NULL,NULL,NULL,NULL,NULL
s8197,Action & Adventure,NULL,NULL,NULL,NULL,NULL,NULL,NULL
s8198,Action & Adventure,NULL,NULL,NULL,NULL,NULL,NULL,NULL
s8199,Horror Movies, Independent Movies, Thrillers,NULL,NULL,NULL,NULL,NULL
s8200,Reality TV, Romantic TV Shows,NULL,NULL,NULL,NULL,NULL,NULL
s8201,Dramas,NULL,NULL,NULL,NULL,NULL,NULL,NULL
s8202,Comedies,NULL,NULL,NULL,NULL,NULL,NULL,NULL
s8203,Documentaries,NULL,NULL,NULL,NULL,NULL,NULL,NULL
s8204,Action & Adventure, International Movies,NULL,NULL,NULL,NULL,NULL,NULL
s8205,Horror Movies, Thrillers,NULL,NULL,NULL,NULL,NULL,NULL
s8206,Classic Movies, Documentaries,NULL,NULL,NULL,NULL,NULL,NULL
s8207,International TV Shows, TV Dramas,NULL,NULL,NULL,NULL,NULL,NULL
s8208,Docuseries, International TV Shows, Science & Nature TV,NULL,NULL,NULL,NULL,NULL
s8209,British TV Shows, Docuseries, Science & Nature TV,NULL,NULL,NULL,NULL,NULL
s8210,British TV Shows, Reality TV,NULL,NULL,NULL,NULL,NULL,NULL
s8211,Documentaries,NULL,NULL,NULL,NULL,NULL,NULL,NULL
s8212,Horror Movies,NULL,NULL,NULL,NULL,NULL,NULL,NULL
s8213,Horror Movies, Independent Movies, Thrillers,NULL,NULL,NULL,NULL,NULL
s8214,Dramas, Sports Movies,NULL,NULL,NULL,NULL,NULL,NULL
s8215,British TV Shows, Docuseries, International TV Shows,NULL,NULL,NULL,NULL,NULL
s8216,Documentaries,NULL,NULL,NULL,NULL,NULL,NULL,NULL
s8217,British TV Shows, Docuseries,NULL,NULL,NULL,NULL,NULL,NULL
s8218,Action & Adventure, Sci-Fi & Fantasy,NULL,NULL,NULL,NULL,NULL,NULL
s8219,Dramas, International Movies, Romantic Movies,NULL,NULL,NULL,NULL,NULL
s8220,Action & Adventure, Comedies, Romantic Movies,NULL,NULL,NULL,NULL,NULL
s8221,Sci-Fi & Fantasy, Thrillers,NULL,NULL,NULL,NULL,NULL,NULL
s8222,Horror Movies, Independent Movies, Thrillers,NULL,NULL,NULL,NULL,NULL
s8223,Dramas, Independent Movies, International Movies,NULL,NULL,NULL,NULL,NULL
s8224,Dramas, Thrillers,NULL,NULL,NULL,NULL,NULL,NULL
s8225,Dramas, Independent Movies, Sports Movies,NULL,NULL,NULL,NULL,NULL
s8226,Children & Family Movies, Dramas, International Movies,NULL,NULL,NULL,NULL,NULL
s8227,Comedies, Dramas, Romantic Movies,NULL,NULL,NULL,NULL,NULL
s8228,Dramas, International Movies, Romantic Movies,NULL,NULL,NULL,NULL,NULL
s8229,Action & Adventure, Sci-Fi & Fantasy,NULL,NULL,NULL,NULL,NULL,NULL
s8230,Comedies, Dramas,NULL,NULL,NULL,NULL,NULL,NULL
s8231,Comedies, International Movies,NULL,NULL,NULL,NULL,NULL,NULL
s8232,Action & Adventure, Dramas, International Movies,NULL,NULL,NULL,NULL,NULL
s8233,Horror Movies, Thrillers,NULL,NULL,NULL,NULL,NULL,NULL
s8234,Independent Movies, Thrillers,NULL,NULL,NULL,NULL,NULL,NULL
s8235,Dramas, Independent Movies, International Movies,NULL,NULL,NULL,NULL,NULL
s8236,International TV Shows, Reality TV,NULL,NULL,NULL,NULL,NULL,NULL
s8237,Dramas, Thrillers,NULL,NULL,NULL,NULL,NULL,NULL
s8238,Cult Movies, Horror Movies,NULL,NULL,NULL,NULL,NULL,NULL
s8239,Documentaries, Sports Movies,NULL,NULL,NULL,NULL,NULL,NULL
s8240,Dramas, Faith & Spirituality,NULL,NULL,NULL,NULL,NULL,NULL
s8241,Action & Adventure, Dramas, International Movies,NULL,NULL,NULL,NULL,NULL
s8242,Dramas, International Movies, Thrillers,NULL,NULL,NULL,NULL,NULL
s8243,Horror Movies, Thrillers,NULL,NULL,NULL,NULL,NULL,NULL
s8244,International TV Shows, Reality TV,NULL,NULL,NULL,NULL,NULL,NULL
s8245,Dramas, International Movies, Music & Musicals,NULL,NULL,NULL,NULL,NULL
s8246,Dramas, International Movies, Thrillers,NULL,NULL,NULL,NULL,NULL
s8247,Dramas, Independent Movies, International Movies,NULL,NULL,NULL,NULL,NULL
s8248,Dramas, Faith & Spirituality,NULL,NULL,NULL,NULL,NULL,NULL
s8249,Children & Family Movies, Comedies,NULL,NULL,NULL,NULL,NULL,NULL
s8250,Classic Movies, Dramas,NULL,NULL,NULL,NULL,NULL,NULL
s8251,British TV Shows, Docuseries, International TV Shows,NULL,NULL,NULL,NULL,NULL
s8252,Dramas, Independent Movies,NULL,NULL,NULL,NULL,NULL,NULL
s8253,Comedies, Romantic Movies,NULL,NULL,NULL,NULL,NULL,NULL
s8254,Comedies, Dramas, Independent Movies,NULL,NULL,NULL,NULL,NULL
s8255,Dramas, International Movies, Sci-Fi & Fantasy,NULL,NULL,NULL,NULL,NULL
s8256,Comedies, International Movies, Thrillers,NULL,NULL,NULL,NULL,NULL
s8257,Horror Movies, Thrillers,NULL,NULL,NULL,NULL,NULL,NULL
s8258,International TV Shows, Korean TV Shows, TV Comedies,NULL,NULL,NULL,NULL,NULL
s8259,Children & Family Movies, Comedies,NULL,NULL,NULL,NULL,NULL,NULL
s8260,Action & Adventure, Cult Movies, Sci-Fi & Fantasy,NULL,NULL,NULL,NULL,NULL
s8261,Comedies, Cult Movies, International Movies,NULL,NULL,NULL,NULL,NULL
s8262,Classic Movies, Independent Movies, Thrillers,NULL,NULL,NULL,NULL,NULL
s8263,Docuseries, Science & Nature TV,NULL,NULL,NULL,NULL,NULL,NULL
s8264,Comedies,NULL,NULL,NULL,NULL,NULL,NULL,NULL
s8265,Dramas, International Movies,NULL,NULL,NULL,NULL,NULL,NULL
s8266,Dramas, International Movies, Romantic Movies,NULL,NULL,NULL,NULL,NULL
s8267,Children & Family Movies,NULL,NULL,NULL,NULL,NULL,NULL,NULL
s8268,Dramas, International Movies,NULL,NULL,NULL,NULL,NULL,NULL
s8269,Action & Adventure, Independent Movies, International Movies,NULL,NULL,NULL,NULL,NULL
s8270,Dramas,NULL,NULL,NULL,NULL,NULL,NULL,NULL
s8271,Documentaries, Sports Movies,NULL,NULL,NULL,NULL,NULL,NULL
s8272,Kids' TV, TV Comedies,NULL,NULL,NULL,NULL,NULL,NULL
s8273,Dramas, Thrillers,NULL,NULL,NULL,NULL,NULL,NULL
s8274,Dramas, International Movies,NULL,NULL,NULL,NULL,NULL,NULL
s8275,Horror Movies, Thrillers,NULL,NULL,NULL,NULL,NULL,NULL
s8276,Documentaries, Horror Movies,NULL,NULL,NULL,NULL,NULL,NULL
s8277,Horror Movies, Thrillers,NULL,NULL,NULL,NULL,NULL,NULL
s8278,Anime Series,NULL,NULL,NULL,NULL,NULL,NULL,NULL
s8279,Documentaries,NULL,NULL,NULL,NULL,NULL,NULL,NULL
s8280,Horror Movies, Sci-Fi & Fantasy, Thrillers,NULL,NULL,NULL,NULL,NULL
s8281,Dramas, International Movies,NULL,NULL,NULL,NULL,NULL,NULL
s8282,Thrillers,NULL,NULL,NULL,NULL,NULL,NULL,NULL
s8283,International TV Shows, TV Comedies,NULL,NULL,NULL,NULL,NULL,NULL
s8284,Dramas,NULL,NULL,NULL,NULL,NULL,NULL,NULL
s8285,Action & Adventure, Comedies,NULL,NULL,NULL,NULL,NULL,NULL
s8286,Action & Adventure, Comedies,NULL,NULL,NULL,NULL,NULL,NULL
s8287,Dramas, International Movies,NULL,NULL,NULL,NULL,NULL,NULL
s8288,Docuseries,NULL,NULL,NULL,NULL,NULL,NULL,NULL
s8289,Dramas, Independent Movies,NULL,NULL,NULL,NULL,NULL,NULL
s8290,Independent Movies, Sci-Fi & Fantasy, Thrillers,NULL,NULL,NULL,NULL,NULL
s8291,Classic Movies, Cult Movies, Horror Movies,NULL,NULL,NULL,NULL,NULL
s8292,Dramas, Romantic Movies,NULL,NULL,NULL,NULL,NULL,NULL
s8293,Horror Movies, Independent Movies,NULL,NULL,NULL,NULL,NULL,NULL
s8294,British TV Shows, Crime TV Shows, TV Dramas,NULL,NULL,NULL,NULL,NULL
s8295,Documentaries, International Movies,NULL,NULL,NULL,NULL,NULL,NULL
s8296,Comedies, Independent Movies, LGBTQ Movies,NULL,NULL,NULL,NULL,NULL
s8297,Dramas, Sports Movies,NULL,NULL,NULL,NULL,NULL,NULL
s8298,Horror Movies, International Movies, Thrillers,NULL,NULL,NULL,NULL,NULL
s8299,Horror Movies,NULL,NULL,NULL,NULL,NULL,NULL,NULL
s8300,Dramas, Independent Movies,NULL,NULL,NULL,NULL,NULL,NULL
s8301,Comedies, International Movies,NULL,NULL,NULL,NULL,NULL,NULL
s8302,Comedies,NULL,NULL,NULL,NULL,NULL,NULL,NULL
s8303,British TV Shows, Crime TV Shows, TV Dramas,NULL,NULL,NULL,NULL,NULL
s8304,Action & Adventure, Cult Movies, International Movies,NULL,NULL,NULL,NULL,NULL
s8305,Children & Family Movies, Comedies,NULL,NULL,NULL,NULL,NULL,NULL
s8306,Children & Family Movies, Comedies, Romantic Movies,NULL,NULL,NULL,NULL,NULL
s8307,Action & Adventure, Dramas, International Movies,NULL,NULL,NULL,NULL,NULL
s8308,Action & Adventure, Sci-Fi & Fantasy,NULL,NULL,NULL,NULL,NULL,NULL
s8309,Documentaries,NULL,NULL,NULL,NULL,NULL,NULL,NULL
s8310,Action & Adventure, International Movies,NULL,NULL,NULL,NULL,NULL,NULL
s8311,Horror Movies,NULL,NULL,NULL,NULL,NULL,NULL,NULL
s8312,TV Dramas,NULL,NULL,NULL,NULL,NULL,NULL,NULL
s8313,Dramas,NULL,NULL,NULL,NULL,NULL,NULL,NULL
s8314,Documentaries, Sports Movies,NULL,NULL,NULL,NULL,NULL,NULL
s8315,Dramas, Thrillers,NULL,NULL,NULL,NULL,NULL,NULL
s8316,British TV Shows, Kids' TV,NULL,NULL,NULL,NULL,NULL,NULL
s8317,Docuseries, International TV Shows, Science & Nature TV,NULL,NULL,NULL,NULL,NULL
s8318,Comedies, Dramas, International Movies,NULL,NULL,NULL,NULL,NULL
s8319,Documentaries, Sports Movies,NULL,NULL,NULL,NULL,NULL,NULL
s8320,Dramas, Independent Movies, Thrillers,NULL,NULL,NULL,NULL,NULL
s8321,Dramas, Thrillers,NULL,NULL,NULL,NULL,NULL,NULL
s8322,Docuseries, International TV Shows,NULL,NULL,NULL,NULL,NULL,NULL
s8323,Horror Movies, Independent Movies, International Movies,NULL,NULL,NULL,NULL,NULL
s8324,Comedies, Dramas, Romantic Movies,NULL,NULL,NULL,NULL,NULL
s8325,Dramas, Independent Movies, Thrillers,NULL,NULL,NULL,NULL,NULL
s8326,Comedies,NULL,NULL,NULL,NULL,NULL,NULL,NULL
s8327,Dramas, Faith & Spirituality,NULL,NULL,NULL,NULL,NULL,NULL
s8328,Dramas, Faith & Spirituality,NULL,NULL,NULL,NULL,NULL,NULL
s8329,Dramas, Faith & Spirituality,NULL,NULL,NULL,NULL,NULL,NULL
s8330,Dramas, Faith & Spirituality,NULL,NULL,NULL,NULL,NULL,NULL
s8331,Action & Adventure, Dramas, International Movies,NULL,NULL,NULL,NULL,NULL
s8332,British TV Shows, Reality TV,NULL,NULL,NULL,NULL,NULL,NULL
s8333,Action & Adventure, Classic Movies, Cult Movies,NULL,NULL,NULL,NULL,NULL
s8334,Action & Adventure, Dramas,NULL,NULL,NULL,NULL,NULL,NULL
s8335,British TV Shows, Crime TV Shows, International TV Shows,NULL,NULL,NULL,NULL,NULL
s8336,Action & Adventure, Comedies,NULL,NULL,NULL,NULL,NULL,NULL
s8337,TV Comedies,NULL,NULL,NULL,NULL,NULL,NULL,NULL
s8338,Horror Movies,NULL,NULL,NULL,NULL,NULL,NULL,NULL
s8339,Horror Movies, Thrillers,NULL,NULL,NULL,NULL,NULL,NULL
s8340,Children & Family Movies, Dramas, Faith & Spirituality,NULL,NULL,NULL,NULL,NULL
s8341,Documentaries,NULL,NULL,NULL,NULL,NULL,NULL,NULL
s8342,Dramas,NULL,NULL,NULL,NULL,NULL,NULL,NULL
s8343,Horror Movies,NULL,NULL,NULL,NULL,NULL,NULL,NULL
s8344,Dramas, International Movies,NULL,NULL,NULL,NULL,NULL,NULL
s8345,Dramas, Independent Movies,NULL,NULL,NULL,NULL,NULL,NULL
s8346,Action & Adventure,NULL,NULL,NULL,NULL,NULL,NULL,NULL
s8347,Comedies, Faith & Spirituality, International Movies,NULL,NULL,NULL,NULL,NULL
s8348,International TV Shows, Korean TV Shows, Reality TV,NULL,NULL,NULL,NULL,NULL
s8349,Documentaries,NULL,NULL,NULL,NULL,NULL,NULL,NULL
s8350,International TV Shows, Reality TV,NULL,NULL,NULL,NULL,NULL,NULL
s8351,Documentaries, International Movies, Music & Musicals,NULL,NULL,NULL,NULL,NULL
s8352,Action & Adventure, Sci-Fi & Fantasy,NULL,NULL,NULL,NULL,NULL,NULL
s8353,Comedies, Dramas,NULL,NULL,NULL,NULL,NULL,NULL
s8354,British TV Shows, Docuseries, Science & Nature TV,NULL,NULL,NULL,NULL,NULL
s8355,Action & Adventure,NULL,NULL,NULL,NULL,NULL,NULL,NULL
s8356,Documentaries, Sports Movies,NULL,NULL,NULL,NULL,NULL,NULL
s8357,Action & Adventure, Sci-Fi & Fantasy,NULL,NULL,NULL,NULL,NULL,NULL
s8358,British TV Shows, TV Comedies,NULL,NULL,NULL,NULL,NULL,NULL
s8359,International Movies, Sci-Fi & Fantasy, Thrillers,NULL,NULL,NULL,NULL,NULL
s8360,Children & Family Movies,NULL,NULL,NULL,NULL,NULL,NULL,NULL
s8361,Children & Family Movies, Comedies,NULL,NULL,NULL,NULL,NULL,NULL
s8362,Children & Family Movies, Dramas,NULL,NULL,NULL,NULL,NULL,NULL
s8363,Comedies, Dramas,NULL,NULL,NULL,NULL,NULL,NULL
s8364,Dramas, International Movies, Thrillers,NULL,NULL,NULL,NULL,NULL
s8365,Dramas, International Movies,NULL,NULL,NULL,NULL,NULL,NULL
s8366,Comedies, Romantic Movies,NULL,NULL,NULL,NULL,NULL,NULL
s8367,British TV Shows, Crime TV Shows, Docuseries,NULL,NULL,NULL,NULL,NULL
s8368,Horror Movies, Independent Movies, Thrillers,NULL,NULL,NULL,NULL,NULL
s8369,Crime TV Shows, Docuseries,NULL,NULL,NULL,NULL,NULL,NULL
s8370,Dramas, International Movies,NULL,NULL,NULL,NULL,NULL,NULL
s8371,Documentaries, International Movies,NULL,NULL,NULL,NULL,NULL,NULL
s8372,Docuseries, International TV Shows, Spanish-Language TV Shows,NULL,NULL,NULL,NULL,NULL
s8373,Comedies, Dramas, Romantic Movies,NULL,NULL,NULL,NULL,NULL
s8374,Kids' TV,NULL,NULL,NULL,NULL,NULL,NULL,NULL
s8375,Dramas, International Movies,NULL,NULL,NULL,NULL,NULL,NULL
s8376,Dramas, Thrillers,NULL,NULL,NULL,NULL,NULL,NULL
s8377,Reality TV,NULL,NULL,NULL,NULL,NULL,NULL,NULL
s8378,Dramas, International Movies,NULL,NULL,NULL,NULL,NULL,NULL
s8379,Romantic TV Shows, TV Dramas,NULL,NULL,NULL,NULL,NULL,NULL
s8380,International TV Shows, Korean TV Shows, TV Dramas,NULL,NULL,NULL,NULL,NULL
s8381,Dramas, Romantic Movies, Sci-Fi & Fantasy,NULL,NULL,NULL,NULL,NULL
s8382,Children & Family Movies, Faith & Spirituality,NULL,NULL,NULL,NULL,NULL,NULL
s8383,Documentaries, International Movies,NULL,NULL,NULL,NULL,NULL,NULL
s8384,Classic Movies, Dramas,NULL,NULL,NULL,NULL,NULL,NULL
s8385,Horror Movies, Independent Movies, Thrillers,NULL,NULL,NULL,NULL,NULL
s8386,Dramas,NULL,NULL,NULL,NULL,NULL,NULL,NULL
s8387,Comedies, International Movies,NULL,NULL,NULL,NULL,NULL,NULL
s8388,Documentaries,NULL,NULL,NULL,NULL,NULL,NULL,NULL
s8389,Documentaries,NULL,NULL,NULL,NULL,NULL,NULL,NULL
s8390,Dramas, Sports Movies,NULL,NULL,NULL,NULL,NULL,NULL
s8391,Documentaries,NULL,NULL,NULL,NULL,NULL,NULL,NULL
s8392,Comedies, Dramas, International Movies,NULL,NULL,NULL,NULL,NULL
s8393,Crime TV Shows, International TV Shows, TV Dramas,NULL,NULL,NULL,NULL,NULL
s8394,Comedies, Independent Movies,NULL,NULL,NULL,NULL,NULL,NULL
s8395,Children & Family Movies, Dramas,NULL,NULL,NULL,NULL,NULL,NULL
s8396,Children & Family Movies,NULL,NULL,NULL,NULL,NULL,NULL,NULL
s8397,Dramas, International Movies, Thrillers,NULL,NULL,NULL,NULL,NULL
s8398,Crime TV Shows, TV Dramas, TV Thrillers,NULL,NULL,NULL,NULL,NULL
s8399,Comedies, International Movies, Romantic Movies,NULL,NULL,NULL,NULL,NULL
s8400,Horror Movies, International Movies,NULL,NULL,NULL,NULL,NULL,NULL
s8401,Documentaries, Faith & Spirituality,NULL,NULL,NULL,NULL,NULL,NULL
s8402,Classic Movies, Comedies, Sports Movies,NULL,NULL,NULL,NULL,NULL
s8403,Comedies, Dramas, Sports Movies,NULL,NULL,NULL,NULL,NULL
s8404,Documentaries, International Movies,NULL,NULL,NULL,NULL,NULL,NULL
s8405,Action & Adventure, Sci-Fi & Fantasy,NULL,NULL,NULL,NULL,NULL,NULL
s8406,Action & Adventure, Sci-Fi & Fantasy,NULL,NULL,NULL,NULL,NULL,NULL
s8407,Comedies, Sports Movies,NULL,NULL,NULL,NULL,NULL,NULL
s8408,Documentaries, International Movies,NULL,NULL,NULL,NULL,NULL,NULL
s8409,Dramas, International Movies,NULL,NULL,NULL,NULL,NULL,NULL
s8410,Comedies, International Movies, Sci-Fi & Fantasy,NULL,NULL,NULL,NULL,NULL
s8411,Documentaries,NULL,NULL,NULL,NULL,NULL,NULL,NULL
s8412,British TV Shows, Docuseries, Science & Nature TV,NULL,NULL,NULL,NULL,NULL
s8413,Documentaries, Music & Musicals,NULL,NULL,NULL,NULL,NULL,NULL
s8414,Action & Adventure, Romantic Movies,NULL,NULL,NULL,NULL,NULL,NULL
s8415,Action & Adventure, Sci-Fi & Fantasy,NULL,NULL,NULL,NULL,NULL,NULL
s8416,Action & Adventure, Sci-Fi & Fantasy,NULL,NULL,NULL,NULL,NULL,NULL
s8417,Action & Adventure, Sci-Fi & Fantasy,NULL,NULL,NULL,NULL,NULL,NULL
s8418,Documentaries,NULL,NULL,NULL,NULL,NULL,NULL,NULL
s8419,Dramas, International Movies,NULL,NULL,NULL,NULL,NULL,NULL
s8420,Classic Movies, Documentaries,NULL,NULL,NULL,NULL,NULL,NULL
s8421,Comedies,NULL,NULL,NULL,NULL,NULL,NULL,NULL
s8422,TV Dramas, TV Mysteries, TV Sci-Fi & Fantasy,NULL,NULL,NULL,NULL,NULL
s8423,Docuseries,NULL,NULL,NULL,NULL,NULL,NULL,NULL
s8424,Kids' TV, TV Comedies,NULL,NULL,NULL,NULL,NULL,NULL
s8425,International TV Shows, Spanish-Language TV Shows, TV Action & Adventure,NULL,NULL,NULL,NULL,NULL
s8426,Dramas, Independent Movies, International Movies,NULL,NULL,NULL,NULL,NULL
s8427,Horror Movies, Independent Movies,NULL,NULL,NULL,NULL,NULL,NULL
s8428,Dramas,NULL,NULL,NULL,NULL,NULL,NULL,NULL
s8429,Docuseries,NULL,NULL,NULL,NULL,NULL,NULL,NULL
s8430,International TV Shows, TV Comedies, TV Dramas,NULL,NULL,NULL,NULL,NULL
s8431,Children & Family Movies, Comedies,NULL,NULL,NULL,NULL,NULL,NULL
s8432,British TV Shows, Crime TV Shows, Docuseries,NULL,NULL,NULL,NULL,NULL
s8433,Dramas, International Movies, Music & Musicals,NULL,NULL,NULL,NULL,NULL
s8434,Comedies,NULL,NULL,NULL,NULL,NULL,NULL,NULL
s8435,Comedies, Cult Movies,NULL,NULL,NULL,NULL,NULL,NULL
s8436,Classic Movies, Dramas, Sports Movies,NULL,NULL,NULL,NULL,NULL
s8437,Classic Movies, Documentaries,NULL,NULL,NULL,NULL,NULL,NULL
s8438,Stand-Up Comedy & Talk Shows, TV Comedies,NULL,NULL,NULL,NULL,NULL,NULL
s8439,Comedies, Independent Movies, Romantic Movies,NULL,NULL,NULL,NULL,NULL
s8440,Docuseries,NULL,NULL,NULL,NULL,NULL,NULL,NULL
s8441,Documentaries, International Movies,NULL,NULL,NULL,NULL,NULL,NULL
s8442,Children & Family Movies,NULL,NULL,NULL,NULL,NULL,NULL,NULL
s8443,TV Comedies,NULL,NULL,NULL,NULL,NULL,NULL,NULL
s8444,Comedies, Dramas, Independent Movies,NULL,NULL,NULL,NULL,NULL
s8445,Comedies, International Movies,NULL,NULL,NULL,NULL,NULL,NULL
s8446,Action & Adventure, Comedies,NULL,NULL,NULL,NULL,NULL,NULL
s8447,Action & Adventure, Comedies,NULL,NULL,NULL,NULL,NULL,NULL
s8448,Dramas, Independent Movies, LGBTQ Movies,NULL,NULL,NULL,NULL,NULL
s8449,Action & Adventure,NULL,NULL,NULL,NULL,NULL,NULL,NULL
s8450,Dramas, Thrillers,NULL,NULL,NULL,NULL,NULL,NULL
s8451,Documentaries, International Movies, Sports Movies,NULL,NULL,NULL,NULL,NULL
s8452,Comedies, Dramas,NULL,NULL,NULL,NULL,NULL,NULL
s8453,Dramas, Music & Musicals, Romantic Movies,NULL,NULL,NULL,NULL,NULL
s8454,Action & Adventure, Dramas, International Movies,NULL,NULL,NULL,NULL,NULL
s8455,Children & Family Movies, Comedies,NULL,NULL,NULL,NULL,NULL,NULL
s8456,Children & Family Movies,NULL,NULL,NULL,NULL,NULL,NULL,NULL
s8457,Dramas,NULL,NULL,NULL,NULL,NULL,NULL,NULL
s8458,Children & Family Movies, Comedies,NULL,NULL,NULL,NULL,NULL,NULL
s8459,Dramas, Independent Movies,NULL,NULL,NULL,NULL,NULL,NULL
s8460,Dramas, International Movies, Thrillers,NULL,NULL,NULL,NULL,NULL
s8461,Comedies, International Movies,NULL,NULL,NULL,NULL,NULL,NULL
s8462,Children & Family Movies,NULL,NULL,NULL,NULL,NULL,NULL,NULL
s8463,Documentaries,NULL,NULL,NULL,NULL,NULL,NULL,NULL
s8464,Comedies, Dramas, International Movies,NULL,NULL,NULL,NULL,NULL
s8465,Action & Adventure,NULL,NULL,NULL,NULL,NULL,NULL,NULL
s8466,Comedies, Romantic Movies,NULL,NULL,NULL,NULL,NULL,NULL
s8467,Children & Family Movies,NULL,NULL,NULL,NULL,NULL,NULL,NULL
s8468,Action & Adventure, Dramas, International Movies,NULL,NULL,NULL,NULL,NULL
s8469,Documentaries,NULL,NULL,NULL,NULL,NULL,NULL,NULL
s8470,Dramas,NULL,NULL,NULL,NULL,NULL,NULL,NULL
s8471,Documentaries, Sports Movies,NULL,NULL,NULL,NULL,NULL,NULL
s8472,Docuseries, Science & Nature TV,NULL,NULL,NULL,NULL,NULL,NULL
s8473,Children & Family Movies, Dramas, International Movies,NULL,NULL,NULL,NULL,NULL
s8474,Dramas, Thrillers,NULL,NULL,NULL,NULL,NULL,NULL
s8475,Reality TV,NULL,NULL,NULL,NULL,NULL,NULL,NULL
s8476,Documentaries, International Movies,NULL,NULL,NULL,NULL,NULL,NULL
s8477,British TV Shows, Docuseries, International TV Shows,NULL,NULL,NULL,NULL,NULL
s8478,Documentaries, Sports Movies,NULL,NULL,NULL,NULL,NULL,NULL
s8479,Documentaries, Sports Movies,NULL,NULL,NULL,NULL,NULL,NULL
s8480,Documentaries, Sports Movies,NULL,NULL,NULL,NULL,NULL,NULL
s8481,Dramas, Independent Movies, International Movies,NULL,NULL,NULL,NULL,NULL
s8482,Dramas, International Movies,NULL,NULL,NULL,NULL,NULL,NULL
s8483,International TV Shows, TV Dramas, TV Horror,NULL,NULL,NULL,NULL,NULL
s8484,Horror Movies, International Movies,NULL,NULL,NULL,NULL,NULL,NULL
s8485,Horror Movies, Independent Movies, Sci-Fi & Fantasy,NULL,NULL,NULL,NULL,NULL
s8486,Dramas, International Movies, Romantic Movies,NULL,NULL,NULL,NULL,NULL
s8487,Horror Movies, Thrillers,NULL,NULL,NULL,NULL,NULL,NULL
s8488,Dramas, International Movies,NULL,NULL,NULL,NULL,NULL,NULL
s8489,Dramas, Independent Movies,NULL,NULL,NULL,NULL,NULL,NULL
s8490,Action & Adventure,NULL,NULL,NULL,NULL,NULL,NULL,NULL
s8491,International TV Shows, TV Dramas,NULL,NULL,NULL,NULL,NULL,NULL
s8492,Documentaries, International Movies, Music & Musicals,NULL,NULL,NULL,NULL,NULL
s8493,Thrillers,NULL,NULL,NULL,NULL,NULL,NULL,NULL
s8494,International Movies, Thrillers,NULL,NULL,NULL,NULL,NULL,NULL
s8495,Comedies, Dramas,NULL,NULL,NULL,NULL,NULL,NULL
s8496,Dramas, Independent Movies,NULL,NULL,NULL,NULL,NULL,NULL
s8497,Dramas, Independent Movies, International Movies,NULL,NULL,NULL,NULL,NULL
s8498,Comedies, Dramas, Independent Movies,NULL,NULL,NULL,NULL,NULL
s8499,Dramas, Thrillers,NULL,NULL,NULL,NULL,NULL,NULL
s8500,Dramas,NULL,NULL,NULL,NULL,NULL,NULL,NULL
s8501,Documentaries,NULL,NULL,NULL,NULL,NULL,NULL,NULL
s8502,Children & Family Movies, Comedies,NULL,NULL,NULL,NULL,NULL,NULL
s8503,Documentaries,NULL,NULL,NULL,NULL,NULL,NULL,NULL
s8504,Docuseries,NULL,NULL,NULL,NULL,NULL,NULL,NULL
s8505,Comedies, International Movies, Music & Musicals,NULL,NULL,NULL,NULL,NULL
s8506,Dramas,NULL,NULL,NULL,NULL,NULL,NULL,NULL
s8507,Classic Movies, Comedies, Independent Movies,NULL,NULL,NULL,NULL,NULL
s8508,Sci-Fi & Fantasy, Thrillers,NULL,NULL,NULL,NULL,NULL,NULL
s8509,Horror Movies, Independent Movies, International Movies,NULL,NULL,NULL,NULL,NULL
s8510,Dramas, International Movies, Romantic Movies,NULL,NULL,NULL,NULL,NULL
s8511,Crime TV Shows, International TV Shows, TV Dramas,NULL,NULL,NULL,NULL,NULL
s8512,Dramas,NULL,NULL,NULL,NULL,NULL,NULL,NULL
s8513,Action & Adventure, Romantic Movies, Sci-Fi & Fantasy,NULL,NULL,NULL,NULL,NULL
s8514,Dramas, Independent Movies, Romantic Movies,NULL,NULL,NULL,NULL,NULL
s8515,Dramas, Independent Movies, International Movies,NULL,NULL,NULL,NULL,NULL
s8516,Action & Adventure, Children & Family Movies, Comedies,NULL,NULL,NULL,NULL,NULL
s8517,Documentaries, International Movies,NULL,NULL,NULL,NULL,NULL,NULL
s8518,Dramas, Independent Movies, Thrillers,NULL,NULL,NULL,NULL,NULL
s8519,Docuseries,NULL,NULL,NULL,NULL,NULL,NULL,NULL
s8520,Docuseries,NULL,NULL,NULL,NULL,NULL,NULL,NULL
s8521,Thrillers,NULL,NULL,NULL,NULL,NULL,NULL,NULL
s8522,Documentaries, International Movies,NULL,NULL,NULL,NULL,NULL,NULL
s8523,Horror Movies,NULL,NULL,NULL,NULL,NULL,NULL,NULL
s8524,Kids' TV,NULL,NULL,NULL,NULL,NULL,NULL,NULL
s8525,Documentaries,NULL,NULL,NULL,NULL,NULL,NULL,NULL
s8526,Action & Adventure,NULL,NULL,NULL,NULL,NULL,NULL,NULL
s8527,Dramas, Thrillers,NULL,NULL,NULL,NULL,NULL,NULL
s8528,Cult Movies, Horror Movies, Independent Movies,NULL,NULL,NULL,NULL,NULL
s8529,Dramas, International Movies,NULL,NULL,NULL,NULL,NULL,NULL
s8530,Comedies, Dramas, Independent Movies,NULL,NULL,NULL,NULL,NULL
s8531,Documentaries,NULL,NULL,NULL,NULL,NULL,NULL,NULL
s8532,Action & Adventure, Sci-Fi & Fantasy,NULL,NULL,NULL,NULL,NULL,NULL
s8533,Dramas, Romantic Movies, Sci-Fi & Fantasy,NULL,NULL,NULL,NULL,NULL
s8534,Crime TV Shows, Docuseries,NULL,NULL,NULL,NULL,NULL,NULL
s8535,Dramas, Independent Movies, Sports Movies,NULL,NULL,NULL,NULL,NULL
s8536,Thrillers,NULL,NULL,NULL,NULL,NULL,NULL,NULL
s8537,Comedies,NULL,NULL,NULL,NULL,NULL,NULL,NULL
s8538,Thrillers,NULL,NULL,NULL,NULL,NULL,NULL,NULL
s8539,Documentaries, International Movies,NULL,NULL,NULL,NULL,NULL,NULL
s8540,TV Dramas,NULL,NULL,NULL,NULL,NULL,NULL,NULL
s8541,Action & Adventure, Comedies,NULL,NULL,NULL,NULL,NULL,NULL
s8542,Classic & Cult TV, TV Sci-Fi & Fantasy,NULL,NULL,NULL,NULL,NULL,NULL
s8543,Comedies, Romantic Movies,NULL,NULL,NULL,NULL,NULL,NULL
s8544,Horror Movies, International Movies,NULL,NULL,NULL,NULL,NULL,NULL
s8545,International TV Shows, TV Dramas, Teen TV Shows,NULL,NULL,NULL,NULL,NULL
s8546,Docuseries, Science & Nature TV,NULL,NULL,NULL,NULL,NULL,NULL
s8547,Dramas, International Movies,NULL,NULL,NULL,NULL,NULL,NULL
s8548,Documentaries,NULL,NULL,NULL,NULL,NULL,NULL,NULL
s8549,Horror Movies, Thrillers,NULL,NULL,NULL,NULL,NULL,NULL
s8550,Docuseries,NULL,NULL,NULL,NULL,NULL,NULL,NULL
s8551,Action & Adventure, Dramas, International Movies,NULL,NULL,NULL,NULL,NULL
s8552,Docuseries,NULL,NULL,NULL,NULL,NULL,NULL,NULL
s8553,Dramas, International Movies,NULL,NULL,NULL,NULL,NULL,NULL
s8554,Children & Family Movies,NULL,NULL,NULL,NULL,NULL,NULL,NULL
s8555,Comedies, Sports Movies,NULL,NULL,NULL,NULL,NULL,NULL
s8556,Horror Movies, International Movies,NULL,NULL,NULL,NULL,NULL,NULL
s8557,Comedies, International Movies, Romantic Movies,NULL,NULL,NULL,NULL,NULL
s8558,TV Dramas,NULL,NULL,NULL,NULL,NULL,NULL,NULL
s8559,Horror Movies, Independent Movies,NULL,NULL,NULL,NULL,NULL,NULL
s8560,Horror Movies, Thrillers,NULL,NULL,NULL,NULL,NULL,NULL
s8561,International TV Shows, Romantic TV Shows, TV Comedies,NULL,NULL,NULL,NULL,NULL
s8562,Documentaries, International Movies,NULL,NULL,NULL,NULL,NULL,NULL
s8563,Comedies, Dramas, Faith & Spirituality,NULL,NULL,NULL,NULL,NULL
s8564,Dramas, International Movies,NULL,NULL,NULL,NULL,NULL,NULL
s8565,Action & Adventure,NULL,NULL,NULL,NULL,NULL,NULL,NULL
s8566,Documentaries,NULL,NULL,NULL,NULL,NULL,NULL,NULL
s8567,Thrillers,NULL,NULL,NULL,NULL,NULL,NULL,NULL
s8568,International TV Shows, Romantic TV Shows, TV Comedies,NULL,NULL,NULL,NULL,NULL
s8569,Comedies, International Movies,NULL,NULL,NULL,NULL,NULL,NULL
s8570,Action & Adventure, Comedies, International Movies,NULL,NULL,NULL,NULL,NULL
s8571,Documentaries,NULL,NULL,NULL,NULL,NULL,NULL,NULL
s8572,Dramas, International Movies, Romantic Movies,NULL,NULL,NULL,NULL,NULL
s8573,Documentaries, Music & Musicals,NULL,NULL,NULL,NULL,NULL,NULL
s8574,Documentaries,NULL,NULL,NULL,NULL,NULL,NULL,NULL
s8575,International TV Shows, TV Horror, TV Mysteries,NULL,NULL,NULL,NULL,NULL
s8576,International TV Shows, Korean TV Shows, Romantic TV Shows,NULL,NULL,NULL,NULL,NULL
s8577,Comedies, International Movies, Romantic Movies,NULL,NULL,NULL,NULL,NULL
s8578,Documentaries, International Movies, Music & Musicals,NULL,NULL,NULL,NULL,NULL
s8579,Dramas, Independent Movies, International Movies,NULL,NULL,NULL,NULL,NULL
s8580,Action & Adventure, International Movies, Sports Movies,NULL,NULL,NULL,NULL,NULL
s8581,Action & Adventure, Comedies, Sci-Fi & Fantasy,NULL,NULL,NULL,NULL,NULL
s8582,Children & Family Movies,NULL,NULL,NULL,NULL,NULL,NULL,NULL
s8583,Dramas, International Movies,NULL,NULL,NULL,NULL,NULL,NULL
s8584,Dramas, International Movies,NULL,NULL,NULL,NULL,NULL,NULL
s8585,Action & Adventure, International Movies,NULL,NULL,NULL,NULL,NULL,NULL
s8586,Comedies, Dramas, International Movies,NULL,NULL,NULL,NULL,NULL
s8587,Dramas, Thrillers,NULL,NULL,NULL,NULL,NULL,NULL
s8588,Classic Movies, Documentaries,NULL,NULL,NULL,NULL,NULL,NULL
s8589,Crime TV Shows, International TV Shows, TV Dramas,NULL,NULL,NULL,NULL,NULL
s8590,Dramas, International Movies, Thrillers,NULL,NULL,NULL,NULL,NULL
s8591,Dramas, International Movies,NULL,NULL,NULL,NULL,NULL,NULL
s8592,Comedies, Dramas, International Movies,NULL,NULL,NULL,NULL,NULL
s8593,International TV Shows, TV Dramas,NULL,NULL,NULL,NULL,NULL,NULL
s8594,Crime TV Shows, Docuseries, International TV Shows,NULL,NULL,NULL,NULL,NULL
s8595,Children & Family Movies,NULL,NULL,NULL,NULL,NULL,NULL,NULL
s8596,Dramas, Independent Movies, Sci-Fi & Fantasy,NULL,NULL,NULL,NULL,NULL
s8597,Kids' TV,NULL,NULL,NULL,NULL,NULL,NULL,NULL
s8598,Documentaries,NULL,NULL,NULL,NULL,NULL,NULL,NULL
s8599,Comedies, Cult Movies, LGBTQ Movies,NULL,NULL,NULL,NULL,NULL
s8600,British TV Shows, Classic & Cult TV, TV Comedies,NULL,NULL,NULL,NULL,NULL
s8601,Kids' TV, Korean TV Shows,NULL,NULL,NULL,NULL,NULL,NULL
s8602,Documentaries, International Movies, Music & Musicals,NULL,NULL,NULL,NULL,NULL
s8603,Children & Family Movies, Comedies,NULL,NULL,NULL,NULL,NULL,NULL
s8604,Action & Adventure,NULL,NULL,NULL,NULL,NULL,NULL,NULL
s8605,British TV Shows, Docuseries, Science & Nature TV,NULL,NULL,NULL,NULL,NULL
s8606,Reality TV,NULL,NULL,NULL,NULL,NULL,NULL,NULL
s8607,Dramas, Independent Movies, International Movies,NULL,NULL,NULL,NULL,NULL
s8608,Comedies, Dramas, Romantic Movies,NULL,NULL,NULL,NULL,NULL
s8609,Comedies,NULL,NULL,NULL,NULL,NULL,NULL,NULL
s8610,International TV Shows, Reality TV,NULL,NULL,NULL,NULL,NULL,NULL
s8611,Action & Adventure,NULL,NULL,NULL,NULL,NULL,NULL,NULL
s8612,Dramas, Independent Movies, International Movies,NULL,NULL,NULL,NULL,NULL
s8613,Horror Movies, International Movies,NULL,NULL,NULL,NULL,NULL,NULL
s8614,Action & Adventure, Horror Movies, International Movies,NULL,NULL,NULL,NULL,NULL
s8615,Comedies, Cult Movies, Dramas,NULL,NULL,NULL,NULL,NULL
s8616,Dramas, Thrillers,NULL,NULL,NULL,NULL,NULL,NULL
s8617,Sci-Fi & Fantasy, Thrillers,NULL,NULL,NULL,NULL,NULL,NULL
s8618,Dramas, Independent Movies, Thrillers,NULL,NULL,NULL,NULL,NULL
s8619,Comedies, Dramas, Independent Movies,NULL,NULL,NULL,NULL,NULL
s8620,Documentaries, Dramas, International Movies,NULL,NULL,NULL,NULL,NULL
s8621,Documentaries,NULL,NULL,NULL,NULL,NULL,NULL,NULL
s8622,Comedies, Cult Movies, Horror Movies,NULL,NULL,NULL,NULL,NULL
s8623,Comedies, Horror Movies, Sci-Fi & Fantasy,NULL,NULL,NULL,NULL,NULL
s8624,Comedies, Horror Movies, Sci-Fi & Fantasy,NULL,NULL,NULL,NULL,NULL
s8625,Comedies, Horror Movies, Sci-Fi & Fantasy,NULL,NULL,NULL,NULL,NULL
s8626,Comedies, Horror Movies, Sci-Fi & Fantasy,NULL,NULL,NULL,NULL,NULL
s8627,Action & Adventure, Comedies, Horror Movies,NULL,NULL,NULL,NULL,NULL
s8628,Dramas,NULL,NULL,NULL,NULL,NULL,NULL,NULL
s8629,Comedies, Dramas, Independent Movies,NULL,NULL,NULL,NULL,NULL
s8630,Action & Adventure, Dramas, International Movies,NULL,NULL,NULL,NULL,NULL
s8631,International Movies, Thrillers,NULL,NULL,NULL,NULL,NULL,NULL
s8632,Documentaries, Music & Musicals,NULL,NULL,NULL,NULL,NULL,NULL
s8633,Documentaries, International Movies,NULL,NULL,NULL,NULL,NULL,NULL
s8634,International TV Shows, TV Dramas,NULL,NULL,NULL,NULL,NULL,NULL
s8635,Action & Adventure,NULL,NULL,NULL,NULL,NULL,NULL,NULL
s8636,Classic Movies, Dramas,NULL,NULL,NULL,NULL,NULL,NULL
s8637,Dramas,NULL,NULL,NULL,NULL,NULL,NULL,NULL
s8638,Dramas, Independent Movies,NULL,NULL,NULL,NULL,NULL,NULL
s8639,Comedies, Horror Movies, Independent Movies,NULL,NULL,NULL,NULL,NULL
s8640,Dramas, Faith & Spirituality, International Movies,NULL,NULL,NULL,NULL,NULL
s8641,Classic Movies, Documentaries,NULL,NULL,NULL,NULL,NULL,NULL
s8642,Children & Family Movies, Comedies,NULL,NULL,NULL,NULL,NULL,NULL
s8643,Horror Movies,NULL,NULL,NULL,NULL,NULL,NULL,NULL
s8644,Documentaries, International Movies,NULL,NULL,NULL,NULL,NULL,NULL
s8645,Classic & Cult TV, Crime TV Shows, TV Dramas,NULL,NULL,NULL,NULL,NULL
s8646,Horror Movies, Independent Movies, Thrillers,NULL,NULL,NULL,NULL,NULL
s8647,British TV Shows, Kids' TV,NULL,NULL,NULL,NULL,NULL,NULL
s8648,Dramas, International Movies,NULL,NULL,NULL,NULL,NULL,NULL
s8649,Thrillers,NULL,NULL,NULL,NULL,NULL,NULL,NULL
s8650,Dramas, Independent Movies, Romantic Movies,NULL,NULL,NULL,NULL,NULL
s8651,Documentaries, International Movies,NULL,NULL,NULL,NULL,NULL,NULL
s8652,Documentaries, Sports Movies,NULL,NULL,NULL,NULL,NULL,NULL
s8653,Dramas, International Movies, Thrillers,NULL,NULL,NULL,NULL,NULL
s8654,International TV Shows, Romantic TV Shows, TV Dramas,NULL,NULL,NULL,NULL,NULL
s8655,Dramas, International Movies,NULL,NULL,NULL,NULL,NULL,NULL
s8656,Children & Family Movies, Comedies,NULL,NULL,NULL,NULL,NULL,NULL
s8657,Documentaries,NULL,NULL,NULL,NULL,NULL,NULL,NULL
s8658,Action & Adventure, Documentaries, Sports Movies,NULL,NULL,NULL,NULL,NULL
s8659,Dramas, Independent Movies, International Movies,NULL,NULL,NULL,NULL,NULL
s8660,Action & Adventure, Children & Family Movies, Comedies,NULL,NULL,NULL,NULL,NULL
s8661,Classic Movies, Documentaries,NULL,NULL,NULL,NULL,NULL,NULL
s8662,Comedies, Dramas, Independent Movies,NULL,NULL,NULL,NULL,NULL
s8663,Dramas, Independent Movies, International Movies,NULL,NULL,NULL,NULL,NULL
s8664,International Movies, Thrillers,NULL,NULL,NULL,NULL,NULL,NULL
s8665,Comedies, Dramas, Romantic Movies,NULL,NULL,NULL,NULL,NULL
s8666,Dramas, Independent Movies, International Movies,NULL,NULL,NULL,NULL,NULL
s8667,Action & Adventure, Comedies, International Movies,NULL,NULL,NULL,NULL,NULL
s8668,Action & Adventure,NULL,NULL,NULL,NULL,NULL,NULL,NULL
s8669,Action & Adventure, Dramas, Sci-Fi & Fantasy,NULL,NULL,NULL,NULL,NULL
s8670,Kids' TV,NULL,NULL,NULL,NULL,NULL,NULL,NULL
s8671,Action & Adventure,NULL,NULL,NULL,NULL,NULL,NULL,NULL
s8672,Action & Adventure, Dramas, International Movies,NULL,NULL,NULL,NULL,NULL
s8673,Comedies, Dramas, International Movies,NULL,NULL,NULL,NULL,NULL
s8674,Documentaries,NULL,NULL,NULL,NULL,NULL,NULL,NULL
s8675,Dramas,NULL,NULL,NULL,NULL,NULL,NULL,NULL
s8676,Dramas,NULL,NULL,NULL,NULL,NULL,NULL,NULL
s8677,Action & Adventure, Sci-Fi & Fantasy,NULL,NULL,NULL,NULL,NULL,NULL
s8678,Documentaries,NULL,NULL,NULL,NULL,NULL,NULL,NULL
s8679,Dramas, Thrillers,NULL,NULL,NULL,NULL,NULL,NULL
s8680,Kids' TV,NULL,NULL,NULL,NULL,NULL,NULL,NULL
s8681,Dramas, International Movies,NULL,NULL,NULL,NULL,NULL,NULL
s8682,Dramas, International Movies,NULL,NULL,NULL,NULL,NULL,NULL
s8683,Comedies, Dramas, International Movies,NULL,NULL,NULL,NULL,NULL
s8684,Dramas, International Movies, Thrillers,NULL,NULL,NULL,NULL,NULL
s8685,Kids' TV, Korean TV Shows,NULL,NULL,NULL,NULL,NULL,NULL
s8686,Dramas,NULL,NULL,NULL,NULL,NULL,NULL,NULL
s8687,Action & Adventure, International Movies,NULL,NULL,NULL,NULL,NULL,NULL
s8688,Action & Adventure, International Movies, Sci-Fi & Fantasy,NULL,NULL,NULL,NULL,NULL
s8689,Dramas, International Movies,NULL,NULL,NULL,NULL,NULL,NULL
s8690,Comedies, Independent Movies,NULL,NULL,NULL,NULL,NULL,NULL
s8691,International TV Shows, TV Dramas,NULL,NULL,NULL,NULL,NULL,NULL
s8692,Dramas,NULL,NULL,NULL,NULL,NULL,NULL,NULL
s8693,Documentaries,NULL,NULL,NULL,NULL,NULL,NULL,NULL
s8694,Dramas, Independent Movies, Thrillers,NULL,NULL,NULL,NULL,NULL
s8695,Action & Adventure,NULL,NULL,NULL,NULL,NULL,NULL,NULL
s8696,Comedies, Dramas, International Movies,NULL,NULL,NULL,NULL,NULL
s8697,Dramas,NULL,NULL,NULL,NULL,NULL,NULL,NULL
s8698,Action & Adventure, Comedies,NULL,NULL,NULL,NULL,NULL,NULL
s8699,Horror Movies, Independent Movies, International Movies,NULL,NULL,NULL,NULL,NULL
s8700,Comedies, Dramas, International Movies,NULL,NULL,NULL,NULL,NULL
s8701,Docuseries, International TV Shows,NULL,NULL,NULL,NULL,NULL,NULL
s8702,Documentaries,NULL,NULL,NULL,NULL,NULL,NULL,NULL
s8703,Documentaries,NULL,NULL,NULL,NULL,NULL,NULL,NULL
s8704,Dramas, Independent Movies, Music & Musicals,NULL,NULL,NULL,NULL,NULL
s8705,Thrillers,NULL,NULL,NULL,NULL,NULL,NULL,NULL
s8706,Comedies, International Movies, Romantic Movies,NULL,NULL,NULL,NULL,NULL
s8707,Dramas, Independent Movies,NULL,NULL,NULL,NULL,NULL,NULL
s8708,Documentaries, International Movies,NULL,NULL,NULL,NULL,NULL,NULL
s8709,Comedies, Dramas, Independent Movies,NULL,NULL,NULL,NULL,NULL
s8710,Dramas, International Movies,NULL,NULL,NULL,NULL,NULL,NULL
s8711,TV Comedies, TV Dramas,NULL,NULL,NULL,NULL,NULL,NULL
s8712,Dramas, Independent Movies, International Movies,NULL,NULL,NULL,NULL,NULL
s8713,British TV Shows, Docuseries, Science & Nature TV,NULL,NULL,NULL,NULL,NULL
s8714,Comedies, International Movies,NULL,NULL,NULL,NULL,NULL,NULL
s8715,Children & Family Movies,NULL,NULL,NULL,NULL,NULL,NULL,NULL
s8716,Dramas, Independent Movies,NULL,NULL,NULL,NULL,NULL,NULL
s8717,Comedies, Horror Movies, Independent Movies,NULL,NULL,NULL,NULL,NULL
s8718,Classic Movies, Dramas, International Movies,NULL,NULL,NULL,NULL,NULL
s8719,Documentaries, Sports Movies,NULL,NULL,NULL,NULL,NULL,NULL
s8720,Comedies, Dramas, International Movies,NULL,NULL,NULL,NULL,NULL
s8721,International TV Shows, TV Comedies, TV Dramas,NULL,NULL,NULL,NULL,NULL
s8722,International TV Shows, Romantic TV Shows, TV Comedies,NULL,NULL,NULL,NULL,NULL
s8723,Horror Movies, Thrillers,NULL,NULL,NULL,NULL,NULL,NULL
s8724,Documentaries,NULL,NULL,NULL,NULL,NULL,NULL,NULL
s8725,Dramas, Thrillers,NULL,NULL,NULL,NULL,NULL,NULL
s8726,Dramas, International Movies, Romantic Movies,NULL,NULL,NULL,NULL,NULL
s8727,TV Dramas,NULL,NULL,NULL,NULL,NULL,NULL,NULL
s8728,Documentaries, International Movies,NULL,NULL,NULL,NULL,NULL,NULL
s8729,Documentaries, International Movies,NULL,NULL,NULL,NULL,NULL,NULL
s8730,Action & Adventure, Comedies, Dramas,NULL,NULL,NULL,NULL,NULL
s8731,Comedies,NULL,NULL,NULL,NULL,NULL,NULL,NULL
s8732,Comedies, Dramas, Independent Movies,NULL,NULL,NULL,NULL,NULL
s8733,Sci-Fi & Fantasy, Thrillers,NULL,NULL,NULL,NULL,NULL,NULL
s8734,Comedies, Independent Movies, Thrillers,NULL,NULL,NULL,NULL,NULL
s8735,Documentaries, LGBTQ Movies, Music & Musicals,NULL,NULL,NULL,NULL,NULL
s8736,Classic Movies, Dramas, Independent Movies,NULL,NULL,NULL,NULL,NULL
s8737,International TV Shows, Romantic TV Shows, TV Comedies,NULL,NULL,NULL,NULL,NULL
s8738,Documentaries,NULL,NULL,NULL,NULL,NULL,NULL,NULL
s8739,Documentaries,NULL,NULL,NULL,NULL,NULL,NULL,NULL
s8740,Documentaries,NULL,NULL,NULL,NULL,NULL,NULL,NULL
s8741,British TV Shows, Docuseries, Science & Nature TV,NULL,NULL,NULL,NULL,NULL
s8742,British TV Shows, Docuseries, Science & Nature TV,NULL,NULL,NULL,NULL,NULL
s8743,Action & Adventure, Comedies, Sci-Fi & Fantasy,NULL,NULL,NULL,NULL,NULL
s8744,Dramas, Independent Movies,NULL,NULL,NULL,NULL,NULL,NULL
s8745,Documentaries, International Movies, Sports Movies,NULL,NULL,NULL,NULL,NULL
s8746,Children & Family Movies, Classic Movies, Comedies,NULL,NULL,NULL,NULL,NULL
s8747,Documentaries, International Movies,NULL,NULL,NULL,NULL,NULL,NULL
s8748,Reality TV,NULL,NULL,NULL,NULL,NULL,NULL,NULL
s8749,Classic Movies, Dramas,NULL,NULL,NULL,NULL,NULL,NULL
s8750,International TV Shows, TV Dramas, TV Thrillers,NULL,NULL,NULL,NULL,NULL
s8751,Dramas, Independent Movies,NULL,NULL,NULL,NULL,NULL,NULL
s8752,Comedies, Dramas, Independent Movies,NULL,NULL,NULL,NULL,NULL
s8753,Children & Family Movies, Dramas,NULL,NULL,NULL,NULL,NULL,NULL
s8754,Dramas, Independent Movies,NULL,NULL,NULL,NULL,NULL,NULL
s8755,Dramas, Independent Movies, Sports Movies,NULL,NULL,NULL,NULL,NULL
s8756,Crime TV Shows, Docuseries,NULL,NULL,NULL,NULL,NULL,NULL
s8757,Documentaries, Music & Musicals,NULL,NULL,NULL,NULL,NULL,NULL
s8758,Action & Adventure, Dramas,NULL,NULL,NULL,NULL,NULL,NULL
s8759,British TV Shows, Docuseries,NULL,NULL,NULL,NULL,NULL,NULL
s8760,Movies,NULL,NULL,NULL,NULL,NULL,NULL,NULL
s8761,Horror Movies, Independent Movies, Thrillers,NULL,NULL,NULL,NULL,NULL
s8762,Comedies, International Movies, Romantic Movies,NULL,NULL,NULL,NULL,NULL
s8763,Dramas, International Movies,NULL,NULL,NULL,NULL,NULL,NULL
s8764,Documentaries,NULL,NULL,NULL,NULL,NULL,NULL,NULL
s8765,Action & Adventure,NULL,NULL,NULL,NULL,NULL,NULL,NULL
s8766,Horror Movies,NULL,NULL,NULL,NULL,NULL,NULL,NULL
s8767,Action & Adventure, Sports Movies,NULL,NULL,NULL,NULL,NULL,NULL
s8768,Action & Adventure,NULL,NULL,NULL,NULL,NULL,NULL,NULL
s8769,Dramas, Independent Movies, International Movies,NULL,NULL,NULL,NULL,NULL
s8770,Dramas, Independent Movies, International Movies,NULL,NULL,NULL,NULL,NULL
s8771,Dramas, International Movies, Romantic Movies,NULL,NULL,NULL,NULL,NULL
s8772,Dramas, International Movies, Music & Musicals,NULL,NULL,NULL,NULL,NULL
s8773,Action & Adventure, Comedies, International Movies,NULL,NULL,NULL,NULL,NULL
s8774,Comedies, Dramas, International Movies,NULL,NULL,NULL,NULL,NULL
s8775,Dramas, Independent Movies, International Movies,NULL,NULL,NULL,NULL,NULL
s8776,International TV Shows, TV Comedies,NULL,NULL,NULL,NULL,NULL,NULL
s8777,Children & Family Movies, Comedies,NULL,NULL,NULL,NULL,NULL,NULL
s8778,International Movies, LGBTQ Movies, Romantic Movies,NULL,NULL,NULL,NULL,NULL
s8779,International Movies, LGBTQ Movies, Romantic Movies,NULL,NULL,NULL,NULL,NULL
s8780,International Movies, LGBTQ Movies, Romantic Movies,NULL,NULL,NULL,NULL,NULL
s8781,Anime Series, Kids' TV,NULL,NULL,NULL,NULL,NULL,NULL
s8782,Anime Features, Children & Family Movies,NULL,NULL,NULL,NULL,NULL,NULL
s8783,Comedies, Horror Movies, Independent Movies,NULL,NULL,NULL,NULL,NULL
s8784,Kids' TV,NULL,NULL,NULL,NULL,NULL,NULL,NULL
s8785,Children & Family Movies,NULL,NULL,NULL,NULL,NULL,NULL,NULL
s8786,Kids' TV,NULL,NULL,NULL,NULL,NULL,NULL,NULL
s8787,Children & Family Movies,NULL,NULL,NULL,NULL,NULL,NULL,NULL
s8788,Comedies, Romantic Movies,NULL,NULL,NULL,NULL,NULL,NULL
s8789,Dramas, International Movies,NULL,NULL,NULL,NULL,NULL,NULL
s8790,Comedies, Dramas, International Movies,NULL,NULL,NULL,NULL,NULL
s8791,Action & Adventure, Comedies,NULL,NULL,NULL,NULL,NULL,NULL
s8792,Comedies, Dramas, Independent Movies,NULL,NULL,NULL,NULL,NULL
s8793,Action & Adventure, International Movies,NULL,NULL,NULL,NULL,NULL,NULL
s8794,Children & Family Movies, Comedies,NULL,NULL,NULL,NULL,NULL,NULL
s8795,Dramas, Independent Movies, International Movies,NULL,NULL,NULL,NULL,NULL
s8796,Anime Series, Kids' TV,NULL,NULL,NULL,NULL,NULL,NULL
s8797,International TV Shows, TV Dramas,NULL,NULL,NULL,NULL,NULL,NULL
s8798,Kids' TV,NULL,NULL,NULL,NULL,NULL,NULL,NULL
s8799,Comedies, Dramas, International Movies,NULL,NULL,NULL,NULL,NULL
s8800,Dramas, International Movies,NULL,NULL,NULL,NULL,NULL,NULL
s8801,International TV Shows, Romantic TV Shows, TV Dramas,NULL,NULL,NULL,NULL,NULL
s8802,Dramas, International Movies, Thrillers,NULL,NULL,NULL,NULL,NULL
s8803,Cult Movies, Dramas, Thrillers,NULL,NULL,NULL,NULL,NULL
s8804,Kids' TV, Korean TV Shows, TV Comedies,NULL,NULL,NULL,NULL,NULL
s8805,Comedies, Horror Movies,NULL,NULL,NULL,NULL,NULL,NULL
s8806,Children & Family Movies, Comedies,NULL,NULL,NULL,NULL,NULL,NULL
s8807,Dramas, International Movies, Music & Musicals,NULL,NULL,NULL,NULL,NULL
